USER,Link,Editor,COMPARE_KLHK_1990,COMPARE_UMD_2001,OMISSION or COMMISSION,NEW EDITS,DISAGREEMENT NOTES,ISLAND,ID,1990 land cover,X1990_CONF,Final land use KLHK,FINAL_LU_UMD,CONF_FINAL,Change 1 year,Change 1 previous cloud free year,Change 1 type,Change 1 confidence,Change 2 year,Change 2 previous cloud free year,Change 2 type,Change 2 confidence,Change 3 year,Change 3 previous cloud free year,Change 3 type,Change 3 confidence,Change 4 year,Change 4 previous cloud free year,Change 4 type,Change 4 confidence,Change 5 year,Change 5 previous cloud free,Change 5 type,Change 5 confidence,Change 6 year,Change 6 previous cloud free,Change 6 type,Change 6 confidence,SPOT,HIGHRES_GE,FY_CF,CHANGE_EVENT,CHANGE_E_CONF,AGREE_DISAGREE,D_EDITS,X1990_NOTES,CLASS_NOTES,CH1_NOTES,CH2_NOTES,CH3_NOTES,CH4_NOTES,CH5_NOTES,CH6_NOTES,NOTES_FINAL
Rizky checked,file:///E:/Indonesia_samples/pages_new/Irian_Jaya_sample729.html,Rizky checked,OMISSION,AGREE_FOR,YES,No edits needed,Seasonal Wetland,Irian Jaya,729,Primary intact,High,Hutan Primer,PIN,High,NA,NA,,,NA,NA,,,NA,NA,,,NA,NA,NA,NA,NA,NA,NA,NA,NA,NA,NA,NA,Yes,none,1990,No,High,Agree,NA,Sample complete!,,,,NA,NA,NA,NA,
Rizky checked,file:///E:/Indonesia_samples/pages_new/Irian_Jaya_sample743.html,Rizky checked,AGREE_FOR,OMISSION,YES,No edits needed,Seasonal Wetland,Irian Jaya,743,Primary degraded,High,Hutan Sekunder,DEG,High,NA,NA,,,NA,NA,,,NA,NA,,,NA,NA,NA,NA,NA,NA,NA,NA,NA,NA,NA,NA,Yes,2013,1990,No,High,Disagree - major,NA,Sample complete!,"1990 belukar rawa, kemudian terjadi perubahan menjadi belukar rawa/savana/lahan terbuka secara bergantian",,,NA,NA,NA,NA,
Rizky checked,file:///E:/Indonesia_samples/pages_new/Irian_Jaya_sample751.html,Rizky checked,AGREE_FOR,OMISSION,YES,No edits needed,Seasonal Wetland,Irian Jaya,751,Primary degraded,Low,Hutan Sekunder,DEG,Low,NA,NA,,,NA,NA,,,NA,NA,,,NA,NA,NA,NA,NA,NA,NA,NA,NA,NA,NA,NA,Yes,2006,1990,No,High,Disagree - major,NA,Sample complete!,,,,NA,NA,NA,NA,
Rizky checked,file:///E:/Indonesia_samples/pages_new/Irian_Jaya_sample754.html,Rizky checked,OMISSION,AGREE_NON,YES,No edits needed,,Irian Jaya,754,Primary degraded,High,Perkebunan,CLEAR_PE,High,1997,1995,Degraded - Selective Logging,High,1999,1997,Degraded - Nearby clearing,High,2000,1997,Cleared - Palm estates,High,NA,NA,NA,NA,NA,NA,NA,NA,NA,NA,NA,NA,Yes,none,1995,Yes,High,Disagree - major,NA,No available data during 1990-1994,Sawit,,,NA,NA,NA,NA,
Rizky checked,file:///E:/Indonesia_samples/pages_new/Irian_Jaya_sample756.html,Rizky checked,AGREE_FOR,OMISSION,YES,No edits needed,Seasonal Wetland,Irian Jaya,756,Primary intact,High,Hutan Rawa Sekunder,DEG_FI,High,1999,1990,Degraded - Fire,High,NA,NA,,,NA,NA,,,NA,NA,NA,NA,NA,NA,NA,NA,NA,NA,NA,NA,Yes,none,1990,No,High,Disagree - minor,NA,Sample complete!,,,,NA,NA,NA,NA,
Rizky checked,file:///E:/Indonesia_samples/pages_new/Irian_Jaya_sample766.html,Rizky checked,COMMISSION,AGREE_NON,YES,No edits needed,,Irian Jaya,766,Non Forest,High,Rawa,NON,High,NA,NA,,,NA,NA,,,NA,NA,,,NA,NA,NA,NA,NA,NA,NA,NA,NA,NA,NA,NA,Yes,none,1990,No,High,Disagree - minor,NA,Sample complete!,,,,NA,NA,NA,NA,
Rizky checked,file:///E:/Indonesia_samples/pages_new/Irian_Jaya_sample772.html,Rizky checked,COMMISSION,AGREE_NON,YES,No edits needed,,Irian Jaya,772,Non Forest,High,Hutan Sekunder,NON,High,NA,NA,,,NA,NA,,,NA,NA,,,NA,NA,NA,NA,NA,NA,NA,NA,NA,NA,NA,NA,Yes,none,1990,No,High,Disagree - minor,NA,Sample complete!,"sungai menjadi daratan, terjadi perubahan aliran sungai",,,NA,NA,NA,NA,"Changing on the river stream, the river eroded and becomes land"
Rizky checked,file:///E:/Indonesia_samples/pages_new/Irian_Jaya_sample773.html,Rizky checked,AGREE_FOR,OMISSION,YES,No edits needed,,Irian Jaya,773,Primary intact,High,Hutan Rawa Primer,PIN,High,NA,NA,,,NA,NA,,,NA,NA,,,NA,NA,NA,NA,NA,NA,NA,NA,NA,NA,NA,NA,Yes,none,1995,No,High,Disagree - minor,NA,Sample complete!,,,,NA,NA,NA,NA,
Rizky checked,file:///E:/Indonesia_samples/pages_new/Irian_Jaya_sample782.html,Rizky checked,COMMISSION,AGREE_NON,YES,No edits needed,,Irian Jaya,782,Non Forest,High,Belukar Rawa,NON,High,NA,NA,,,NA,NA,,,NA,NA,,,NA,NA,NA,NA,NA,NA,NA,NA,NA,NA,NA,NA,Yes,none,1991,No,High,Agree,NA,Sample complete!,,,,NA,NA,NA,NA,
Rizky checked,file:///E:/Indonesia_samples/pages_new/Irian_Jaya_sample788.html,Rizky checked,OMISSION,AGREE_FOR,YES,No edits needed,,Irian Jaya,788,Primary intact,High,Hutan Mangrove,PIN,High,NA,NA,,,NA,NA,,,NA,NA,,,NA,NA,NA,NA,NA,NA,NA,NA,NA,NA,NA,NA,Yes,none,1992,No,High,Disagree - minor,NA,Sample complete!,,,,NA,NA,NA,NA,
Rizky checked,file:///E:/Indonesia_samples/pages_new/Irian_Jaya_sample789.html,Rizky checked,AGREE_FOR,OMISSION,YES,No edits needed,,Irian Jaya,789,Primary intact,High,Hutan Rawa Primer,PIN,High,NA,NA,,,NA,NA,,,NA,NA,,,NA,NA,NA,NA,NA,NA,NA,NA,NA,NA,NA,NA,Yes,2009,1992,No,High,Disagree - minor,NA,Sample complete!,,,,NA,NA,NA,NA,
Rizky checked,file:///E:/Indonesia_samples/pages_new/Irian_Jaya_sample790.html,Rizky checked,AGREE_FOR,OMISSION,YES,No edits needed,Seasonal Wetland,Irian Jaya,790,Primary intact,High,Hutan Rawa Primer,PIN,High,NA,NA,,,NA,NA,,,NA,NA,,,NA,NA,NA,NA,NA,NA,NA,NA,NA,NA,NA,NA,Yes,2003,1990,No,High,Agree,NA,Sample complete!,,,,NA,NA,NA,NA,
Rizky checked,file:///E:/Indonesia_samples/pages_new/Irian_Jaya_sample796.html,Rizky checked,AGREE_FOR,OMISSION,YES,No edits needed,,Irian Jaya,796,Primary intact,High,Hutan Rawa Primer,PIN,High,NA,NA,,,NA,NA,,,NA,NA,,,NA,NA,NA,NA,NA,NA,NA,NA,NA,NA,NA,NA,Yes,none,1990,No,High,Disagree - minor,NA,Sample complete!,,,,NA,NA,NA,NA,
Rizky checked,file:///E:/Indonesia_samples/pages_new/Irian_Jaya_sample815.html,Rizky checked,AGREE_FOR,OMISSION,YES,No edits needed,Seasonal Wetland,Irian Jaya,815,Primary degraded,High,Hutan Rawa Sekunder,DEG,High,NA,NA,,,NA,NA,,,NA,NA,,,NA,NA,NA,NA,NA,NA,NA,NA,NA,NA,NA,NA,Yes,2013,1990,No,High,Disagree - major,NA,Sample complete!,,,,NA,NA,NA,NA,
Rizky checked,file:///E:/Indonesia_samples/pages_new/Irian_Jaya_sample827.html,Rizky checked,COMMISSION,AGREE_NON,YES,No edits needed,,Irian Jaya,827,Non Forest,High,Belukar,NON,High,NA,NA,,,NA,NA,,,NA,NA,,,NA,NA,NA,NA,NA,NA,NA,NA,NA,NA,NA,NA,Yes,2009,1997,No,High,Agree,NA,Sample complete!,,,,NA,NA,NA,NA,
Rizky checked,file:///E:/Indonesia_samples/pages_new/Irian_Jaya_sample837.html,Rizky checked,COMMISSION,AGREE_NON,YES,Edited entry,Mountain forest. Pretty clear through GE,Irian Jaya,837,Primary intact,High,Hutan Primer,NON,High,NA,NA,,,NA,NA,,,NA,NA,,,NA,NA,NA,NA,NA,NA,NA,NA,NA,NA,NA,NA,Yes,none,1992,No,High,Disagree - major,NA,Sample complete!,,,,NA,NA,NA,NA,
Rizky checked,file:///E:/Indonesia_samples/pages_new/Irian_Jaya_sample845.html,Rizky checked,COMMISSION,AGREE_NON,YES,No edits needed,,Irian Jaya,845,Non Forest,High,Pertanian Lahan Kering Campur Semak,NON,High,NA,NA,,,NA,NA,,,NA,NA,,,NA,NA,NA,NA,NA,NA,NA,NA,NA,NA,NA,NA,Yes,2013,1994,No,High,Disagree - major,NA,Sample complete!,,,,NA,NA,NA,NA,
Rizky checked,file:///E:/Indonesia_samples/pages_new/Irian_Jaya_sample846.html,Rizky checked,AGREE_FOR,OMISSION,YES,Edited entry,Regrowth of swamp pasture,Irian Jaya,846,Non Forest,Low,Belukar Rawa,DEG,High,NA,NA,,,NA,NA,,,NA,NA,,,NA,NA,NA,NA,NA,NA,NA,NA,NA,NA,NA,NA,Yes,2012,2001,No,High,Disagree - major,NA,Sample complete!,,,,NA,NA,NA,NA,
Rizky checked,file:///E:/Indonesia_samples/pages_new/Irian_Jaya_sample853.html,Rizky checked,AGREE_NON,COMMISSION,YES,No edits needed,,Irian Jaya,853,Non Forest,Low,Belukar Rawa,NON,High,NA,NA,,,NA,NA,,,NA,NA,,,NA,NA,NA,NA,NA,NA,NA,NA,NA,NA,NA,NA,Yes,2012,1995,No,High,Agree,NA,Sample complete!,,,,NA,NA,NA,NA,
Rizky checked,file:///E:/Indonesia_samples/pages_new/Irian_Jaya_sample855.html,Rizky checked,COMMISSION,AGREE_NON,YES,Edited entry,More than half pixel is within mountainous forest,Irian Jaya,855,Primary intact,High,Hutan Primer,NON,High,NA,NA,,,NA,NA,,,NA,NA,,,NA,NA,NA,NA,NA,NA,NA,NA,NA,NA,NA,NA,Yes,none,1991,No,High,Agree,NA,Sample complete!,,,,NA,NA,NA,NA,
Rizky checked,file:///E:/Indonesia_samples/pages_new/Irian_Jaya_sample866.html,Rizky checked,COMMISSION,COMMISSION,YES,Edited entry,,Irian Jaya,866,Primary intact,Low,Hutan Sekunder,NON,Low,NA,NA,,,NA,NA,,,NA,NA,,,NA,NA,NA,NA,NA,NA,NA,NA,NA,NA,NA,NA,Yes,none,1997,Yes,High,Disagree - major,NA,"Evidenced by Google Earth, in 1990 there was a completely road",,,,NA,NA,NA,NA,"Forest regrowth. In 1990, it was a road and there's naturally regrowth until 2016"
Rizky checked,file:///E:/Indonesia_samples/pages_new/Irian_Jaya_sample887.html,Rizky checked,COMMISSION,AGREE_NON,YES,No edits needed,,Irian Jaya,887,Non Forest,High,Rawa,NON,High,NA,NA,,,NA,NA,,,NA,NA,,,NA,NA,NA,NA,NA,NA,NA,NA,NA,NA,NA,NA,Yes,2002,1990,No,High,Agree,NA,Sample complete!,,,,NA,NA,NA,NA,
Rizky checked,file:///E:/Indonesia_samples/pages_new/Irian_Jaya_sample890.html,Rizky checked,COMMISSION,AGREE_NON,YES,No edits needed,,Irian Jaya,890,Non Forest,High,Belukar,NON,High,NA,NA,,,NA,NA,,,NA,NA,,,NA,NA,NA,NA,NA,NA,NA,NA,NA,NA,NA,NA,Yes,2002,1990,No,High,Agree,NA,Sample complete!,,,,NA,NA,NA,NA,
Rizky checked,file:///E:/Indonesia_samples/pages_new/Irian_Jaya_sample891.html,Rizky checked,COMMISSION,AGREE_NON,YES,No edits needed,,Irian Jaya,891,Non Forest,High,Belukar,NON,High,NA,NA,,,NA,NA,,,NA,NA,,,NA,NA,NA,NA,NA,NA,NA,NA,NA,NA,NA,NA,Yes,2010,1994,No,High,Disagree - minor,NA,Sample complete!,,,,NA,NA,NA,NA,
Rizky checked,file:///E:/Indonesia_samples/pages_new/Irian_Jaya_sample893.html,Rizky checked,AGREE_NON,COMMISSION,YES,No edits needed,,Irian Jaya,893,Non Forest,High,Belukar,NON,High,NA,NA,,,NA,NA,,,NA,NA,,,NA,NA,NA,NA,NA,NA,NA,NA,NA,NA,NA,NA,Yes,2013,1994,No,High,Disagree - minor,NA,Sample complete!,,,,NA,NA,NA,NA,
Rizky checked,file:///E:/Indonesia_samples/pages_new/Irian_Jaya_sample894.html,Rizky checked,OMISSION,AGREE_FOR,YES,Edited entry,,Irian Jaya,894,Non Forest,High,Pertanian Lahan Kering Campur Semak,CLEAR_SH,High,NA,NA,,,NA,NA,,,NA,NA,,,NA,NA,NA,NA,NA,NA,NA,NA,NA,NA,NA,NA,Yes,2013,1990,Yes,High,Disagree - major,NA,,,,,NA,NA,NA,NA,
Rizky checked,file:///E:/Indonesia_samples/pages_new/Irian_Jaya_sample897.html,Rizky checked,AGREE_NON,COMMISSION,YES,No edits needed,,Irian Jaya,897,Non Forest,High,Belukar Rawa,NON,High,NA,NA,,,NA,NA,,,NA,NA,,,NA,NA,NA,NA,NA,NA,NA,NA,NA,NA,NA,NA,Yes,none,1990,No,High,Disagree - minor,NA,Sample complete!,,,,NA,NA,NA,NA,
Rizky checked,file:///E:/Indonesia_samples/pages_new/Irian_Jaya_sample914.html,Rizky checked,AGREE_NON,COMMISSION,YES,No edits needed,,Irian Jaya,914,Non Forest,High,Belukar Rawa,NON,High,NA,NA,,,NA,NA,,,NA,NA,,,NA,NA,NA,NA,NA,NA,NA,NA,NA,NA,NA,NA,Yes,none,1994,No,High,Agree,NA,Sample complete!,,,,NA,NA,NA,NA,
Rizky checked,file:///E:/Indonesia_samples/pages_new/Irian_Jaya_sample923.html,Rizky checked,AGREE_FOR,OMISSION,YES,Edited entry,changed from Hutan Sekunder to Hutan Rawa Sekunder,Irian Jaya,923,Primary degraded,High,Hutan Rawa Sekunder,DEG_NE,High,2003,2002,Degraded - Nearby clearing,High,2014,2012,Degraded - Nearby clearing,High,NA,NA,,,NA,NA,NA,NA,NA,NA,NA,NA,NA,NA,NA,NA,Yes,none,1990,Yes,High,Disagree - minor,NA,,,,,NA,NA,NA,NA,
Rizky checked,file:///E:/Indonesia_samples/pages_new/Irian_Jaya_sample930.html,Rizky checked,AGREE_NON,COMMISSION,YES,No edits needed,,Irian Jaya,930,Non Forest,High,Belukar Rawa,NON,High,NA,NA,,,NA,NA,,,NA,NA,,,NA,NA,NA,NA,NA,NA,NA,NA,NA,NA,NA,NA,Yes,2011,1990,No,High,Agree,NA,Sample complete!,,,,NA,NA,NA,NA,
Rizky checked,file:///E:/Indonesia_samples/pages_new/Irian_Jaya_sample931.html,Rizky checked,AGREE_FOR,OMISSION,YES,No edits needed,,Irian Jaya,931,Primary degraded,High,Hutan Sekunder,DEG_NE,High,2000,1999,Degraded - Nearby clearing,High,2011,2010,Degraded - Nearby clearing,High,2014,2013,Degraded - Nearby clearing,High,NA,NA,NA,NA,NA,NA,NA,NA,NA,NA,NA,NA,Yes,2014,1990,Yes,High,Disagree - major,NA,,,,,NA,NA,NA,NA,
Rizky checked,file:///E:/Indonesia_samples/pages_new/Irian_Jaya_sample933.html,Rizky checked,AGREE_FOR,OMISSION,YES,No edits needed,,Irian Jaya,933,Primary degraded,High,Lahan Terbuka,CLEAR_FI,High,1993,1992,Degraded - Nearby clearing,High,2016,2015,Cleared - Fire,High,NA,NA,,,NA,NA,NA,NA,NA,NA,NA,NA,NA,NA,NA,NA,Yes,none,1990,No,High,Disagree - major,NA,Sample complete!,,,,NA,NA,NA,NA,
Rizky checked,file:///E:/Indonesia_samples/pages_new/Irian_Jaya_sample934.html,Rizky checked,AGREE_FOR,OMISSION,YES,No edits needed,Seasonal Wetland,Irian Jaya,934,Primary intact,High,Hutan Rawa Primer,PIN,High,NA,NA,,,NA,NA,,,NA,NA,,,NA,NA,NA,NA,NA,NA,NA,NA,NA,NA,NA,NA,Yes,none,1996,No,High,Agree,NA,Sample complete!,,,,NA,NA,NA,NA,
Rizky checked,file:///E:/Indonesia_samples/pages_new/Irian_Jaya_sample936.html,Rizky checked,COMMISSION,AGREE_NON,YES,No edits needed,,Irian Jaya,936,Non Forest,Low,Belukar,NON,Low,NA,NA,,,NA,NA,,,NA,NA,,,NA,NA,NA,NA,NA,NA,NA,NA,NA,NA,NA,NA,Yes,none,1997,No,High,Disagree - major,NA,Sample complete!,,,,NA,NA,NA,NA,
Rizky checked,file:///E:/Indonesia_samples/pages_new/Irian_Jaya_sample939.html,Rizky checked,OMISSION,OMISSION,YES,Edited entry,changing from forest degradation to non forest,Irian Jaya,939,Non Forest,Low,Savana,CLEAR_FI,High,,,,,,,,,NA,NA,,,NA,NA,NA,NA,NA,NA,NA,NA,NA,NA,NA,NA,Yes,2010,2001,No,High,Disagree - major,NA,Sample complete!,,,,NA,NA,NA,NA,
Rizky checked,file:///E:/Indonesia_samples/pages_new/Irian_Jaya_sample952.html,Rizky checked,AGREE_FOR,OMISSION,YES,No edits needed,,Irian Jaya,952,Primary intact,High,Hutan Sekunder,DEG_NE,High,1998,1997,Degraded - Nearby clearing,High,2013,2012,Degraded - Nearby clearing,High,NA,NA,,,NA,NA,NA,NA,NA,NA,NA,NA,NA,NA,NA,NA,Yes,none,1990,Yes,High,Disagree - minor,NA,,,,,NA,NA,NA,NA,
Rizky checked,file:///E:/Indonesia_samples/pages_new/Irian_Jaya_sample957.html,Rizky checked,AGREE_FOR,OMISSION,YES,No edits needed,,Irian Jaya,957,Primary intact,High,Hutan Sekunder,DEG_NE,High,1999,1996,Degraded - Nearby clearing,High,NA,NA,,,NA,NA,,,NA,NA,NA,NA,NA,NA,NA,NA,NA,NA,NA,NA,Yes,none,1993,No,High,Disagree - major,NA,Sample complete!,,,,NA,NA,NA,NA,
Rizky checked,file:///E:/Indonesia_samples/pages_new/Irian_Jaya_sample967.html,Rizky checked,OMISSION,OMISSION,YES,Edited entry,changing from forest degradation to non forest,Irian Jaya,967,Non Forest,High,Belukar Rawa,CLEAR_FI,High,,,,,,,,,,,,,NA,NA,NA,NA,NA,NA,NA,NA,NA,NA,NA,NA,Yes,none,1990,No,High,Disagree - minor,NA,Sample complete!,,,,NA,NA,NA,NA,
Rizky checked,file:///E:/Indonesia_samples/pages_new/Jawa_sample2831.html,Rizky checked,COMMISSION,AGREE_NON,YES,No edits needed,,Jawa,2831,Non Forest,High,Hutan Tanaman,NON,High,NA,NA,,,NA,NA,,,NA,NA,,,NA,NA,NA,NA,NA,NA,NA,NA,NA,NA,NA,NA,Yes,2014,1994,No,High,Agree,NA,No available data during 1990-1992,Jati,,,NA,NA,NA,NA,
Rizky checked,file:///E:/Indonesia_samples/pages_new/Jawa_sample2836.html,Rizky checked,OMISSION,AGREE_NON,YES,No edits needed,,Jawa,2836,Non Forest,Low,Belukar,CLEAR_AB,High,,,,,,,,,,,,,NA,NA,NA,NA,NA,NA,NA,NA,NA,NA,NA,NA,Yes,2006,1990,Yes,High,Disagree - minor,NA,,,,,NA,NA,NA,NA,
Rizky checked,file:///E:/Indonesia_samples/pages_new/Jawa_sample2840.html,Rizky checked,COMMISSION,AGREE_NON,YES,No edits needed,,Jawa,2840,Non Forest,High,Pertanian Lahan Kering Campur Semak,NON,High,NA,NA,,,NA,NA,,,NA,NA,,,NA,NA,NA,NA,NA,NA,NA,NA,NA,NA,NA,NA,No,2009,2005,No,High,Disagree - minor,NA,No available data during 1990-2004,,,,NA,NA,NA,NA,
Rizky checked,file:///E:/Indonesia_samples/pages_new/Jawa_sample2864.html,Rizky checked,AGREE_FOR,OMISSION,YES,No edits needed,,Jawa,2864,Primary degraded,High,Hutan Sekunder,DEG_NE,High,2006,2005,Degraded - Nearby clearing,High,NA,NA,,,NA,NA,,,NA,NA,NA,NA,NA,NA,NA,NA,NA,NA,NA,NA,Yes,2003,1990,No,High,Disagree - minor,NA,Sample complete!,,,,NA,NA,NA,NA,
Rizky checked,file:///E:/Indonesia_samples/pages_new/Kalimantan_sample4153.html,Rizky checked,OMISSION,OMISSION,YES,Edited entry,changing from forest degradation to non forest,Kalimantan,4153,Non Forest,High,Pertanian Lahan Kering Campur Semak,CLEAR_AB,High,,,,,,,,,NA,NA,,,NA,NA,,,NA,NA,,,NA,NA,,,Yes,2012,1990,Yes,Low,Disagree - major,,Sample complete!,,,,,NA,NA,NA,The pixel is surrounded by palm smallholder
Rizky checked,file:///E:/Indonesia_samples/pages_new/Kalimantan_sample4159.html,Rizky checked,OMISSION,AGREE_NON,YES,Edited entry,,Kalimantan,4159,Non Forest,Low,Pertanian Lahan Kering Campur Semak,CLEAR_SH,High,,,,,,,,,NA,NA,,,NA,NA,,,NA,NA,,,NA,NA,,,yes,none,1991,Yes,high,Disagree - major,Diana edited,Sample complete!,,,,,NA,NA,NA,
Rizky checked,file:///E:/Indonesia_samples/pages_new/Kalimantan_sample4163.html,Rizky checked,COMMISSION,AGREE_NON,YES,No edits needed,,Kalimantan,4163,Non Forest,high,Belukar,NON,High,NA,NA,,,NA,NA,,,NA,NA,,,NA,NA,,,NA,NA,,,NA,NA,,,yes,none,1990,no,high,Disagree - major,,Pixel is right on the road in the middle of forest,,,,,NA,NA,NA,
Rizky checked,file:///E:/Indonesia_samples/pages_new/Kalimantan_sample4174.html,Rizky checked,AGREE_FOR,OMISSION,YES,No edits needed,,Kalimantan,4174,Primary intact,low,Hutan Sekunder,CLEAR_SH,High,2016,2015,Cleared - Small-holder land use,High,NA,NA,,,NA,NA,,,NA,NA,,,NA,NA,,,NA,NA,,,yes,none,1990,Yes,high,Disagree - major,,Sample complete!,,,,,NA,NA,NA,forest regrowth
Rizky checked,file:///E:/Indonesia_samples/pages_new/Kalimantan_sample4177.html,Rizky checked,OMISSION,AGREE_NON,YES,Edited entry,changing from forest degradation to non forest,Kalimantan,4177,Non Forest,high,Pertanian Lahan Kering Campur Semak,CLEAR_SH,High,,,,,,,,,NA,NA,,,NA,NA,,,NA,NA,,,NA,NA,,,yes,2014,1990,Yes,high,Disagree - major,Diana edited,,,,,,NA,NA,NA,
Rizky checked,file:///E:/Indonesia_samples/pages_new/Kalimantan_sample4181.html,Rizky checked,OMISSION,AGREE_NON,YES,No edits needed,,Kalimantan,4181,Primary intact,high,Belukar Rawa,CLEAR_AB,High,1998,1997,Cleared - Fire,high,2007,2006,Cleared - Abandoned/transitional,high,2010,2009,Cleared - Abandoned/transitional,Low,NA,NA,,,NA,NA,,,NA,NA,,,Yes,none,1990,yes,high,Disagree - minor,,Sample complete!,,,,,NA,NA,NA,
Rizky checked,file:///E:/Indonesia_samples/pages_new/Kalimantan_sample4182.html,Rizky checked,OMISSION,AGREE_NON,YES,No edits needed,,Kalimantan,4182,Primary degraded,high,Tambak,CLEAR_OT,High,1997,1996,Cleared - Other,High,NA,NA,,,NA,NA,,,NA,NA,,,NA,NA,,,NA,NA,,,Yes,none,1990,Yes,high,Disagree - major,,,,fish pond,,,NA,NA,NA,
Rizky checked,file:///E:/Indonesia_samples/pages_new/Kalimantan_sample4185.html,Rizky checked,COMMISSION,COMMISSION,YES,No edits needed,,Kalimantan,4185,Non Forest,high,Hutan Tanaman,NON,High,NA,NA,,,NA,NA,,,NA,NA,,,NA,NA,,,NA,NA,,,NA,NA,,,Yes,none,1994,no,high,Disagree - major,,no free cloud image during 1990-1993,,,,,NA,NA,NA,
Rizky checked,file:///E:/Indonesia_samples/pages_new/Kalimantan_sample4186.html,Rizky checked,OMISSION,AGREE_NON,YES,No edits needed,,Kalimantan,4186,Primary degraded,Low,Perkebunan,CLEAR_PE,High,1994,1993,Degraded - Nearby clearing,High,1996,1994,Cleared - Palm estates,High,NA,NA,,,NA,NA,,,NA,NA,,,NA,NA,,,Yes,none,1992,No,high,Disagree - major,,no free cloud image during 1990-1991,Sawit,,Land clearing might be happened in 1995,,NA,NA,NA,
Rizky checked,file:///E:/Indonesia_samples/pages_new/Kalimantan_sample4189.html,Rizky checked,OMISSION,OMISSION,YES,Edited entry,changing from forest degradation to non forest,Kalimantan,4189,Non Forest,high,Hutan Tanaman,DEG_NE,High,,,,,,,,,,,,,NA,NA,,,NA,NA,,,NA,NA,,,Yes,2009,1990,yes,high,Disagree - major,,,,,,,NA,NA,NA,
Rizky checked,file:///E:/Indonesia_samples/pages_new/Kalimantan_sample4193.html,Rizky checked,OMISSION,OMISSION,YES,Edited entry,changing from forest degradation to non forest,Kalimantan,4193,Non Forest,Low,Hutan Tanaman,DEG_NE,High,,,,,,,,,NA,NA,,,NA,NA,,,NA,NA,,,NA,NA,,,Yes,2015,1990,Yes,high,Disagree - major,,,,,,,NA,NA,NA,
Rizky checked,file:///E:/Indonesia_samples/pages_new/Kalimantan_sample4194.html,Rizky checked,AGREE_FOR,OMISSION,YES,No edits needed,,Kalimantan,4194,Primary intact,high,Hutan Sekunder,DEG_NE,High,2001,2000,Degraded - Nearby clearing,high,NA,NA,,,NA,NA,,,NA,NA,,,NA,NA,,,NA,NA,,,Yes,none,1990,yes,high,Disagree - major,,,,Clearing is right on the boundary of the pixel,,,NA,NA,NA,
Rizky checked,file:///E:/Indonesia_samples/pages_new/Kalimantan_sample4197.html,Rizky checked,OMISSION,OMISSION,YES,No edits needed,,Kalimantan,4197,Primary intact,high,Pertanian Lahan Kering Campur Semak,CLEAR_SH,High,2003,2002,Degraded - Nearby clearing,High,2006,2005,Cleared - Small-holder land use,High,NA,NA,,,NA,NA,,,NA,NA,,,NA,NA,,,Yes,2013,1991,yes,high,Disagree - minor,,,,,,,NA,NA,NA,
Rizky checked,file:///E:/Indonesia_samples/pages_new/Kalimantan_sample4199.html,Rizky checked,COMMISSION,AGREE_NON,YES,No edits needed,,Kalimantan,4199,Non Forest,high,Belukar Rawa,NON,High,NA,NA,,,NA,NA,,,NA,NA,,,NA,NA,,,NA,NA,,,NA,NA,,,Yes,2010,1994,no,high,Agree,,no free cloud image during 1990-1993,,swamp,,,NA,NA,NA,
Rizky checked,file:///E:/Indonesia_samples/pages_new/Kalimantan_sample4208.html,Rizky checked,OMISSION,AGREE_NON,YES,No edits needed,,Kalimantan,4208,Primary degraded,high,Lahan Terbuka,CLEAR_PE,High,1994,1992,Cleared - Other,Low,2008,2007,Cleared - Palm estates,Low,NA,NA,,,NA,NA,,,NA,NA,,,NA,NA,,,Yes,none,1990,Yes,high,Disagree - major,,,,,,,NA,NA,NA,
Rizky checked,file:///E:/Indonesia_samples/pages_new/Kalimantan_sample4210.html,Rizky checked,OMISSION,AGREE_NON,YES,No edits needed,,Kalimantan,4210,Primary intact,low,Perkebunan,CLEAR_PE,High,1999,1996,Cleared - Fire,High,2006,2005,Cleared - Palm estates,High,NA,NA,,,NA,NA,,,NA,NA,,,NA,NA,,,Yes,2016,1995,Yes,high,Agree,,,Sawit,,,,NA,NA,NA,
Rizky checked,file:///E:/Indonesia_samples/pages_new/Kalimantan_sample4212.html,Rizky checked,COMMISSION,AGREE_NON,YES,No edits needed,,Kalimantan,4212,Non Forest,high,Perkebunan,NON,High,NA,NA,,,NA,NA,,,NA,NA,,,NA,NA,,,NA,NA,,,NA,NA,,,Yes,none,1990,No,high,Agree,,,Sawit,,,,NA,NA,NA,
Rizky checked,file:///E:/Indonesia_samples/pages_new/Kalimantan_sample4216.html,Rizky checked,OMISSION,AGREE_FOR,YES,No edits needed,,Kalimantan,4216,Primary intact,high,Hutan Primer,PIN,High,NA,NA,,,NA,NA,,,NA,NA,,,NA,NA,,,NA,NA,,,NA,NA,,,Yes,none,1990,yes,high,Agree,,,,,,,NA,NA,NA,
Rizky checked,file:///E:/Indonesia_samples/pages_new/Kalimantan_sample4222.html,Rizky checked,AGREE_FOR,OMISSION,YES,No edits needed,,Kalimantan,4222,Primary intact,low,Hutan Mangrove Sekunder,DEG_NE,High,1997,1996,Degraded - Nearby clearing,High,NA,NA,,,NA,NA,,,NA,NA,,,NA,NA,,,NA,NA,,,No,2006,1992,No,high,Disagree - major,,,,,,,NA,NA,NA,Surrounded by fish pond
Rizky checked,file:///E:/Indonesia_samples/pages_new/Kalimantan_sample4236.html,Rizky checked,OMISSION,AGREE_NON,YES,Edited entry,,Kalimantan,4236,Non Forest,high,Perkebunan,CLEAR_PE,High,,,,,,,,,,,,,NA,NA,,,NA,NA,,,NA,NA,,,Yes,2011,1990,Yes,high,Disagree - major,,,Sawit,,,,NA,NA,NA,
Rizky checked,file:///E:/Indonesia_samples/pages_new/Kalimantan_sample4240.html,Rizky checked,AGREE_FOR,OMISSION,YES,No edits needed,,Kalimantan,4240,Primary degraded,Low,Lahan Terbuka,CLEAR_OT,High,1998,1997,Degraded - Fire,high,2016,2014,Cleared - Other,Low,NA,NA,,,NA,NA,,,NA,NA,,,NA,NA,,,Yes,none,1997,yes,high,Disagree - major,,no free cloud cover during 1990 - 1996,,,,,NA,NA,NA,
Rizky checked,file:///E:/Indonesia_samples/pages_new/Kalimantan_sample4242.html,Rizky checked,OMISSION,AGREE_NON,YES,Edited entry,,Kalimantan,4242,Non Forest,high,Tambak,CLEAR_OT,High,,,,,,,,,NA,NA,,,NA,NA,,,NA,NA,,,NA,NA,,,Yes,2006,1990,yes,high,Disagree - major,,,,,Fish pond,,NA,NA,NA,
Rizky checked,file:///E:/Indonesia_samples/pages_new/Kalimantan_sample4254.html,Rizky checked,AGREE_FOR,OMISSION,YES,No edits needed,,Kalimantan,4254,Primary degraded,Low,Hutan Sekunder,DEG_FI,High,1998,1997,Degraded - Fire,high,NA,NA,,,NA,NA,,,NA,NA,,,NA,NA,,,NA,NA,,,Yes,2015,1990,yes,high,Disagree - major,,Sample complete!,,,,,NA,NA,NA,
Rizky checked,file:///E:/Indonesia_samples/pages_new/Kalimantan_sample4259.html,Rizky checked,OMISSION,OMISSION,YES,Edited entry,,Kalimantan,4259,Non Forest,high,Lahan Terbuka,CLEAR_PE,High,,,,,,,,,NA,NA,,,NA,NA,,,NA,NA,,,NA,NA,,,Yes,none,1992,yes,high,Disagree - major,,no free cloud cover during 1990-1991,,,,,NA,NA,NA,
Rizky checked,file:///E:/Indonesia_samples/pages_new/Kalimantan_sample4262.html,Rizky checked,OMISSION,COMMISSION,YES,No edits needed,,Kalimantan,4262,Primary degraded,high,Pertanian Lahan Kering Campur Semak,CLEAR_SH,High,2000,1999,Degraded - Nearby clearing,high,2001,2000,Cleared - Small-holder land use,high,2007,2006,Cleared - Small-holder land use,High,NA,NA,,,NA,NA,,,NA,NA,,,Yes,none,1991,yes,high,Disagree - minor,,,,,,,NA,NA,NA,
Rizky checked,file:///E:/Indonesia_samples/pages_new/Kalimantan_sample4266.html,Rizky checked,AGREE_FOR,OMISSION,YES,No edits needed,,Kalimantan,4266,Primary degraded,Low,Belukar,CLEAR_FI,Low,1999,1997,Degraded - Fire,high,2016,2015,Cleared - Fire,Low,NA,NA,,,NA,NA,,,NA,NA,,,NA,NA,,,Yes,2007,1994,yes,high,Disagree - major,,,,,,,NA,NA,NA,
Rizky checked,file:///E:/Indonesia_samples/pages_new/Kalimantan_sample4273.html,Rizky checked,OMISSION,OMISSION,YES,Edited entry,,Kalimantan,4273,Non Forest,high,Belukar,CLEAR_SH,High,,,,,,,,,NA,NA,,,NA,NA,,,NA,NA,,,NA,NA,,,No,2013,1990,yes,high,Disagree - major,,Sample complete!,,,,,NA,NA,NA,
Rizky checked,file:///E:/Indonesia_samples/pages_new/Kalimantan_sample4277.html,Rizky checked,OMISSION,OMISSION,YES,Edited entry,,Kalimantan,4277,Non Forest,Low,Lahan Terbuka,CLEAR_OT,High,,,,,,,,,NA,NA,,,NA,NA,,,NA,NA,,,NA,NA,,,Yes,none,1992,No,high,Disagree - major,,no free cloud cover during 1990-1991,,,,,NA,NA,NA,
Rizky checked,file:///E:/Indonesia_samples/pages_new/Kalimantan_sample4278.html,Rizky checked,OMISSION,OMISSION,YES,No edits needed,,Kalimantan,4278,Primary degraded,high,Belukar,CLEAR_FI,High,1998,1997,Degraded - Fire,high,2007,2006,Cleared - Other,Low,2016,2015,Cleared - Fire,Low,NA,NA,,,NA,NA,,,NA,NA,,,Yes,2012,1990,yes,high,Agree,,,,still regwoth,,,NA,NA,NA,
Rizky checked,file:///E:/Indonesia_samples/pages_new/Kalimantan_sample4286.html,Rizky checked,COMMISSION,AGREE_NON,YES,No edits needed,,Kalimantan,4286,Non Forest,Low,Pertanian Lahan Kering Campur Semak,NON,High,NA,NA,,,NA,NA,,,NA,NA,,,NA,NA,,,NA,NA,,,NA,NA,,,Yes,2006,1994,No,high,Agree,,no free cloud cover during 1990-1993,,,,,NA,NA,NA,
Rizky checked,file:///E:/Indonesia_samples/pages_new/Kalimantan_sample4288.html,Rizky checked,AGREE_FOR,OMISSION,YES,No edits needed,,Kalimantan,4288,Primary degraded,low,Hutan Sekunder,DEG_NE,Low,2004,2003,Degraded - Nearby clearing,High,NA,NA,,,NA,NA,,,NA,NA,,,NA,NA,,,NA,NA,,,Yes,2016,1994,yes,high,Disagree - minor,Diana edited,no free cloud cover during 1990-1993,,,,,NA,NA,NA,
Rizky checked,file:///E:/Indonesia_samples/pages_new/Kalimantan_sample4293.html,Rizky checked,AGREE_FOR,OMISSION,YES,No edits needed,,Kalimantan,4293,Primary intact,high,Tambak,CLEAR_OT,High,1999,1998,Degraded - Natural disturbance,High,2001,2000,Degraded - Nearby clearing,High,2004,2003,Cleared - Other,High,2013,2012,Cleared - Other,High,NA,NA,,,NA,NA,,,Yes,2002,1990,yes,high,Disagree - major,Diana edited,,,,,It might be fish pond,NA,NA,NA,
Rizky checked,file:///E:/Indonesia_samples/pages_new/Kalimantan_sample4294.html,Rizky checked,OMISSION,AGREE_NON,YES,Edited entry,changing from forest degradation to non forest,Kalimantan,4294,Non Forest,high,Perkebunan,CLEAR_SH,High,,,,,NA,NA,,,NA,NA,,,NA,NA,,,NA,NA,,,NA,NA,,,Yes,2009,1990,yes,high,Disagree - major,,,Karet,,,,NA,NA,NA,
Rizky checked,file:///E:/Indonesia_samples/pages_new/Kalimantan_sample4302.html,Rizky checked,COMMISSION,AGREE_NON,YES,No edits needed,,Kalimantan,4302,Non Forest,high,Belukar,NON,High,NA,NA,,,NA,NA,,,NA,NA,,,NA,NA,,,NA,NA,,,NA,NA,,,Yes,2015,1990,No,high,Agree,,,,,,,NA,NA,NA,
Rizky checked,file:///E:/Indonesia_samples/pages_new/Kalimantan_sample4317.html,Rizky checked,OMISSION,COMMISSION,YES,Edited entry,changing from forest degradation to non forest,Kalimantan,4317,Non Forest,high,Lahan Terbuka,CLEAR_OT,High,,,,,,,,,,,,,NA,NA,,,NA,NA,,,NA,NA,,,Yes,2015,1990,yes,high,Disagree - major,,,,,,,NA,NA,NA,
Rizky checked,file:///E:/Indonesia_samples/pages_new/Kalimantan_sample4320.html,Rizky checked,AGREE_FOR,OMISSION,YES,No edits needed,Pixel is in small island. No evidence there is a human artefact through GE,Kalimantan,4320,Primary intact,Low,Hutan Primer,PIN,High,NA,NA,,,NA,NA,,,NA,NA,,,NA,NA,,,NA,NA,,,NA,NA,,,No,2009,1991,yes,High,Agree,,,,almost no data,,,NA,NA,NA,
Rizky checked,file:///E:/Indonesia_samples/pages_new/Kalimantan_sample4322.html,Rizky checked,COMMISSION,AGREE_NON,YES,No edits needed,More than half pixel within road clearing,Kalimantan,4322,Non Forest,high,Perkebunan,NON,High,NA,NA,,,NA,NA,,,NA,NA,,,NA,NA,,,NA,NA,,,NA,NA,,,Yes,2015,1992,No,high,Agree,,no free cloud cover during 1990-1991,Sawit,road,,,NA,NA,NA,
Rizky checked,file:///E:/Indonesia_samples/pages_new/Kalimantan_sample4323.html,Rizky checked,COMMISSION,AGREE_NON,YES,No edits needed,Pixel is in the body of river,Kalimantan,4323,Non Forest,high,Air,NON,High,NA,NA,,,NA,NA,,,NA,NA,,,NA,NA,,,NA,NA,,,NA,NA,,,Yes,2014,1991,no,high,Agree,,,,river,,,NA,NA,NA,
Rizky checked,file:///E:/Indonesia_samples/pages_new/Kalimantan_sample4327.html,Rizky checked,COMMISSION,AGREE_NON,YES,No edits needed,,Kalimantan,4327,Non Forest,high,Pertanian Lahan Kering Campur Semak,NON,High,NA,NA,,,NA,NA,,,NA,NA,,,NA,NA,,,NA,NA,,,NA,NA,,,Yes,2013,1992,No,High,Agree,,,,shifting cultivation,,,NA,NA,NA,
Rizky checked,file:///E:/Indonesia_samples/pages_new/Kalimantan_sample4329.html,Rizky checked,COMMISSION,AGREE_NON,YES,No edits needed,,Kalimantan,4329,Non Forest,high,Pertanian Lahan Kering Campur Semak,NON,High,NA,NA,,,NA,NA,,,NA,NA,,,NA,NA,,,NA,NA,,,NA,NA,,,Yes,2012,1990,no,high,Agree,,,,land cover is agriculture area,,,NA,NA,NA,
Rizky checked,file:///E:/Indonesia_samples/pages_new/Kalimantan_sample4330.html,Rizky checked,OMISSION,OMISSION,YES,Edited entry,"Pixel located within rubber plants, not degraded forest",Kalimantan,4330,Non Forest,high,Perkebunan,CLEAR_PE,High,,,,,NA,NA,,,NA,NA,,,NA,NA,,,NA,NA,,,NA,NA,,,No,none,1990,yes,high,Agree,,,Sawit,prepared for palm,,,NA,NA,NA,
Rizky checked,file:///E:/Indonesia_samples/pages_new/Kalimantan_sample4331.html,Rizky checked,OMISSION,OMISSION,YES,Edited entry,,Kalimantan,4331,Non Forest,high,Lahan Terbuka,CLEAR_PE,High,,,,,,,,,,,,,NA,NA,,,NA,NA,,,NA,NA,,,Yes,none,1994,yes,high,Disagree - minor,Diana edited,Sample complete!,,,,,NA,NA,NA,
Rizky checked,file:///E:/Indonesia_samples/pages_new/Kalimantan_sample4516.html,Rizky checked,AGREE_FOR,OMISSION,YES,Edited entry,Changing intact to degraded. Some disturbances can be seen slightly through GE before 90,Kalimantan,4516,Primary degraded,high,Belukar,CLEAR_OT,High,2016,2015,Cleared - Other,Low,NA,NA,,,NA,NA,,,NA,NA,,,NA,NA,,,NA,NA,,,Yes,none,1995,Yes,high,Disagree - major,,No available data during 1990-1994,,,,,NA,NA,NA,
Rizky checked,file:///E:/Indonesia_samples/pages_new/Kalimantan_sample4526.html,Rizky checked,OMISSION,AGREE_NON,YES,Edited entry,Changing degraded to non forest,Kalimantan,4526,Non Forest,high,Tambak,CLEAR_OT,High,,,,,NA,NA,,,NA,NA,,,NA,NA,,,NA,NA,,,NA,NA,,,Yes,2012,1993,Yes,high,Agree,,No available data during 1990-1992,,fishpondswamp forest,,,NA,NA,NA,
Rizky checked,file:///E:/Indonesia_samples/pages_new/Kalimantan_sample4527.html,Rizky checked,COMMISSION,AGREE_NON,YES,No edits needed,"Pretty clear in 1988-99 there were patches within pixel, not sure why KLHK interpreting as degraded forest",Kalimantan,4527,Non Forest,high,Belukar,NON,High,NA,NA,,,NA,NA,,,NA,NA,,,NA,NA,,,NA,NA,,,NA,NA,,,Yes,2004,1993,no,high,Agree,,Sample complete!,,"no data 1990, platations",,,NA,NA,NA,
Rizky checked,file:///E:/Indonesia_samples/pages_new/Kalimantan_sample4530.html,Rizky checked,COMMISSION,AGREE_NON,YES,Edited entry,More than half pixel located in degraded forest,Kalimantan,4530,Primary degraded,high,Belukar,NON,High,1998,1997,Cleared - Fire,High,2015,2014,Cleared - Fire,High,NA,NA,,,NA,NA,,,NA,NA,,,NA,NA,,,Yes,2011,1990,No,high,Agree,,,,,,,NA,NA,NA,
Rizky checked,file:///E:/Indonesia_samples/pages_new/Kalimantan_sample4533.html,Rizky checked,OMISSION,AGREE_NON,YES,No edits needed,,Kalimantan,4533,Primary intact,high,Perkebunan,CLEAR_PE,High,1994,1990,Cleared - Tree plantations,High,2004,2003,Cleared - Abandoned/transitional,High,2010,2009,Cleared - Palm estates,High,NA,NA,,,NA,NA,,,NA,NA,,,Yes,2002,1990,no,high,Disagree - major,,Sample complete!,Sawit,Seen in the Google Earth in 1992 was changed to tree plantation,,,NA,NA,NA,
Rizky checked,file:///E:/Indonesia_samples/pages_new/Kalimantan_sample4535.html,Rizky checked,AGREE_NON,COMMISSION,YES,Edited entry,Clearly seen on GE the area around pixel still intact in 1990.,Kalimantan,4535,Primary intact,Low,Pertanian Lahan Kering Campur Semak,NON,High,2001,2000,Degraded - Nearby clearing,High,2005,2002,Cleared - Small-holder land use,High,NA,NA,,,NA,NA,,,NA,NA,,,NA,NA,,,Yes,none,1996,No,high,Agree,,No available data during 1990-1995,,,,,NA,NA,NA,
Rizky checked,file:///E:/Indonesia_samples/pages_new/Kalimantan_sample4550.html,Rizky checked,COMMISSION,AGREE_NON,YES,No edits needed,,Kalimantan,4550,Non Forest,high,Lahan Terbuka,NON,High,NA,NA,,,NA,NA,,,NA,NA,,,NA,NA,,,NA,NA,,,NA,NA,,,Yes,2015,1990,No,High,Agree,,Sample complete!,Most likely for HTI or sawit,,,,NA,NA,NA,
Rizky checked,file:///E:/Indonesia_samples/pages_new/Kalimantan_sample4553.html,Rizky checked,AGREE_FOR,OMISSION,YES,No edits needed,,Kalimantan,4553,Primary intact,high,Hutan Sekunder,DEG_FI,High,2000,1996,Degraded - Fire,Low,NA,NA,,,NA,NA,,,NA,NA,,,NA,NA,,,NA,NA,,,Yes,none,1991,no,high,Disagree - minor,,,,Fire happened in 1998 but there was no data at the pixel,,,NA,NA,NA,
Rizky checked,file:///E:/Indonesia_samples/pages_new/Kalimantan_sample4557.html,Rizky checked,AGREE_FOR,OMISSION,YES,No edits needed,,Kalimantan,4557,Primary intact,high,Hutan Sekunder,DEG_FI,High,2000,1997,Degraded - Fire,Low,NA,NA,,,NA,NA,,,NA,NA,,,NA,NA,,,NA,NA,,,Yes,none,1994,no,high,Disagree - minor,,No available data during 1990-1993,,Fire happened in 1999 but there was no data at the pixel,,,NA,NA,NA,
Rizky checked,file:///E:/Indonesia_samples/pages_new/Kalimantan_sample4565.html,Rizky checked,OMISSION,OMISSION,YES,Edited entry,,Kalimantan,4565,Non Forest,high,Belukar,CLEAR_AB,High,,,,,,,,,NA,NA,,,NA,NA,,,NA,NA,,,NA,NA,,,Yes,none,1991,yes,high,Agree,,,,,,,NA,NA,NA,
Rizky checked,file:///E:/Indonesia_samples/pages_new/Kalimantan_sample4569.html,Rizky checked,AGREE_FOR,OMISSION,YES,No edits needed,,Kalimantan,4569,Primary degraded,high,Hutan Sekunder,DEG,High,NA,NA,,,NA,NA,,,NA,NA,,,NA,NA,,,NA,NA,,,NA,NA,,,Yes,none,1990,no,high,Agree,,,,,,,NA,NA,NA,
Rizky checked,file:///E:/Indonesia_samples/pages_new/Kalimantan_sample4572.html,Rizky checked,AGREE_NON,COMMISSION,YES,No edits needed,Quite sure this pixel around rubber plantation wherein mostly in West Kalimantan. The color texture is really smooth.,Kalimantan,4572,Non Forest,Low,Perkebunan,NON,High,NA,NA,,,NA,NA,,,NA,NA,,,NA,NA,,,NA,NA,,,NA,NA,,,Yes,2012,1995,No,high,Disagree - major,,No available data during 1990-1994,,,,,NA,NA,NA,
Rizky checked,file:///E:/Indonesia_samples/pages_new/Kalimantan_sample4577.html,Rizky checked,OMISSION,AGREE_NON,YES,No edits needed,,Kalimantan,4577,Primary degraded,high,Hutan Tanaman,CLEAR_TP,High,1997,1996,Cleared - Tree plantations,high,2012,2011,Cleared - Tree plantations,High,NA,NA,,,NA,NA,,,NA,NA,,,NA,NA,,,Yes,none,1994,Yes,high,Disagree - minor,Diana edited,,,,,,NA,NA,NA,
Rizky checked,file:///E:/Indonesia_samples/pages_new/Kalimantan_sample4579.html,Rizky checked,AGREE_FOR,OMISSION,YES,Edited entry,Pixel is around karst forest in eastern part of Kalimantan. Very slight vegetation yet no evidence of human patches in 1990,Kalimantan,4579,Primary intact,Low,Belukar,CLEAR_SH,High,2011,2010,Cleared - Small-holder land use,Low,NA,NA,,,NA,NA,,,NA,NA,,,NA,NA,,,NA,NA,,,Yes,none,1993,yes,high,Disagree - minor,,No available data during 1990-1992,Small-holder agroforests?,,,,NA,NA,NA,
Rizky checked,file:///E:/Indonesia_samples/pages_new/Kalimantan_sample4582.html,Rizky checked,OMISSION,OMISSION,YES,No edits needed,Pixel is around karst forest in eastern part of Kalimantan. Very slight vegetation yet no evidence of human patches in 1990,Kalimantan,4582,Primary intact,high,Hutan Sekunder,DEG_SL,High,1999,1997,Degraded - Selective Logging,high,NA,NA,,,NA,NA,,,NA,NA,,,NA,NA,,,NA,NA,,,Yes,none,1994,yes,high,Disagree - minor,,,,after 2001 this area growth naturally undisturb forest until 1999,,,NA,NA,NA,
Rizky checked,file:///E:/Indonesia_samples/pages_new/Kalimantan_sample4585.html,Rizky checked,AGREE_FOR,OMISSION,YES,No edits needed,,Kalimantan,4585,Primary degraded,high,Hutan Sekunder,DEG_NE,High,2012,2011,Degraded - Selective Logging,High,2016,2015,Degraded - Nearby clearing,High,NA,NA,,,NA,NA,,,NA,NA,,,NA,NA,,,Yes,none,1997,Yes,high,Disagree - minor,,No available data during 1990-1996,,Logged by road network,,,NA,NA,NA,
Rizky checked,file:///E:/Indonesia_samples/pages_new/Kalimantan_sample4600.html,Rizky checked,AGREE_FOR,OMISSION,YES,Edited entry,Changing from degraded to intact since it seems around karst forest in eastern Borneo,Kalimantan,4600,Primary intact,high,Lahan Terbuka,CLEAR_FI,High,1999,1995,Degraded - Fire,high,2016,2015,Cleared - Fire,high,NA,NA,,,NA,NA,,,NA,NA,,,NA,NA,,,No,2014,1991,yes,high,Disagree - minor,,,,Fire happened in 1998 while no data at the pixel,,,NA,NA,NA,
Rizky checked,file:///E:/Indonesia_samples/pages_new/Kalimantan_sample4602.html,Rizky checked,OMISSION,AGREE_NON,YES,Edited entry,Changing from degraded to intact since it seems around karst forest in eastern Borneo,Kalimantan,4602,Primary intact,high,Pertanian Lahan Kering Campur Semak,CLEAR_SH,High,1999,1998,Cleared - Roading,high,2000,1999,Cleared - Small-holder land use,High,2012,2011,Cleared - Small-holder land use,High,NA,NA,,,NA,NA,,,NA,NA,,,Yes,2014,1990,yes,high,Disagree - minor,,,Small-holder agroforests?,,,,NA,NA,NA,
Rizky checked,file:///E:/Indonesia_samples/pages_new/Kalimantan_sample4605.html,Rizky checked,AGREE_FOR,OMISSION,YES,No edits needed,,Kalimantan,4605,Primary intact,high,Hutan Sekunder,DEG_FI,High,1998,1997,Degraded - Fire,Low,NA,NA,,,NA,NA,,,NA,NA,,,NA,NA,,,NA,NA,,,Yes,none,1990,no,high,Disagree - major,,Sample complete!,,,,,NA,NA,NA,
Rizky checked,file:///E:/Indonesia_samples/pages_new/Kalimantan_sample4609.html,Rizky checked,COMMISSION,AGREE_NON,YES,No edits needed,"Pretty clear through GE the pixel around bare ground, not sure why KLHK class determined as degraded forest",Kalimantan,4609,Non Forest,high,Perkebunan,NON,High,NA,NA,,,NA,NA,,,NA,NA,,,NA,NA,,,NA,NA,,,NA,NA,,,Yes,2010,1993,No,High,Agree,,Sample complete!,Sawit,Palm,,,NA,NA,NA,
Rizky checked,file:///E:/Indonesia_samples/pages_new/Kalimantan_sample4611.html,Rizky checked,COMMISSION,AGREE_NON,YES,No edits needed,Pixel is exactly on the body of river,Kalimantan,4611,Non Forest,high,Air,NON,High,NA,NA,,,NA,NA,,,NA,NA,,,NA,NA,,,NA,NA,,,NA,NA,,,No,none,1991,No,High,Agree,,,River,River,,,NA,NA,NA,
Rizky checked,file:///E:/Indonesia_samples/pages_new/Kalimantan_sample4612.html,Rizky checked,OMISSION,OMISSION,YES,Edited entry,Located in shifting cultivation landscapes at West Kalimantan whereas seemingly like degraded forest but it is rubber plantation,Kalimantan,4612,Non Forest,high,Perkebunan,CLEAR_PE,High,,,,,,,,,,,,,NA,NA,,,NA,NA,,,NA,NA,,,Yes,2010,1990,yes,high,Disagree - major,,Sample complete!,small holder palm estates,,,,NA,NA,NA,
Rizky checked,file:///E:/Indonesia_samples/pages_new/Kalimantan_sample4615.html,Rizky checked,COMMISSION,AGREE_NON,YES,No edits needed,Pixel is exactly on the road clearing,Kalimantan,4615,Non Forest,Low,Lahan Terbuka,NON,High,NA,NA,,,NA,NA,,,NA,NA,,,NA,NA,,,NA,NA,,,NA,NA,,,Yes,2015,1997,No,High,Disagree - major,Diana edited,No available data during 1990-1996,Road,,,,NA,NA,NA,
Rizky checked,file:///E:/Indonesia_samples/pages_new/Kalimantan_sample4617.html,Rizky checked,AGREE_FOR,OMISSION,YES,No edits needed,Located in peatland at South Kalimantan,Kalimantan,4617,Primary intact,high,Perkebunan,CLEAR_PE,High,1999,1997,Degraded - Fire,high,2003,2002,Cleared - Fire,high,2006,2005,Cleared - Abandoned/transitional,High,2008,2007,Cleared - Palm estates,High,NA,NA,,,NA,NA,,,Yes,2015,1990,yes,high,Disagree - major,,,Sawit,,,,NA,NA,NA,2008 land clearing again for oil palm plantation
Rizky checked,file:///E:/Indonesia_samples/pages_new/Kalimantan_sample4624.html,Rizky checked,AGREE_FOR,OMISSION,YES,No edits needed,,Kalimantan,4624,Primary degraded,low,Hutan Tanaman,CLEAR_TP,High,1998,1997,Degraded - Fire,High,2008,2007,Cleared - Tree plantations,High,2015,2014,Cleared - Tree plantations,High,NA,NA,,,NA,NA,,,NA,NA,,,Yes,2012,1994,Yes,High,Disagree - major,,No available data during 1990-1993,,,,,NA,NA,NA,
Rizky checked,file:///E:/Indonesia_samples/pages_new/Kalimantan_sample4627.html,Rizky checked,OMISSION,OMISSION,YES,No edits needed,,Kalimantan,4627,Primary intact,low,Lahan Terbuka,CLEAR_PE,High,2015,2013,Cleared - Palm estates,Low,NA,NA,,,NA,NA,,,NA,NA,,,NA,NA,,,NA,NA,,,Yes,none,1994,no,high,Disagree - major,,No available data during 1990-1993,Most likely for oil palm plantation purpose,,,,NA,NA,NA,
Rizky checked,file:///E:/Indonesia_samples/pages_new/Kalimantan_sample4629.html,Rizky checked,OMISSION,OMISSION,YES,No edits needed,,Kalimantan,4629,Primary degraded,low,Pertanian Lahan Kering,CLEAR_SH,Low,1999,1998,Degraded - Selective Logging,Low,2007,2006,Degraded - Nearby clearing,high,2009,2008,Cleared - Small-holder land use,High,NA,NA,,,NA,NA,,,NA,NA,,,No,none,1995,yes,high,Disagree - major,Diana edited,No available data during 1990-1994,,,,,NA,NA,NA,
Rizky checked,file:///E:/Indonesia_samples/pages_new/Kalimantan_sample4633.html,Rizky checked,AGREE_NON,COMMISSION,YES,No edits needed,,Kalimantan,4633,Non Forest,high,Belukar Rawa,NON,High,NA,NA,,,NA,NA,,,NA,NA,,,NA,NA,,,NA,NA,,,NA,NA,,,Yes,2014,1990,no,high,Agree,,Sample complete!,,,,,NA,NA,NA,
Rizky checked,file:///E:/Indonesia_samples/pages_new/Kalimantan_sample4634.html,Rizky checked,OMISSION,OMISSION,YES,Edited entry,,Kalimantan,4634,Non Forest,high,Belukar Rawa,CLEAR_FI,High,,,,,,,,,NA,NA,,,NA,NA,,,NA,NA,,,NA,NA,,,No,none,1990,Yes,high,Disagree - major,,,,,,,NA,NA,NA,
Rizky checked,file:///E:/Indonesia_samples/pages_new/Kalimantan_sample4640.html,Rizky checked,COMMISSION,AGREE_NON,YES,No edits needed,Seems in the beginning 1990 it was cultivation landscapes whereas the color tone is roughly smooth,Kalimantan,4640,Non Forest,high,Perkebunan,NON,High,NA,NA,,,NA,NA,,,NA,NA,,,NA,NA,,,NA,NA,,,NA,NA,,,Yes,2015,1990,No,high,Disagree - major,,Sample complete!,Sawit,,,,NA,NA,NA,
Rizky checked,file:///E:/Indonesia_samples/pages_new/Kalimantan_sample4641.html,Rizky checked,AGREE_FOR,OMISSION,YES,No edits needed,,Kalimantan,4641,Primary degraded,low,Hutan Sekunder,DEG_SL,High,1998,1997,Degraded - Selective Logging,Low,NA,NA,,,NA,NA,,,NA,NA,,,NA,NA,,,NA,NA,,,Yes,none,1993,no,high,Disagree - minor,,No available data during 1990-1992,,,,,NA,NA,NA,
Rizky checked,file:///E:/Indonesia_samples/pages_new/Kalimantan_sample4644.html,Rizky checked,OMISSION,AGREE_NON,YES,Edited entry,Cultivation landscape located in west kalimantan,Kalimantan,4644,Non Forest,Low,Pertanian Lahan Kering Campur Semak,CLEAR_SH,High,,,,,,,,,NA,NA,,,NA,NA,,,NA,NA,,,NA,NA,,,Yes,2009,1990,Yes,high,Disagree - major,,,,,,,NA,NA,NA,
Rizky checked,file:///E:/Indonesia_samples/pages_new/Kalimantan_sample4650.html,Rizky checked,COMMISSION,AGREE_NON,YES,No edits needed,,Kalimantan,4650,Non Forest,high,Belukar Rawa,NON,High,NA,NA,,,NA,NA,,,NA,NA,,,NA,NA,,,NA,NA,,,NA,NA,,,Yes,none,1990,No,high,Agree,,,,,,,NA,NA,NA,
Rizky checked,file:///E:/Indonesia_samples/pages_new/Kalimantan_sample4651.html,Rizky checked,AGREE_FOR,OMISSION,YES,Edited entry,Changing from degraded to intact since it seems around karst forest in eastern Borneo,Kalimantan,4651,Primary intact,low,Perkebunan,CLEAR_PE,High,1998,1996,Degraded - Selective Logging,Low,2013,2012,Cleared - Palm estates,High,NA,NA,,,NA,NA,,,NA,NA,,,NA,NA,,,No,none,1991,yes,high,Disagree - major,,Sample complete!,Sawit,,,,NA,NA,NA,
Rizky checked,file:///E:/Indonesia_samples/pages_new/Kalimantan_sample4653.html,Rizky checked,OMISSION,OMISSION,YES,No edits needed,Located in around karst of eastern Borneo. Slight vegetation of forest,Kalimantan,4653,Primary degraded,low,Belukar,CLEAR_TP,High,2013,2012,Degraded - Nearby clearing,high,2016,2015,Cleared - Tree plantations,,NA,NA,,,NA,NA,,,NA,NA,,,NA,NA,,,Yes,none,1995,yes,high,Agree,,No available data during 1990-1994,,,,,NA,NA,NA,
Rizky checked,file:///E:/Indonesia_samples/pages_new/Kalimantan_sample4654.html,Rizky checked,OMISSION,AGREE_FOR,YES,No edits needed,,Kalimantan,4654,Primary degraded,Low,Perkebunan,CLEAR_SH,Low,2004,2003,Degraded - Selective Logging,High,2006,2005,Degraded - Nearby clearing,High,2007,2006,Cleared - Small-holder land use,High,NA,NA,,,NA,NA,,,NA,NA,,,Yes,none,1994,yes,high,Disagree - major,,No available data during 1990-1993,Karet,Logged by road network,,,NA,NA,NA,
Rizky checked,file:///E:/Indonesia_samples/pages_new/Kalimantan_sample4663.html,Rizky checked,AGREE_FOR,OMISSION,YES,No edits needed,Located in around karst of eastern Borneo. Slight vegetation of forest,Kalimantan,4663,Primary degraded,high,Hutan Sekunder,DEG_SL,High,1997,1996,Degraded - Selective Logging,High,2009,2008,Degraded - Selective Logging,High,NA,NA,,,NA,NA,,,NA,NA,,,NA,NA,,,Yes,none,1990,Yes,high,Disagree - major,,Sample complete!,,,Logged by road network,,NA,NA,NA,
Rizky checked,file:///E:/Indonesia_samples/pages_new/Kalimantan_sample4667.html,Rizky checked,COMMISSION,COMMISSION,YES,No edits needed,"Located in West Kalimantan, lots of shifting cultivation on each year. Most likely in 1990 it was rubber plantation",Kalimantan,4667,Non Forest,high,Perkebunan,NON,High,NA,NA,,,NA,NA,,,NA,NA,,,NA,NA,,,NA,NA,,,NA,NA,,,Yes,2010,1993,no,high,Disagree - major,,,Karet,,,,NA,NA,NA,
Rizky checked,file:///E:/Indonesia_samples/pages_new/Kalimantan_sample4668.html,Rizky checked,COMMISSION,AGREE_NON,YES,No edits needed,,Kalimantan,4668,Non Forest,,Perkebunan,NON,High,NA,NA,,,NA,NA,,,NA,NA,,,NA,NA,,,NA,NA,,,NA,NA,,,No,none,1991,,,Agree,,Sample complete!,,road,,,NA,NA,NA,
Rizky checked,file:///E:/Indonesia_samples/pages_new/Kalimantan_sample4670.html,Rizky checked,OMISSION,OMISSION,YES,No edits needed,,Kalimantan,4670,Primary intact,high,Hutan Primer,PIN,High,NA,NA,,,NA,NA,,,NA,NA,,,NA,NA,,,NA,NA,,,NA,NA,,,Yes,none,1991,no,high,Agree,,,,undisturb forest,,,NA,NA,NA,
Rizky checked,file:///E:/Indonesia_samples/pages_new/Kalimantan_sample4691.html,Rizky checked,OMISSION,OMISSION,YES,No edits needed,Located in small island on eastern part of Borneo,Kalimantan,4691,Primary degraded,High,Belukar,CLEAR_SH,High,2002,2001,Degraded - Nearby clearing,High,2007,2006,Degraded - Selective Logging,High,2014,2013,Cleared - Small-holder land use,High,NA,NA,,,NA,NA,,,NA,NA,,,Yes,2016,1990,Yes,high,Disagree - major,,,,,Nearby road network,,NA,NA,NA,
Rizky checked,file:///E:/Indonesia_samples/pages_new/Nusa_Tenggara_sample6209.html,Rizky checked,AGREE_FOR,OMISSION,YES,No edits needed,,Nusa Tenggara,6209,Primary intact,High,Hutan Primer,PIN,High,NA,NA,,,NA,NA,,,NA,NA,NA,NA,NA,NA,NA,NA,NA,NA,NA,NA,NA,NA,NA,NA,Yes,2012,1990,No,High,Agree,,Sample complete!,,NA,NA,NA,NA,NA,NA,
Rizky checked,file:///E:/Indonesia_samples/pages_new/Nusa_Tenggara_sample6211.html,Rizky checked,OMISSION,OMISSION,YES,No edits needed,Located in east Timor whereof the condition is very dry. Becoming affected to the forest which is very sparse but the canopy vegetation consistently time-by-time quite same,Nusa Tenggara,6211,Primary degraded,Low,Hutan Sekunder,DEG,Low,NA,NA,,,NA,NA,,,NA,NA,NA,NA,NA,NA,NA,NA,NA,NA,NA,NA,NA,NA,NA,NA,Yes,2005,1990,No,High,Agree,,Sample complete!,,NA,NA,NA,NA,NA,NA,
Rizky checked,file:///E:/Indonesia_samples/pages_new/Nusa_Tenggara_sample6218.html,Rizky checked,COMMISSION,AGREE_NON,YES,No edits needed,"At the edge of vegetation and savana, but more than half pixel and the buffered area tend to savana",Nusa Tenggara,6218,Non Forest,High,Savana,NON,High,NA,NA,,,NA,NA,,,NA,NA,NA,NA,NA,NA,NA,NA,NA,NA,NA,NA,NA,NA,NA,NA,Yes,2003,1990,No,High,Agree,,Sample complete!,,NA,NA,NA,NA,NA,NA,
Rizky checked,file:///E:/Indonesia_samples/pages_new/Nusa_Tenggara_sample6219.html,Rizky checked,COMMISSION,AGREE_NON,YES,No edits needed,,Nusa Tenggara,6219,Non Forest,High,Belukar,NON,High,NA,NA,,,NA,NA,,,NA,NA,NA,NA,NA,NA,NA,NA,NA,NA,NA,NA,NA,NA,NA,NA,Yes,2003,1994,No,High,Disagree - minor,,Sample complete!,,NA,NA,NA,NA,NA,NA,
Rizky checked,file:///E:/Indonesia_samples/pages_new/Nusa_Tenggara_sample6220.html,Rizky checked,OMISSION,OMISSION,YES,No edits needed,At the edge of savana and degraded forest. More than half pixel lies on monsoon forest,Nusa Tenggara,6220,Primary degraded,High,Hutan Sekunder,DEG,High,NA,NA,,,NA,NA,,,NA,NA,NA,NA,NA,NA,NA,NA,NA,NA,NA,NA,NA,NA,NA,NA,Yes,2009,1990,No,High,Disagree - major,,Sample complete!,,NA,NA,NA,NA,NA,NA,
Rizky checked,file:///E:/Indonesia_samples/pages_new/Nusa_Tenggara_sample6221.html,Rizky checked,AGREE_FOR,OMISSION,YES,No edits needed,,Nusa Tenggara,6221,Primary intact,Low,Hutan Primer,PIN,Low,NA,NA,,,NA,NA,,,NA,NA,NA,NA,NA,NA,NA,NA,NA,NA,NA,NA,NA,NA,NA,NA,Yes,2010,1990,No,High,Disagree - major,,Sample complete!,,NA,NA,NA,NA,NA,NA,
Rizky checked,file:///E:/Indonesia_samples/pages_new/Nusa_Tenggara_sample6225.html,Rizky checked,AGREE_FOR,OMISSION,YES,No edits needed,The pixel located at consistent vegetation confirmed by GE that is monsoon forest.,Nusa Tenggara,6225,Primary degraded,High,Hutan Sekunder,DEG,High,NA,NA,,,NA,NA,,,NA,NA,NA,NA,NA,NA,NA,NA,NA,NA,NA,NA,NA,NA,NA,NA,Yes,2004,1990,No,High,Disagree - major,,Sample complete!,,NA,NA,NA,NA,NA,NA,
Rizky checked,file:///E:/Indonesia_samples/pages_new/Nusa_Tenggara_sample6226.html,Rizky checked,COMMISSION,AGREE_NON,YES,No edits needed,,Nusa Tenggara,6226,Non Forest,High,Lahan Terbuka,NON,High,NA,NA,,,NA,NA,,,NA,NA,NA,NA,NA,NA,NA,NA,NA,NA,NA,NA,NA,NA,NA,NA,Yes,2002,1990,No,High,Agree,,Sample complete!,,NA,NA,NA,NA,NA,NA,
Rizky checked,file:///E:/Indonesia_samples/pages_new/Nusa_Tenggara_sample6227.html,Rizky checked,AGREE_FOR,OMISSION,YES,No edits needed,Monsoon forest is being cutted to hazelnut and smallholder plantation,Nusa Tenggara,6227,Primary degraded,High,Pertanian Lahan Kering Campur Semak,CLEAR_SH,High,2006,2005,Cleared - Small-holder land use,High,NA,NA,,,NA,NA,NA,NA,NA,NA,NA,NA,NA,NA,NA,NA,NA,NA,NA,NA,Yes,2003,1990,No,High,Disagree - major,,Sample complete!,,NA,NA,NA,NA,NA,NA,
Rizky checked,file:///E:/Indonesia_samples/pages_new/Nusa_Tenggara_sample6228.html,Rizky checked,COMMISSION,AGREE_NON,YES,No edits needed,,Nusa Tenggara,6228,Non Forest,High,Pertanian Lahan Kering Campur Semak,NON,High,NA,NA,,,NA,NA,,,NA,NA,NA,NA,NA,NA,NA,NA,NA,NA,NA,NA,NA,NA,NA,NA,Yes,2003,1990,No,High,Agree,,Sample complete!,,NA,NA,NA,NA,NA,NA,
Rizky checked,file:///E:/Indonesia_samples/pages_new/Nusa_Tenggara_sample6230.html,Rizky checked,OMISSION,OMISSION,YES,No edits needed,Pixel located right on the forest but in the surrounding areas mostly savana,Nusa Tenggara,6230,Primary degraded,High,Hutan Mangrove Sekunder,DEG,High,NA,NA,,,NA,NA,,,NA,NA,NA,NA,NA,NA,NA,NA,NA,NA,NA,NA,NA,NA,NA,NA,Yes,2010,1990,No,High,Disagree - major,,Sample complete!,,NA,NA,NA,NA,NA,NA,
Rizky checked,file:///E:/Indonesia_samples/pages_new/Nusa_Tenggara_sample6231.html,Rizky checked,OMISSION,OMISSION,YES,No edits needed,"At the edge of vegetation and savana, but more than half pixel and the buffered area tend to forest",Nusa Tenggara,6231,Primary degraded,High,Hutan Sekunder,DEG,High,NA,NA,,,NA,NA,,,NA,NA,NA,NA,NA,NA,NA,NA,NA,NA,NA,NA,NA,NA,NA,NA,Yes,2007,1990,No,High,Disagree - major,,Sample complete!,,NA,NA,NA,NA,NA,NA,
Rizky checked,file:///E:/Indonesia_samples/pages_new/Nusa_Tenggara_sample6234.html,Rizky checked,AGREE_FOR,OMISSION,YES,No edits needed,,Nusa Tenggara,6234,Primary degraded,Low,Hutan Sekunder,DEG_NE,Low,2009,2008,Degraded - Nearby clearing,High,2015,2014,Degraded - Nearby clearing,High,NA,NA,NA,NA,NA,NA,NA,NA,NA,NA,NA,NA,NA,NA,NA,NA,Yes,2011,1990,No,High,Agree,,Sample complete!,,NA,NA,NA,NA,NA,NA,
Rizky checked,file:///E:/Indonesia_samples/pages_new/Nusa_Tenggara_sample6235.html,Rizky checked,AGREE_FOR,OMISSION,YES,No edits needed,,Nusa Tenggara,6235,Primary intact,High,Hutan Primer,PIN,High,NA,NA,,,NA,NA,,,NA,NA,NA,NA,NA,NA,NA,NA,NA,NA,NA,NA,NA,NA,NA,NA,Yes,2004,1990,No,High,Disagree - major,,Sample complete!,,NA,NA,NA,NA,NA,NA,
Rizky checked,file:///E:/Indonesia_samples/pages_new/Nusa_Tenggara_sample6238.html,Rizky checked,COMMISSION,AGREE_NON,YES,No edits needed,,Nusa Tenggara,6238,Non Forest,High,Savana,NON,High,NA,NA,,,NA,NA,,,NA,NA,NA,NA,NA,NA,NA,NA,NA,NA,NA,NA,NA,NA,NA,NA,Yes,2009,1990,No,High,Agree,,Sample complete!,,NA,NA,NA,NA,NA,NA,
Rizky checked,file:///E:/Indonesia_samples/pages_new/Nusa_Tenggara_sample6240.html,Rizky checked,COMMISSION,AGREE_NON,YES,No edits needed,,Nusa Tenggara,6240,Non Forest,Low,Pertanian Lahan Kering Campur Semak,NON,Low,NA,NA,,,NA,NA,,,NA,NA,NA,NA,NA,NA,NA,NA,NA,NA,NA,NA,NA,NA,NA,NA,Yes,2011,1990,No,High,Disagree - major,,Sample complete!,,NA,NA,NA,NA,NA,NA,
Rizky checked,file:///E:/Indonesia_samples/pages_new/Nusa_Tenggara_sample6241.html,Rizky checked,COMMISSION,AGREE_NON,YES,No edits needed,Hazelnut and other cultivation planted on the surrounding pixel,Nusa Tenggara,6241,Non Forest,High,Pertanian Lahan Kering Campur Semak,NON,High,NA,NA,,,NA,NA,,,NA,NA,NA,NA,NA,NA,NA,NA,NA,NA,NA,NA,NA,NA,NA,NA,Yes,2011,1990,No,High,Agree,,Sample complete!,,NA,NA,NA,NA,NA,NA,
Rizky checked,file:///E:/Indonesia_samples/pages_new/Nusa_Tenggara_sample6243.html,Rizky checked,AGREE_FOR,OMISSION,YES,No edits needed,Monsoon forest in the eastern part of Flores,Nusa Tenggara,6243,Primary intact,High,Hutan Primer,PIN,High,NA,NA,,,NA,NA,,,NA,NA,NA,NA,NA,NA,NA,NA,NA,NA,NA,NA,NA,NA,NA,NA,Yes,2005,1990,No,High,Agree,,Sample complete!,,NA,NA,NA,NA,NA,NA,
Rizky checked,file:///E:/Indonesia_samples/pages_new/Nusa_Tenggara_sample6252.html,Rizky checked,COMMISSION,AGREE_NON,YES,Edited entry,Changing from plantation forest to intact since no evidence from human disturbance,Nusa Tenggara,6252,Primary intact,High,Hutan Primer,NON,High,NA,NA,,,NA,NA,,,NA,NA,NA,NA,NA,NA,NA,NA,NA,NA,NA,NA,NA,NA,NA,NA,Yes,2002,1990,No,High,Disagree - major,,Sample complete!,Jati,NA,NA,NA,NA,NA,NA,
Rizky checked,file:///E:/Indonesia_samples/pages_new/Nusa_Tenggara_sample6254.html,Rizky checked,OMISSION,OMISSION,YES,Edited entry,,Nusa Tenggara,6254,Non Forest,Low,Belukar,DEG,Low,NA,NA,,,NA,NA,,,NA,NA,NA,NA,NA,NA,NA,NA,NA,NA,NA,NA,NA,NA,NA,NA,Yes,2011,1990,No,High,Disagree - major,,Sample complete!,,NA,NA,NA,NA,NA,NA,
Rizky checked,file:///E:/Indonesia_samples/pages_new/Nusa_Tenggara_sample6255.html,Rizky checked,AGREE_FOR,OMISSION,YES,No edits needed,,Nusa Tenggara,6255,Primary degraded,High,Hutan Sekunder,DEG,High,NA,NA,,,NA,NA,,,NA,NA,NA,NA,NA,NA,NA,NA,NA,NA,NA,NA,NA,NA,NA,NA,Yes,2003,1990,No,High,Agree,,Sample complete!,,NA,NA,NA,NA,NA,NA,
Rizky checked,file:///E:/Indonesia_samples/pages_new/Nusa_Tenggara_sample6257.html,Rizky checked,COMMISSION,AGREE_NON,YES,No edits needed,,Nusa Tenggara,6257,Non Forest,High,Belukar,NON,High,NA,NA,,,NA,NA,,,NA,NA,NA,NA,NA,NA,NA,NA,NA,NA,NA,NA,NA,NA,NA,NA,Yes,2005,1990,No,High,Disagree - minor,,Sample complete!,,NA,NA,NA,NA,NA,NA,
Rizky checked,file:///E:/Indonesia_samples/pages_new/Nusa_Tenggara_sample6261.html,Rizky checked,AGREE_FOR,OMISSION,YES,Edited entry,Changing from degraded to intact forest since no evidence from human disturbances,Nusa Tenggara,6261,Primary intact,Low,Hutan Primer,DEG,Low,NA,NA,,,NA,NA,,,NA,NA,NA,NA,NA,NA,NA,NA,NA,NA,NA,NA,NA,NA,NA,NA,Yes,2011,1990,No,High,Agree,,Sample complete!,,NA,NA,NA,NA,NA,NA,
Rizky checked,file:///E:/Indonesia_samples/pages_new/Nusa_Tenggara_sample6263.html,Rizky checked,OMISSION,OMISSION,YES,No edits needed,Monsoon forest,Nusa Tenggara,6263,Primary degraded,Low,Hutan Sekunder,DEG,Low,NA,NA,,,NA,NA,,,NA,NA,NA,NA,NA,NA,NA,NA,NA,NA,NA,NA,NA,NA,NA,NA,Yes,2006,1990,No,High,Disagree - major,,Sample complete!,,NA,NA,NA,NA,NA,NA,
Rizky checked,file:///E:/Indonesia_samples/pages_new/Nusa_Tenggara_sample6264.html,Rizky checked,AGREE_FOR,OMISSION,YES,No edits needed,,Nusa Tenggara,6264,Primary intact,High,Hutan Primer,PIN,High,NA,NA,,,NA,NA,,,NA,NA,NA,NA,NA,NA,NA,NA,NA,NA,NA,NA,NA,NA,NA,NA,Yes,2004,1990,No,High,Agree,,Sample complete!,,NA,NA,NA,NA,NA,NA,
Rizky checked,file:///E:/Indonesia_samples/pages_new/Nusa_Tenggara_sample6266.html,Rizky checked,AGREE_FOR,OMISSION,YES,No edits needed,,Nusa Tenggara,6266,Primary intact,High,Hutan Primer,PIN,High,NA,NA,,,NA,NA,,,NA,NA,NA,NA,NA,NA,NA,NA,NA,NA,NA,NA,NA,NA,NA,NA,Yes,2003,1990,No,High,Agree,,Sample complete!,,NA,NA,NA,NA,NA,NA,
Rizky checked,file:///E:/Indonesia_samples/pages_new/Nusa_Tenggara_sample6268.html,Rizky checked,OMISSION,OMISSION,YES,No edits needed,,Nusa Tenggara,6268,Primary degraded,High,Hutan Sekunder,DEG,High,NA,NA,,,NA,NA,,,NA,NA,NA,NA,NA,NA,NA,NA,NA,NA,NA,NA,NA,NA,NA,NA,Yes,2004,1990,No,High,Agree,,Sample complete!,,NA,NA,NA,NA,NA,NA,
Rizky checked,file:///E:/Indonesia_samples/pages_new/Nusa_Tenggara_sample6273.html,Rizky checked,COMMISSION,AGREE_NON,YES,No edits needed,,Nusa Tenggara,6273,Non Forest,High,Pertanian Lahan Kering Campur Semak,NON,High,NA,NA,,,NA,NA,,,NA,NA,NA,NA,NA,NA,NA,NA,NA,NA,NA,NA,NA,NA,NA,NA,Yes,2013,1995,No,High,Disagree - minor,,Sample complete!,,NA,NA,NA,NA,NA,NA,
Rizky checked,file:///E:/Indonesia_samples/pages_new/Nusa_Tenggara_sample6276.html,Rizky checked,OMISSION,OMISSION,YES,No edits needed,Monsoon forest,Nusa Tenggara,6276,Primary degraded,Low,Hutan Sekunder,DEG,Low,NA,NA,,,NA,NA,,,NA,NA,NA,NA,NA,NA,NA,NA,NA,NA,NA,NA,NA,NA,NA,NA,Yes,2011,1990,No,High,Disagree - major,,Sample complete!,,NA,NA,NA,NA,NA,NA,
Rizky checked,file:///E:/Indonesia_samples/pages_new/Nusa_Tenggara_sample6277.html,Rizky checked,AGREE_FOR,OMISSION,YES,No edits needed,,Nusa Tenggara,6277,Primary intact,High,Hutan Primer,PIN,High,NA,NA,,,NA,NA,,,NA,NA,NA,NA,NA,NA,NA,NA,NA,NA,NA,NA,NA,NA,NA,NA,Yes,2002,1990,No,High,Disagree - major,,Sample complete!,,NA,NA,NA,NA,NA,NA,Seasonal degraded related to their region
Rizky checked,file:///E:/Indonesia_samples/pages_new/Nusa_Tenggara_sample6279.html,Rizky checked,COMMISSION,AGREE_NON,YES,No edits needed,,Nusa Tenggara,6279,Non Forest,Low,Belukar,NON,Low,NA,NA,,,NA,NA,,,NA,NA,NA,NA,NA,NA,NA,NA,NA,NA,NA,NA,NA,NA,NA,NA,Yes,2002,1990,No,High,Agree,,Sample complete!,,NA,NA,NA,NA,NA,NA,
Rizky checked,file:///E:/Indonesia_samples/pages_new/Nusa_Tenggara_sample6283.html,Rizky checked,AGREE_FOR,OMISSION,YES,No edits needed,Monsoon forest in the eastern part of Sumba,Nusa Tenggara,6283,Primary intact,High,Hutan Primer,PIN,Low,NA,NA,,,NA,NA,,,NA,NA,NA,NA,NA,NA,NA,NA,NA,NA,NA,NA,NA,NA,NA,NA,Yes,2005,1990,No,High,Disagree - major,,Sample complete!,,NA,NA,NA,NA,NA,NA,
Rizky checked,file:///E:/Indonesia_samples/pages_new/Nusa_Tenggara_sample6284.html,Rizky checked,COMMISSION,AGREE_NON,YES,No edits needed,,Nusa Tenggara,6284,Non Forest,High,Pertanian Lahan Kering Campur Semak,NON,High,NA,NA,,,NA,NA,,,NA,NA,NA,NA,NA,NA,NA,NA,NA,NA,NA,NA,NA,NA,NA,NA,Yes,2006,1990,No,High,Agree,,Sample complete!,,NA,NA,NA,NA,NA,NA,
Rizky checked,file:///E:/Indonesia_samples/pages_new/Nusa_Tenggara_sample6295.html,Rizky checked,COMMISSION,AGREE_NON,YES,No edits needed,,Nusa Tenggara,6295,Non Forest,High,Savana,NON,High,NA,NA,,,NA,NA,,,NA,NA,NA,NA,NA,NA,NA,NA,NA,NA,NA,NA,NA,NA,NA,NA,Yes,2007,1990,No,High,Disagree - minor,,Sample complete!,,NA,NA,NA,NA,NA,NA,
Rizky checked,file:///E:/Indonesia_samples/pages_new/Nusa_Tenggara_sample6442.html,Rizky checked,OMISSION,OMISSION,YES,Edited entry,Cultivated by palm type of plantation.,Nusa Tenggara,6442,Non Forest,High,Pertanian Lahan Kering Campur Semak,DEG,High,NA,NA,,,NA,NA,,,NA,NA,NA,NA,NA,NA,NA,NA,NA,NA,NA,NA,NA,NA,NA,NA,Yes,2009,1990,No,High,Agree,,Sample complete!,,NA,NA,NA,NA,NA,NA,
Rizky checked,file:///E:/Indonesia_samples/pages_new/Nusa_Tenggara_sample6443.html,Rizky checked,COMMISSION,AGREE_NON,YES,No edits needed,,Nusa Tenggara,6443,Non Forest,High,Belukar,NON,High,NA,NA,,,NA,NA,,,NA,NA,NA,NA,NA,NA,NA,NA,NA,NA,NA,NA,NA,NA,NA,NA,Yes,2004,1990,No,High,Agree,,Sample complete!,,NA,NA,NA,NA,NA,NA,
Rizky checked,file:///E:/Indonesia_samples/pages_new/Nusa_Tenggara_sample6444.html,Rizky checked,COMMISSION,AGREE_NON,YES,No edits needed,,Nusa Tenggara,6444,Non Forest,High,Belukar,NON,High,NA,NA,,,NA,NA,,,NA,NA,NA,NA,NA,NA,NA,NA,NA,NA,NA,NA,NA,NA,NA,NA,Yes,2005,1990,No,High,Agree,,Sample complete!,,NA,NA,NA,NA,NA,NA,
Rizky checked,file:///E:/Indonesia_samples/pages_new/Nusa_Tenggara_sample6446.html,Rizky checked,AGREE_FOR,OMISSION,YES,No edits needed,,Nusa Tenggara,6446,Primary intact,High,Hutan Primer,PIN,High,NA,NA,,,NA,NA,,,NA,NA,NA,NA,NA,NA,NA,NA,NA,NA,NA,NA,NA,NA,NA,NA,Yes,2004,1990,No,High,Agree,,Sample complete!,,NA,NA,NA,NA,NA,NA,
Rizky checked,file:///E:/Indonesia_samples/pages_new/Nusa_Tenggara_sample6451.html,Rizky checked,AGREE_FOR,OMISSION,YES,No edits needed,,Nusa Tenggara,6451,Primary intact,High,Hutan Primer,PIN,High,NA,NA,,,NA,NA,,,NA,NA,NA,NA,NA,NA,NA,NA,NA,NA,NA,NA,NA,NA,NA,NA,Yes,2012,1990,No,High,Agree,,Sample complete!,,NA,NA,NA,NA,NA,NA,
Rizky checked,file:///E:/Indonesia_samples/pages_new/Nusa_Tenggara_sample6453.html,Rizky checked,AGREE_FOR,OMISSION,YES,No edits needed,,Nusa Tenggara,6453,Primary intact,High,Hutan Primer,PIN,High,NA,NA,,,NA,NA,,,NA,NA,NA,NA,NA,NA,NA,NA,NA,NA,NA,NA,NA,NA,NA,NA,Yes,2004,1990,No,High,Agree,,Sample complete!,,NA,NA,NA,NA,NA,NA,
Rizky checked,file:///E:/Indonesia_samples/pages_new/Nusa_Tenggara_sample6454.html,Rizky checked,AGREE_FOR,OMISSION,YES,No edits needed,Located in small island on western part of Timor. It is monsoon forest whereof no human disturbances likely happen since it is remote area.,Nusa Tenggara,6454,Primary intact,High,Hutan Primer,PIN,High,NA,NA,,,NA,NA,,,NA,NA,NA,NA,NA,NA,NA,NA,NA,NA,NA,NA,NA,NA,NA,NA,Yes,2009,1990,No,High,Agree,,Sample complete!,,NA,NA,NA,NA,NA,NA,Virgin forest in the small island despite the tree canopy is small
Rizky checked,file:///E:/Indonesia_samples/pages_new/Nusa_Tenggara_sample6455.html,Rizky checked,AGREE_FOR,OMISSION,YES,No edits needed,,Nusa Tenggara,6455,Primary intact,High,Hutan Primer,PIN,High,NA,NA,,,NA,NA,,,NA,NA,NA,NA,NA,NA,NA,NA,NA,NA,NA,NA,NA,NA,NA,NA,Yes,2009,1990,No,High,Agree,,Sample complete!,,NA,NA,NA,NA,NA,NA,
Rizky checked,file:///E:/Indonesia_samples/pages_new/Nusa_Tenggara_sample6456.html,Rizky checked,OMISSION,OMISSION,YES,Edited entry,,Nusa Tenggara,6456,Non Forest,Low,Belukar,DEG,High,NA,NA,,,NA,NA,,,NA,NA,NA,NA,NA,NA,NA,NA,NA,NA,NA,NA,NA,NA,NA,NA,Yes,2004,1990,No,High,Disagree - major,,Sample complete!,,NA,NA,NA,NA,NA,NA,
Rizky checked,file:///E:/Indonesia_samples/pages_new/Nusa_Tenggara_sample6461.html,Rizky checked,COMMISSION,AGREE_NON,YES,No edits needed,,Nusa Tenggara,6461,Non Forest,High,Pertanian Lahan Kering Campur Semak,NON,High,NA,NA,,,NA,NA,,,NA,NA,NA,NA,NA,NA,NA,NA,NA,NA,NA,NA,NA,NA,NA,NA,Yes,2005,1990,No,High,Agree,,Sample complete!,,NA,NA,NA,NA,NA,NA,
Rizky checked,file:///E:/Indonesia_samples/pages_new/Nusa_Tenggara_sample6465.html,Rizky checked,OMISSION,OMISSION,YES,No edits needed,Monsoon forest in the eastern part of Flores,Nusa Tenggara,6465,Primary intact,High,Hutan Primer,PIN,High,NA,NA,,,NA,NA,,,NA,NA,NA,NA,NA,NA,NA,NA,NA,NA,NA,NA,NA,NA,NA,NA,Yes,2005,1990,No,High,Agree,,Sample complete!,,NA,NA,NA,NA,NA,NA,
Rizky checked,file:///E:/Indonesia_samples/pages_new/Nusa_Tenggara_sample6466.html,Rizky checked,AGREE_FOR,OMISSION,YES,No edits needed,,Nusa Tenggara,6466,Primary intact,Low,Hutan Primer,PIN,High,NA,NA,,,NA,NA,,,NA,NA,NA,NA,NA,NA,NA,NA,NA,NA,NA,NA,NA,NA,NA,NA,Yes,2005,1990,No,Low,Agree,,Sample complete!,,NA,NA,NA,NA,NA,NA,
Rizky checked,file:///E:/Indonesia_samples/pages_new/Nusa_Tenggara_sample6469.html,Rizky checked,AGREE_FOR,OMISSION,YES,No edits needed,Monsoon forest in the eastern part of Flores,Nusa Tenggara,6469,Primary degraded,High,Hutan Sekunder,DEG,High,NA,NA,,,NA,NA,,,NA,NA,NA,NA,NA,NA,NA,NA,NA,NA,NA,NA,NA,NA,NA,NA,Yes,2005,1990,No,High,Agree,,Sample complete!,,NA,NA,NA,NA,NA,NA,
Rizky checked,file:///E:/Indonesia_samples/pages_new/Nusa_Tenggara_sample6481.html,Rizky checked,COMMISSION,AGREE_NON,YES,No edits needed,,Nusa Tenggara,6481,Non Forest,High,Pemukiman,NON,High,NA,NA,,,NA,NA,,,NA,NA,NA,NA,NA,NA,NA,NA,NA,NA,NA,NA,NA,NA,NA,NA,Yes,2011,1990,No,High,Agree,,Sample complete!,,NA,NA,NA,NA,NA,NA,
Rizky checked,file:///E:/Indonesia_samples/pages_new/Nusa_Tenggara_sample6482.html,Rizky checked,AGREE_FOR,OMISSION,YES,Edited entry,At the edge of shrub and degraded forest,Nusa Tenggara,6482,Non Forest,High,Belukar,DEG,High,NA,NA,,,NA,NA,,,NA,NA,NA,NA,NA,NA,NA,NA,NA,NA,NA,NA,NA,NA,NA,NA,Yes,2007,1990,No,High,Agree,,Sample complete!,,NA,NA,NA,NA,NA,NA,
Rizky checked,file:///E:/Indonesia_samples/pages_new/Nusa_Tenggara_sample6484.html,Rizky checked,OMISSION,OMISSION,YES,No edits needed,Monsoon forest. No evidence of human disturbances,Nusa Tenggara,6484,Primary intact,Low,Hutan Primer,PIN,High,NA,NA,,,NA,NA,,,NA,NA,NA,NA,NA,NA,NA,NA,NA,NA,NA,NA,NA,NA,NA,NA,Yes,2005,1990,No,High,Agree,,Sample complete!,,NA,NA,NA,NA,NA,NA,
Rizky checked,file:///E:/Indonesia_samples/pages_new/Nusa_Tenggara_sample6485.html,Rizky checked,COMMISSION,AGREE_NON,YES,No edits needed,,Nusa Tenggara,6485,Non Forest,High,Pertanian Lahan Kering Campur Semak,NON,High,NA,NA,,,NA,NA,,,NA,NA,NA,NA,NA,NA,NA,NA,NA,NA,NA,NA,NA,NA,NA,NA,Yes,2013,1990,No,High,Agree,,Sample complete!,,NA,NA,NA,NA,NA,NA,
Rizky checked,file:///E:/Indonesia_samples/pages_new/Nusa_Tenggara_sample6487.html,Rizky checked,AGREE_FOR,OMISSION,YES,Edited entry,Monsoon forest in the eastern part of Flores. No evidence of human disturbances,Nusa Tenggara,6487,Primary intact,High,Hutan Primer,DEG,High,NA,NA,,,NA,NA,,,NA,NA,NA,NA,NA,NA,NA,NA,NA,NA,NA,NA,NA,NA,NA,NA,Yes,2012,1990,No,High,Agree,,Sample complete!,,NA,NA,NA,NA,NA,NA,
Rizky checked,file:///E:/Indonesia_samples/pages_new/Nusa_Tenggara_sample6491.html,Rizky checked,AGREE_FOR,OMISSION,YES,No edits needed,,Nusa Tenggara,6491,Primary degraded,High,Hutan Sekunder,DEG,High,NA,NA,,,NA,NA,,,NA,NA,NA,NA,NA,NA,NA,NA,NA,NA,NA,NA,NA,NA,NA,NA,Yes,2006,1990,No,High,Agree,,Sample complete!,,NA,NA,NA,NA,NA,NA,
Rizky checked,file:///E:/Indonesia_samples/pages_new/Nusa_Tenggara_sample6493.html,Rizky checked,COMMISSION,AGREE_NON,YES,No edits needed,,Nusa Tenggara,6493,Non Forest,High,Belukar,NON,High,NA,NA,,,NA,NA,,,NA,NA,NA,NA,NA,NA,NA,NA,NA,NA,NA,NA,NA,NA,NA,NA,Yes,2006,1990,No,High,Agree,,Sample complete!,,NA,NA,NA,NA,NA,NA,
Rizky checked,file:///E:/Indonesia_samples/pages_new/Nusa_Tenggara_sample6494.html,Rizky checked,COMMISSION,AGREE_NON,YES,No edits needed,Small patches of human disturbances/smallholder plantation happened around pixel.,Nusa Tenggara,6494,Non Forest,High,Pertanian Lahan Kering Campur Semak,NON,High,NA,NA,,,NA,NA,,,NA,NA,NA,NA,NA,NA,NA,NA,NA,NA,NA,NA,NA,NA,NA,NA,Yes,2011,1990,Yes,High,Disagree - minor,,,,NA,NA,NA,NA,NA,NA,
Rizky checked,file:///E:/Indonesia_samples/pages_new/Nusa_Tenggara_sample6496.html,Rizky checked,AGREE_FOR,OMISSION,YES,No edits needed,Monsoon forest. No evidence of human disturbances,Nusa Tenggara,6496,Primary intact,High,Hutan Primer,PIN,High,NA,NA,,,NA,NA,,,NA,NA,NA,NA,NA,NA,NA,NA,NA,NA,NA,NA,NA,NA,NA,NA,Yes,2006,1990,No,,Agree,,Sample complete!,,NA,NA,NA,NA,NA,NA,
