USER,Editor,COMPARE_KLHK_1990,COMPARE_UMD_2001,OMISSION or COMMISSION,NEW EDITS,DISAGREEMENT NOTES,ISLAND,ID,1990 land cover,X1990_CONF,Final land use KLHK,FINAL_LU_UMD,CONF_FINAL,Change 1 year,Change 1 previous cloud free year,Change 1 type,Change 1 confidence,Change 2 year,Change 2 previous cloud free year,Change 2 type,Change 2 confidence,Change 3 year,Change 3 previous cloud free year,Change 3 type,Change 3 confidence,Change 4 year,Change 4 previous cloud free year,Change 4 type,Change 4 confidence,Change 5 year,Change 5 previous cloud free,Change 5 type,Change 5 confidence,Change 6 year,Change 6 previous cloud free,Change 6 type,Change 6 confidence,SPOT,HIGHRES_GE,FY_CF,CHANGE_EVENT,CHANGE_E_CONF,AGREE_DISAGREE,D_EDITS,X1990_NOTES,CLASS_NOTES,CH1_NOTES,CH2_NOTES,CH3_NOTES,CH4_NOTES,CH5_NOTES,CH6_NOTES,NOTES_FINAL
Inggit checked,Inggit checked,COMMISSION,COMMISSION,YES,Edited entry,,Irian Jaya,212,Primary degraded,High,Hutan Sekunder,NON,High,NA,NA,,,NA,NA,,,NA,NA,,,NA,NA,NA,NA,NA,NA,NA,NA,NA,NA,NA,NA,Yes,2015,1996,No,High,Disagree - major,NA,Sample complete!,"Cleared in 1988, but has regrown since, so I believe this meets the KLHK definition for secondary forest",,,NA,NA,NA,NA,Diana edited
Inggit checked,Inggit checked,COMMISSION,AGREE_NON,YES,No edits needed,,Irian Jaya,1454,Non Forest,High,Belukar,NON,High,NA,NA,,,NA,NA,,,NA,NA,,,NA,NA,NA,NA,NA,NA,NA,NA,NA,NA,NA,NA,No,2013,1990,No,High,Agree,NA,Sample complete!,Spot Tidak Tersedia,,,NA,NA,NA,NA,
Inggit checked,Inggit checked,AGREE_FOR,OMISSION,YES,No edits needed,,Irian Jaya,1456,Primary intact,High,Hutan Primer,PIN,High,NA,NA,,,NA,NA,,,NA,NA,,,NA,NA,NA,NA,NA,NA,NA,NA,NA,NA,NA,NA,Yes,none,1996,No,High,Agree,NA,Sample complete!,,,,NA,NA,NA,NA,
Inggit checked,Inggit checked,AGREE_FOR,OMISSION,YES,No edits needed,,Irian Jaya,1459,Primary degraded,High,Hutan Rawa Sekunder,DEG,High,NA,NA,,,NA,NA,,,NA,NA,,,NA,NA,NA,NA,NA,NA,NA,NA,NA,NA,NA,NA,Yes,2012,1990,No,High,Disagree - major,NA,Sample complete!,,,,NA,NA,NA,NA,
Inggit checked,Inggit checked,AGREE_FOR,OMISSION,YES,No edits needed,,Irian Jaya,1460,Primary intact,High,Hutan Primer,PIN,High,NA,NA,,,NA,NA,,,NA,NA,,,NA,NA,NA,NA,NA,NA,NA,NA,NA,NA,NA,NA,Yes,none,1997,No,High,Agree,NA,Sample complete!,,,,NA,NA,NA,NA,
Inggit checked,Inggit checked,COMMISSION,AGREE_NON,YES,No edits needed,,Irian Jaya,1463,Non Forest,High,Belukar,NON,High,NA,NA,,,NA,NA,,,NA,NA,,,NA,NA,NA,NA,NA,NA,NA,NA,NA,NA,NA,NA,Yes,2012,1990,No,High,Agree,NA,Sample complete!,,,,NA,NA,NA,NA,
Inggit checked,Inggit checked,OMISSION,OMISSION,YES,Edited entry,,Irian Jaya,1467,Non Forest,Low,Belukar Rawa,CLEAR_SH,High,,,,,,,,,NA,NA,,,NA,NA,NA,NA,NA,NA,NA,NA,NA,NA,NA,NA,Yes,none,1996,Yes,Low,Disagree - major,NA,,,,,NA,NA,NA,NA,
Inggit checked,Inggit checked,AGREE_FOR,OMISSION,YES,Edited entry,,Irian Jaya,1468,Primary intact,High,Hutan Sekunder,DEG_SL,High,2001,2000,Degraded - Selective Logging,High,NA,NA,,,NA,NA,,,NA,NA,NA,NA,NA,NA,NA,NA,NA,NA,NA,NA,Yes,none,1990,Yes,High,Disagree - major,NA,,,,,NA,NA,NA,NA,
Inggit checked,Inggit checked,AGREE_FOR,OMISSION,YES,No edits needed,,Irian Jaya,1474,Primary intact,High,Hutan Rawa Sekunder,DEG_FI,High,1994,1992,Degraded - Fire,High,NA,NA,,,NA,NA,,,NA,NA,NA,NA,NA,NA,NA,NA,NA,NA,NA,NA,Yes,none,1990,Yes,High,Disagree - major,NA,,,,,NA,NA,NA,NA,
Inggit checked,Inggit checked,OMISSION,AGREE_FOR,YES,Edited entry,,Irian Jaya,1488,Primary intact,High,Hutan Rawa Primer,DEG,High,NA,NA,,,NA,NA,,,NA,NA,,,NA,NA,NA,NA,NA,NA,NA,NA,NA,NA,NA,NA,Yes,none,1990,No,High,Disagree - major,NA,Sample complete!,,,,NA,NA,NA,NA,
Inggit checked,Inggit checked,OMISSION,OMISSION,YES,Edited entry,,Irian Jaya,1505,Non Forest,High,Pemukiman,CLEAR_SE,High,,,,,,,,,,,,,NA,NA,NA,NA,NA,NA,NA,NA,NA,NA,NA,NA,Yes,2014,1990,Yes,High,Disagree - major,NA,,,,,NA,NA,NA,NA,
Inggit checked,Inggit checked,COMMISSION,AGREE_NON,YES,Edited entry,,Irian Jaya,1507,Primary intact,High,Hutan Sekunder,NON,High,1997,1995,Degraded - Natural disturbance,High,NA,NA,,,NA,NA,,,NA,NA,NA,NA,NA,NA,NA,NA,NA,NA,NA,NA,Yes,none,1990,No,High,Agree,NA,Sample complete!,,,,NA,NA,NA,NA,
Inggit checked,Inggit checked,COMMISSION,AGREE_NON,YES,Edited entry,,Irian Jaya,1521,Non Forest,High,Belukar,NON,High,NA,NA,,,NA,NA,,,NA,NA,,,NA,NA,NA,NA,NA,NA,NA,NA,NA,NA,NA,NA,Yes,2016,1990,No,High,Agree,NA,Sample complete!,,,,NA,NA,NA,NA,
Inggit checked,Inggit checked,COMMISSION,AGREE_NON,YES,No edits needed,,Irian Jaya,1523,Non Forest,High,Air,NON,High,NA,NA,,,NA,NA,,,NA,NA,,,NA,NA,NA,NA,NA,NA,NA,NA,NA,NA,NA,NA,No,none,1996,No,High,Agree,NA,Sample complete!,Spot Tidak Tersedia,,,NA,NA,NA,NA,
Inggit checked,Inggit checked,OMISSION,OMISSION,YES,Edited entry,,Irian Jaya,1528,Primary intact,High,Hutan Rawa Primer,DEG_ND,High,,,,,NA,NA,,,NA,NA,,,NA,NA,NA,NA,NA,NA,NA,NA,NA,NA,NA,NA,Yes,2009,1990,Yes,High,Agree,NA,,,,,NA,NA,NA,NA,
Inggit checked,Inggit checked,AGREE_FOR,OMISSION,YES,Edited entry,,Irian Jaya,1555,Primary intact,High,Hutan Primer,DEG_ND,High,,,,,NA,NA,,,NA,NA,,,NA,NA,NA,NA,NA,NA,NA,NA,NA,NA,NA,NA,Yes,none,1990,Yes,Low,Agree,NA,,,,,NA,NA,NA,NA,
Inggit checked,Inggit checked,COMMISSION,COMMISSION,YES,Edited entry,,Irian Jaya,1570,Primary intact,High,Hutan Primer,NON,High,NA,NA,,,NA,NA,,,NA,NA,,,NA,NA,NA,NA,NA,NA,NA,NA,NA,NA,NA,NA,Yes,none,1991,No,High,Disagree - major,NA,Sample complete!,,,,NA,NA,NA,NA,
Inggit checked,Inggit checked,AGREE_FOR,OMISSION,YES,No edits needed,,Irian Jaya,1599,Primary degraded,High,Hutan Sekunder,DEG_NE,High,,,,,NA,NA,,,NA,NA,,,NA,NA,NA,NA,NA,NA,NA,NA,NA,NA,NA,NA,Yes,none,1999,Yes,Low,Disagree - major,NA,,,,,NA,NA,NA,NA,
Inggit checked,Inggit checked,OMISSION,AGREE_FOR,YES,Edited entry,,Irian Jaya,1609,Primary intact,High,Hutan Primer,DEG_SL,High,,,,,NA,NA,,,NA,NA,,,NA,NA,NA,NA,NA,NA,NA,NA,NA,NA,NA,NA,Yes,2012,1990,Yes,High,Disagree - major,NA,,,,,NA,NA,NA,NA,
Inggit checked,Inggit checked,AGREE_FOR,OMISSION,YES,No edits needed,,Irian Jaya,1631,Primary intact,High,Hutan Sekunder,DEG_SL,High,1997,1996,Degraded - Selective Logging,High,NA,NA,,,NA,NA,,,NA,NA,NA,NA,NA,NA,NA,NA,NA,NA,NA,NA,Yes,none,1992,Yes,High,Disagree - major,NA,,,,,NA,NA,NA,NA,Diana edited
Inggit checked,Inggit checked,AGREE_FOR,COMMISSION,YES,No edits needed,,Irian Jaya,1657,Primary intact,High,Hutan Rawa Sekunder,CLEAR_FI,High,1999,1998,Cleared - Fire,High,NA,NA,,,NA,NA,,,NA,NA,NA,NA,NA,NA,NA,NA,NA,NA,NA,NA,Yes,none,1992,Yes,High,Disagree - major,NA,,,,,NA,NA,NA,NA,
Inggit checked,Inggit checked,OMISSION,OMISSION,YES,Edited entry,,Irian Jaya,1679,Non Forest,High,Belukar Rawa,DEG,High,NA,NA,,,NA,NA,,,NA,NA,,,NA,NA,NA,NA,NA,NA,NA,NA,NA,NA,NA,NA,Yes,none,1990,No,High,Agree,NA,Sample complete!,,,,NA,NA,NA,NA,
Inggit checked,Inggit checked,AGREE_FOR,OMISSION,YES,No edits needed,,Irian Jaya,1683,Primary intact,High,Hutan Sekunder,DEG_FI,High,1999,1998,Degraded - Fire,High,NA,NA,,,NA,NA,,,NA,NA,NA,NA,NA,NA,NA,NA,NA,NA,NA,NA,Yes,none,1990,Yes,High,Agree,NA,,,,,NA,NA,NA,NA,
Inggit checked,Inggit checked,OMISSION,OMISSION,YES,No edits needed,,Irian Jaya,1686,Primary intact,High,Hutan Primer,PIN,High,NA,NA,,,NA,NA,,,NA,NA,,,NA,NA,NA,NA,NA,NA,NA,NA,NA,NA,NA,NA,Yes,none,1994,No,High,Agree,NA,Sample complete!,Spot Tidak Tersedia,,,NA,NA,NA,NA,
Inggit checked,Inggit checked,OMISSION,AGREE_NON,YES,Edited entry,,Jawa,2331,Non Forest,High,Pertanian Lahan Kering Campur Semak,CLEAR_SH,High,,,,,NA,NA,,,NA,NA,,,NA,NA,NA,NA,NA,NA,NA,NA,NA,NA,NA,NA,Yes,2014,1994,Yes,High,Disagree - major,NA,,,,,NA,NA,NA,NA,
Inggit checked,Inggit checked,OMISSION,OMISSION,YES,Edited entry,,Jawa,2332,Primary degraded,High,Pertanian Lahan Kering Campur Semak,CLEAR_RO,High,2010,2009,Cleared - Small-holder land use,Low,2015,2014,Cleared - Roading,,NA,NA,,,NA,NA,NA,NA,NA,NA,NA,NA,NA,NA,NA,NA,Yes,2016,1990,Yes,Low,Disagree - minor,NA,,,,,NA,NA,NA,NA,
Inggit checked,Diana checked,OMISSION,OMISSION,YES,Edited entry,,Jawa,2334,Non Forest,High,Pertanian Lahan Kering Campur Semak,NON,High,,,,,,,,,NA,NA,,,NA,NA,NA,NA,NA,NA,NA,NA,NA,NA,NA,NA,Yes,2014,1990,Yes,High,Disagree - major,NA,Sample complete!,,,,NA,NA,NA,NA,Diana edited
Inggit checked,Inggit checked,COMMISSION,AGREE_NON,YES,No edits needed,,Jawa,2335,Non Forest,High,Pertanian Lahan Kering Campur Semak,NON,High,NA,NA,,,NA,NA,,,NA,NA,,,NA,NA,NA,NA,NA,NA,NA,NA,NA,NA,NA,NA,Yes,2017,1990,No,Low,Agree,NA,Sample complete!,,,,NA,NA,NA,NA,
Inggit checked,Inggit checked,OMISSION,AGREE_NON,YES,No edits needed,,Jawa,2338,Non Forest,High,Pertanian Lahan Kering Campur Semak,CLEAR_SH,High,,,,,NA,NA,,,NA,NA,,,NA,NA,NA,NA,NA,NA,NA,NA,NA,NA,NA,NA,Yes,2017,1990,Yes,High,Agree,NA,,,,,NA,NA,NA,NA,
Inggit checked,Inggit checked,AGREE_FOR,OMISSION,YES,No edits needed,,Jawa,2341,Primary degraded,High,Pertanian Lahan Kering Campur Semak,CLEAR_SH,High,1994,1992,Degraded - Selective Logging,Low,2007,2006,Cleared - Small-holder land use,,NA,NA,,,NA,NA,NA,NA,NA,NA,NA,NA,NA,NA,NA,NA,Yes,2014,1990,Yes,Low,Disagree - major,NA,,,,,NA,NA,NA,NA,
Inggit checked,Inggit checked,OMISSION,OMISSION,YES,Edited entry,,Jawa,2344,Non Forest,High,Pertanian Lahan Kering Campur Semak,DEG,High,NA,NA,,,NA,NA,,,NA,NA,,,NA,NA,NA,NA,NA,NA,NA,NA,NA,NA,NA,NA,Yes,2015,1996,No,High,Disagree - major,NA,Sample complete!,,,,NA,NA,NA,NA,
Inggit checked,Inggit checked,OMISSION,OMISSION,YES,Edited entry,,Jawa,2345,Non Forest,High,Pertanian Lahan Kering Campur Semak,DEG,High,NA,NA,,,NA,NA,,,NA,NA,,,NA,NA,NA,NA,NA,NA,NA,NA,NA,NA,NA,NA,Yes,2015,1990,No,High,Agree,NA,Sample complete!,,,,NA,NA,NA,NA,
Inggit checked,Inggit checked,AGREE_FOR,OMISSION,YES,No edits needed,,Jawa,2349,Primary degraded,High,Hutan Sekunder,DEG,High,NA,NA,,,NA,NA,,,NA,NA,,,NA,NA,NA,NA,NA,NA,NA,NA,NA,NA,NA,NA,No,2016,2000,No,High,Agree,NA,Sample complete!,Spot tidak tersedia,,,NA,NA,NA,NA,
Inggit checked,Inggit checked,AGREE_FOR,COMMISSION,YES,No edits needed,,Jawa,2354,Primary degraded,Low,Belukar,CLEAR_AB,High,1995,1994,Cleared - Abandoned/transitional,Low,NA,NA,,,NA,NA,,,NA,NA,NA,NA,NA,NA,NA,NA,NA,NA,NA,NA,Yes,2015,1994,Yes,High,Disagree - major,NA,,,,,NA,NA,NA,NA,
Inggit checked,Inggit checked,OMISSION,OMISSION,YES,Edited entry,,Jawa,2370,Non Forest,High,Pertanian Lahan Kering Campur Semak,CLEAR_SH,High,,,,,NA,NA,,,NA,NA,,,NA,NA,NA,NA,NA,NA,NA,NA,NA,NA,NA,NA,Yes,2016,1990,Yes,High,Disagree - minor,NA,,,,,NA,NA,NA,NA,
Inggit checked,Inggit checked,COMMISSION,AGREE_NON,YES,No edits needed,,Jawa,2405,Non Forest,High,Sawah,NON,High,NA,NA,,,NA,NA,,,NA,NA,,,NA,NA,NA,NA,NA,NA,NA,NA,NA,NA,NA,NA,Yes,2016,1994,No,High,Agree,NA,Sample complete!,,,,NA,NA,NA,NA,
Inggit checked,Inggit checked,OMISSION,OMISSION,YES,Edited entry,,Jawa,2734,Non Forest,High,Pertanian Lahan Kering,DEG,High,NA,NA,,,NA,NA,,,NA,NA,,,NA,NA,NA,NA,NA,NA,NA,NA,NA,NA,NA,NA,Yes,2016,1990,No,High,Disagree - major,NA,Sample complete!,,,,NA,NA,NA,NA,
Inggit checked,Inggit checked,AGREE_FOR,OMISSION,YES,No edits needed,,Jawa,2751,Primary degraded,High,Hutan Sekunder,DEG,High,NA,NA,,,NA,NA,,,NA,NA,,,NA,NA,NA,NA,NA,NA,NA,NA,NA,NA,NA,NA,Yes,2015,1997,No,High,Disagree - major,NA,Sample complete!,,,,NA,NA,NA,NA,
Inggit checked,Inggit checked,OMISSION,OMISSION,YES,Edited entry,Plantation since 1990,Jawa,2759,Non Forest,High,Perkebunan,DEG,High,NA,NA,,,NA,NA,,,NA,NA,,,NA,NA,NA,NA,NA,NA,NA,NA,NA,NA,NA,NA,Yes,2014,1990,No,High,Agree,NA,Sample complete!,,,,NA,NA,NA,NA,
Inggit checked,Inggit checked,COMMISSION,AGREE_NON,YES,No edits needed,,Jawa,2782,Non Forest,High,Hutan Tanaman,NON,High,NA,NA,,,NA,NA,,,NA,NA,,,NA,NA,NA,NA,NA,NA,NA,NA,NA,NA,NA,NA,Yes,2017,1995,No,High,Disagree - major,NA,,,,,NA,NA,NA,NA,
Inggit checked,Inggit checked,OMISSION,OMISSION,YES,Edited entry,not primary forest,Jawa,2783,Non Forest,High,Pertanian Lahan Kering Campur Semak,DEG,High,NA,NA,,,NA,NA,,,NA,NA,,,NA,NA,NA,NA,NA,NA,NA,NA,NA,NA,NA,NA,Yes,2016,1990,No,High,Disagree - major,NA,Sample complete!,,,,NA,NA,NA,NA,
Inggit checked,Inggit checked,OMISSION,OMISSION,YES,No edits needed,primary forest fragmented,Jawa,2790,Primary intact,High,Hutan Sekunder,DEG_FI,High,2010,2009,Degraded - Fire,Low,NA,NA,,,NA,NA,,,NA,NA,NA,NA,NA,NA,NA,NA,NA,NA,NA,NA,Yes,2016,1990,Yes,High,Disagree - major,NA,,,,,NA,NA,NA,NA,Diana edited
Inggit checked,Inggit checked,AGREE_FOR,OMISSION,YES,Edited entry,,Kalimantan,3242,Primary degraded,high,Hutan Sekunder,DEG_SL,High,,,,,NA,NA,,,NA,NA,,,NA,NA,,,NA,NA,,,NA,NA,,,Yes,none,1992,yes,low,Disagree - minor,,No cloud free until 1994,,,,,NA,NA,NA,
Inggit checked,Inggit checked,OMISSION,AGREE_FOR,YES,No edits needed,,Kalimantan,3248,Primary degraded,low,belukar,CLEAR_SH,High,1992,1991,Degraded - Nearby clearing,low,2011,2010,Cleared - Small-holder land use,High,NA,NA,,,NA,NA,,,NA,NA,,,NA,NA,,,Yes,none,1990,yes,low,Disagree - minor,,,,,,,NA,NA,NA,
Inggit checked,Inggit checked,COMMISSION,AGREE_NON,YES,No edits needed,,Kalimantan,3249,Non Forest,low,Perkebunan,NON,High,NA,NA,,,NA,NA,,,NA,NA,,,NA,NA,,,NA,NA,,,NA,NA,,,Yes,none,1990,No,low,Disagree - major,,,karet,,,,NA,NA,NA,
Inggit checked,Inggit checked,COMMISSION,COMMISSION,YES,Edited entry,,Kalimantan,3250,Primary intact,high,Hutan Sekunder,NON,High,2016,2015,Degraded - Fire,,NA,NA,,,NA,NA,,,NA,NA,,,NA,NA,,,NA,NA,,,Yes,2015,1990,no,high,Disagree - minor,,,,,,,NA,NA,NA,
Inggit checked,Inggit checked,OMISSION,OMISSION,YES,Edited entry,,Kalimantan,3259,Primary intact,low,Hutan Sekunder,DEG_SL,High,2010,2009,Degraded - Selective Logging,low,NA,NA,,,NA,NA,,,NA,NA,,,NA,NA,,,NA,NA,,,Yes,none,1993,yes,low,Disagree - minor,,,,,,,NA,NA,NA,
Inggit checked,Inggit checked,OMISSION,AGREE_NON,YES,Edited entry,,Kalimantan,3263,Non Forest,High,pertanian Lahan Kering,CLEAR_SH,High,,,,,NA,NA,,,NA,NA,,,NA,NA,,,NA,NA,,,NA,NA,,,Yes,2014,1990,Yes,High,Disagree - major,,,,,,,NA,NA,NA,
Inggit checked,Inggit checked,OMISSION,OMISSION,YES,Edited entry,,Kalimantan,3270,Non Forest,high,Pertanian Lahan Kering Campur Semak,CLEAR_SH,High,,,,,,,,,NA,NA,,,NA,NA,,,NA,NA,,,NA,NA,,,Yes,2015,1990,Yes,High,Disagree - minor,,,,,,,NA,NA,NA,
Inggit checked,Inggit checked,COMMISSION,AGREE_NON,YES,Edited entry,,Kalimantan,3276,Primary degraded,high,Hutan Sekunder,NON,High,NA,NA,,,NA,NA,,,NA,NA,,,NA,NA,,,NA,NA,,,NA,NA,,,Yes,2017,1990,no,high,Disagree - major,,,,,,,NA,NA,NA,
Inggit checked,Inggit checked,AGREE_NON,COMMISSION,YES,No edits needed,,Kalimantan,3278,Non Forest,low,Pertanian Lahan Kering Campur Semak,NON,High,NA,NA,,,NA,NA,,,NA,NA,,,NA,NA,,,NA,NA,,,NA,NA,,,Yes,none,1990,No,low,Agree,,,,,,,NA,NA,NA,
Inggit checked,Inggit checked,OMISSION,AGREE_NON,YES,Edited entry,,Kalimantan,3289,Primary degraded,high,Pertanian Lahan Kering Campur Semak,CLEAR_SH,High,1993,1990,Cleared - Small-holder land use,low,NA,NA,,,NA,NA,,,NA,NA,,,NA,NA,,,NA,NA,,,Yes,2015,1990,yes,high,Disagree - minor,,,,,,,NA,NA,NA,
Inggit checked,Tatik checked,COMMISSION,AGREE_NON,YES,No edits needed,,Kalimantan,3291,Non Forest,high,Pertanian Lahan Kering Campur Semak,NON,High,NA,NA,,,NA,NA,,,NA,NA,,,NA,NA,,,NA,NA,,,NA,NA,,,No,2016,1994,No,high,Disagree - major,,No cloud free until 1994,,,,,NA,NA,NA,
Inggit checked,Inggit checked,OMISSION,AGREE_NON,YES,Edited entry,,Kalimantan,3298,Non Forest,high,Hutan Tanaman,CLEAR_TP,High,,,,,,,,,,,,,NA,NA,,,NA,NA,,,NA,NA,,,Yes,2015,1995,yes,low,Disagree - minor,,No cloud free until 1995,,,,,NA,NA,NA,
Inggit checked,Inggit checked,OMISSION,AGREE_NON,YES,No edits needed,,Kalimantan,3302,Primary degraded,high,Pertanian Lahan Kering Campur Semak,CLEAR_SH,High,1999,1990,Cleared - Small-holder land use,low,NA,NA,,,NA,NA,,,NA,NA,,,NA,NA,,,NA,NA,,,Yes,none,1990,yes,low,Agree,,,HTI,,,,NA,NA,NA,
Inggit checked,Inggit checked,AGREE_FOR,COMMISSION,YES,No edits needed,,Kalimantan,3303,Primary degraded,high,Belukar,CLEAR_AB,High,1996,1994,Degraded - Selective Logging,low,1997,1996,Cleared - Abandoned/transitional,High,NA,NA,,,NA,NA,,,NA,NA,,,NA,NA,,,Yes,none,1994,yes,low,Disagree - minor,,No cloud free until 1994,,,,,NA,NA,NA,
Inggit checked,Inggit checked,OMISSION,OMISSION,YES,Edited entry,,Kalimantan,3308,Non Forest,High,Air,DEG,High,NA,NA,,,NA,NA,,,NA,NA,,,NA,NA,,,NA,NA,,,NA,NA,,,Yes,2016,1990,No,High,Disagree - major,,"ex-meander, at the beginning it was river, but then in 2001 it became land",,,,,NA,NA,NA,
Inggit checked,Inggit checked,OMISSION,OMISSION,YES,No edits needed,,Kalimantan,3309,Primary degraded,high,Pertanian Lahan Kering Campur Semak,CLEAR_SH,High,1997,1991,Degraded - Selective Logging,low,2012,2011,Cleared - Small-holder land use,High,NA,NA,,,NA,NA,,,NA,NA,,,NA,NA,,,No,none,1991,yes,high,Disagree - major,,No cloud free until 1991,Belukar (verifikasi melalui Google Earth),,,,NA,NA,NA,
Inggit checked,Inggit checked,COMMISSION,AGREE_NON,YES,No edits needed,,Kalimantan,3313,Non Forest,high,Belukar,NON,High,NA,NA,,,NA,NA,,,NA,NA,,,NA,NA,,,NA,NA,,,NA,NA,,,Yes,none,1990,No,high,Agree,,,,,,,NA,NA,NA,
Inggit checked,Inggit checked,OMISSION,AGREE_NON,YES,No edits needed,,Kalimantan,3321,Primary degraded,high,Perkebunan,CLEAR_PE,High,1993,1991,Degraded - Selective Logging,High,1996,1995,Cleared - Palm estates,High,NA,NA,,,NA,NA,,,NA,NA,,,NA,NA,,,No,none,1991,Yes,high,Disagree - major,,,,,,,NA,NA,NA,
Inggit checked,Inggit checked,COMMISSION,AGREE_NON,YES,No edits needed,,Kalimantan,3352,Non Forest,high,Belukar Rawa,NON,High,NA,NA,,,NA,NA,,,NA,NA,,,NA,NA,,,NA,NA,,,NA,NA,,,Yes,none,1992,yes,high,Disagree - major,,No free cloud cover until 1992,,,,,NA,NA,NA,
Inggit checked,Inggit checked,OMISSION,AGREE_NON,YES,Edited entry,,Kalimantan,3353,Primary intact,high,Pertanian Lahan Kering Campur Semak,CLEAR_SH,High,1995,1990,Degraded - Nearby clearing,low,1998,1996,Cleared - Small-holder land use,low,NA,NA,,,NA,NA,,,NA,NA,,,NA,NA,,,Yes,2014,1990,yes,high,Disagree - minor,,,,,,,NA,NA,NA,
Inggit checked,Inggit checked,AGREE_FOR,OMISSION,YES,No edits needed,,Kalimantan,3354,Primary degraded,high,Perkebunan,CLEAR_PE,High,1999,1997,Degraded - Fire,High,2010,2009,Cleared - Palm estates,High,NA,NA,,,NA,NA,,,NA,NA,,,NA,NA,,,Yes,2011,1990,Yes,high,Disagree - major,,,,,,,NA,NA,NA,
Inggit checked,Inggit checked,AGREE_FOR,OMISSION,YES,No edits needed,,Kalimantan,3356,Primary degraded,low,Belukar Rawa,CLEAR_AB,High,2003,2002,Degraded - Selective Logging,high,2015,2013,Cleared - Abandoned/transitional,High,NA,NA,,,NA,NA,,,NA,NA,,,NA,NA,,,Yes,2007,1994,yes,high,Disagree - major,,No free cloud cover until 1994,,,,,NA,NA,NA,
Inggit checked,Inggit checked,AGREE_FOR,OMISSION,YES,No edits needed,,Kalimantan,3357,Primary intact,high,Hutan Rawa Sekunder,DEG_NE,High,2001,1993,Degraded - Nearby clearing,High,NA,NA,,,NA,NA,,,NA,NA,,,NA,NA,,,NA,NA,,,Yes,none,1990,Yes,high,Disagree - major,,,,,,,NA,NA,NA,
Inggit checked,Inggit checked,AGREE_FOR,OMISSION,YES,No edits needed,,Kalimantan,3358,Primary degraded,high,Pertanian Lahan Kering Campur Semak,CLEAR_SH,High,2001,1994,Degraded - Nearby clearing,low,2014,2013,Cleared - Small-holder land use,High,NA,NA,,,NA,NA,,,NA,NA,,,NA,NA,,,Yes,2013,1994,yes,high,Disagree - minor,,No free cloud cover until 1994,,,,,NA,NA,NA,
Inggit checked,Inggit checked,OMISSION,AGREE_NON,YES,No edits needed,,Kalimantan,3362,Primary degraded,high,Pertanian Lahan Kering Campur Semak,CLEAR_AB,High,1994,1990,Cleared - Fire,high,1998,1997,Cleared - Abandoned/transitional,High,NA,NA,,,NA,NA,,,NA,NA,,,NA,NA,,,No,none,1990,yes,high,Disagree - major,,,,,,,NA,NA,NA,
Inggit checked,Inggit checked,AGREE_FOR,OMISSION,YES,No edits needed,,Kalimantan,3364,Primary degraded,high,Hutan Rawa Sekunder,DEG_SL,High,2001,1997,Degraded - Selective Logging,High,NA,NA,,,NA,NA,,,NA,NA,,,NA,NA,,,NA,NA,,,Yes,none,1990,Yes,high,Disagree - major,,undisturb forest,,,,,NA,NA,NA,
Inggit checked,Inggit checked,AGREE_FOR,OMISSION,YES,No edits needed,,Kalimantan,3367,Primary degraded,high,Hutan Sekunder,DEG,High,NA,NA,,,NA,NA,,,NA,NA,,,NA,NA,,,NA,NA,,,NA,NA,,,Yes,none,1996,No,high,Disagree - major,Diana edited,undisturb forest,,,,,NA,NA,NA,
Inggit checked,Inggit checked,COMMISSION,AGREE_NON,YES,No edits needed,,Kalimantan,3368,Non Forest,high,Belukar Rawa,NON,High,NA,NA,,,NA,NA,,,NA,NA,,,NA,NA,,,NA,NA,,,NA,NA,,,Yes,2015,1990,no,high,Agree,,,,,,,NA,NA,NA,
Inggit checked,Inggit checked,COMMISSION,AGREE_NON,YES,No edits needed,,Kalimantan,3372,Non Forest,high,Pertanian Lahan Kering Campur Semak,NON,High,NA,NA,,,NA,NA,,,NA,NA,,,NA,NA,,,NA,NA,,,NA,NA,,,No,none,1991,No,high,Disagree - minor,,,,,,,NA,NA,NA,
Inggit checked,Inggit checked,OMISSION,AGREE_NON,YES,No edits needed,,Kalimantan,3375,Primary intact,high,Pertanian Lahan Kering Campur Semak,CLEAR_SH,High,1997,1996,Cleared - Abandoned/transitional,high,2015,2014,Cleared - Small-holder land use,Low,NA,NA,,,NA,NA,,,NA,NA,,,NA,NA,,,Yes,none,1990,Yes,high,Disagree - minor,,Sample complete!,,,,,NA,NA,NA,
Inggit checked,Inggit checked,AGREE_NON,COMMISSION,YES,Edited entry,,Kalimantan,3382,Primary degraded,high,Perkebunan,NON,High,2007,2005,Cleared - Palm estates,High,NA,NA,,,NA,NA,,,NA,NA,,,NA,NA,,,NA,NA,,,Yes,2016,1990,No,high,Agree,,,,,,,NA,NA,NA,
Inggit checked,Inggit checked,AGREE_NON,COMMISSION,YES,Edited entry,,Kalimantan,3386,Primary degraded,high,Perkebunan,NON,High,2003,2002,Cleared - Palm estates,,NA,NA,,,NA,NA,,,NA,NA,,,NA,NA,,,NA,NA,,,Yes,none,1990,No,high,Disagree - major,,Sample complete!,,,,,NA,NA,NA,
Inggit checked,Inggit checked,COMMISSION,AGREE_NON,YES,No edits needed,,Kalimantan,3390,Non Forest,high,Belukar Rawa,NON,High,NA,NA,,,NA,NA,,,NA,NA,,,NA,NA,,,NA,NA,,,NA,NA,,,Yes,none,1990,no,high,Agree,,Sample complete!,,,,,NA,NA,NA,
Inggit checked,Inggit checked,OMISSION,AGREE_NON,YES,Edited entry,,Kalimantan,3394,Primary intact,Low,Pertanian Lahan Kering,CLEAR_AB,High,1995,1992,Cleared - Fire,high,2002,2001,Cleared - Abandoned/transitional,Low,NA,NA,,,NA,NA,,,NA,NA,,,NA,NA,,,No,none,1990,yes,high,Agree,,Sample complete!,,fire clearing,,,NA,NA,NA,
Inggit checked,Inggit checked,OMISSION,AGREE_NON,YES,No edits needed,,Kalimantan,3396,Primary degraded,Low,Perkebunan,CLEAR_PE,High,1998,1996,Cleared - Palm estates,High,NA,NA,,,NA,NA,,,NA,NA,,,NA,NA,,,NA,NA,,,Yes,none,1990,yes,high,Agree,,,,,,,NA,NA,NA,
Inggit checked,Inggit checked,OMISSION,OMISSION,YES,Edited entry,,Kalimantan,3422,Primary degraded,Low,Hutan Rawa Primer,CLEAR_SH,High,,,,,,,,,NA,NA,,,NA,NA,,,NA,NA,,,NA,NA,,,Yes,none,1992,yes,high,Agree,,,,,,,NA,NA,NA,
Inggit checked,Inggit checked,AGREE_FOR,OMISSION,YES,No edits needed,,Kalimantan,4335,Primary degraded,Low,Perkebunan,CLEAR_PE,High,2005,2004,Cleared - Palm estates,High,NA,NA,,,NA,NA,,,NA,NA,,,NA,NA,,,NA,NA,,,Yes,none,1994,yes,high,Disagree - major,,Sample complete!,,,,,NA,NA,NA,
Inggit checked,Inggit checked,COMMISSION,AGREE_NON,YES,No edits needed,,Kalimantan,4338,Non Forest,Low,Belukar Rawa,NON,High,NA,NA,,,NA,NA,,,NA,NA,,,NA,NA,,,NA,NA,,,NA,NA,,,Yes,2014,1990,no,Low,Agree,,Sample complete!,,no degr,,,NA,NA,NA,
Inggit checked,Inggit checked,OMISSION,AGREE_FOR,YES,No edits needed,,Kalimantan,4342,Primary degraded,high,Pertanian Lahan Kering Campur Semak,CLEAR_SH,High,2004,2003,Cleared - Small-holder land use,high,NA,NA,,,NA,NA,,,NA,NA,,,NA,NA,,,NA,NA,,,Yes,2016,1991,yes,high,Agree,Diana edited,Sample complete!,,clear,,,NA,NA,NA,
Inggit checked,Inggit checked,OMISSION,OMISSION,YES,No edits needed,,Kalimantan,4343,Primary intact,high,Pertanian Lahan Kering Campur Semak,CLEAR_SH,High,1997,1994,Degraded - Selective Logging,,2007,2006,Cleared - Small-holder land use,High,NA,NA,,,NA,NA,,,NA,NA,,,NA,NA,,,Yes,2016,1990,Yes,High,Disagree - major,,Sample complete!,,no degr,,,NA,NA,NA,
Inggit checked,Inggit checked,AGREE_FOR,COMMISSION,YES,No edits needed,,Kalimantan,4350,Primary degraded,high,Belukar,CLEAR_AB,High,2000,1999,Cleared - Abandoned/transitional,,NA,NA,,,NA,NA,,,NA,NA,,,NA,NA,,,NA,NA,,,Yes,2013,1990,Yes,High,Disagree - major,,Sample complete!,,no degr,,,NA,NA,NA,
Inggit checked,Inggit checked,OMISSION,OMISSION,YES,No edits needed,,Kalimantan,4351,Primary degraded,high,Pertanian Lahan Kering Campur Semak,CLEAR_SH,High,1999,1997,Degraded - Fire,Low,2005,2004,Cleared - Small-holder land use,Low,NA,NA,,,NA,NA,,,NA,NA,,,NA,NA,,,Yes,none,1994,Yes,High,Disagree - major,,,,no degr,,,NA,NA,NA,
Inggit checked,Inggit checked,OMISSION,AGREE_FOR,YES,No edits needed,,Kalimantan,4358,Primary degraded,high,Belukar,CLEAR_OT,High,1999,1998,Degraded - Fire,Low,2005,2004,Degraded - Selective Logging,Low,2016,2015,Cleared - Other,Low,NA,NA,,,NA,NA,,,NA,NA,,,No,2015,1991,yes,High,Disagree - minor,,,,logdegr,,,NA,NA,NA,
Inggit checked,Inggit checked,AGREE_FOR,OMISSION,YES,No edits needed,,Kalimantan,4372,Primary degraded,high,Hutan Mangrove Sekunder,DEG,High,NA,NA,,,NA,NA,,,NA,NA,,,NA,NA,,,NA,NA,,,NA,NA,,,Yes,2016,1994,no,High,Agree,,Sample complete!,,Mangrove,,,NA,NA,NA,
Inggit checked,Inggit checked,OMISSION,AGREE_NON,YES,No edits needed,,Kalimantan,4374,Primary degraded,high,Perkebunan,CLEAR_RU,High,1996,1990,Degraded - Selective Logging,High,1999,1998,Cleared - Rubber,High,NA,NA,,,NA,NA,,,NA,NA,,,NA,NA,,,Yes,none,1990,Yes,High,Disagree - major,,Sample complete!,,no degr,,,NA,NA,NA,
Inggit checked,Inggit checked,OMISSION,AGREE_NON,YES,No edits needed,,Kalimantan,4375,Primary intact,high,Perkebunan,CLEAR_RU,High,1997,1996,Degraded - Selective Logging,High,1999,1998,Cleared - Rubber,,NA,NA,,,NA,NA,,,NA,NA,,,NA,NA,,,Yes,none,1991,Yes,High,Disagree - major,,Sample complete!,,no degr,,,NA,NA,NA,
Inggit checked,Inggit checked,OMISSION,AGREE_FOR,YES,No edits needed,,Kalimantan,4376,Primary degraded,high,Pertanian Lahan Kering Campur Semak,CLEAR_SH,High,1998,1997,Degraded - Fire,Low,2013,2012,Cleared - Small-holder land use,High,NA,NA,,,NA,NA,,,NA,NA,,,NA,NA,,,Yes,none,1990,Yes,High,Disagree - major,,,,no degr,,,NA,NA,NA,
Inggit checked,Inggit checked,COMMISSION,AGREE_NON,YES,No edits needed,,Kalimantan,4379,Non Forest,Low,Perkebunan,NON,High,NA,NA,,,NA,NA,,,NA,NA,,,NA,NA,,,NA,NA,,,NA,NA,,,Yes,none,1991,no,High,Agree,,Sample complete!,,no degr,,,NA,NA,NA,
Inggit checked,Inggit checked,COMMISSION,AGREE_NON,YES,No edits needed,,Kalimantan,4388,Non Forest,high,Pertanian Lahan Kering Campur Semak,NON,High,NA,NA,,,NA,NA,,,NA,NA,,,NA,NA,,,NA,NA,,,NA,NA,,,Yes,none,1990,no,high,Agree,,Sample complete!,,no degr,,,NA,NA,NA,
Inggit checked,Inggit checked,AGREE_FOR,COMMISSION,YES,Edited entry,,Kalimantan,4397,Primary degraded,high,Hutan Sekunder,CLEAR_AB,High,,,,,,,,,NA,NA,,,NA,NA,,,NA,NA,,,NA,NA,,,Yes,none,1994,yes,high,Disagree - major,,Sample complete!,,degr,,,NA,NA,NA,
Inggit checked,Inggit checked,OMISSION,OMISSION,YES,No edits needed,,Kalimantan,4398,Primary degraded,high,Hutan Sekunder,DEG_FI,High,1994,1993,Degraded - Peatland draining nearby,High,1998,1997,Degraded - Fire,,NA,NA,,,NA,NA,,,NA,NA,,,NA,NA,,,No,2015,1990,Yes,high,Disagree - major,,Sample complete!,,no degr,,,NA,NA,NA,
Inggit checked,Inggit checked,OMISSION,AGREE_NON,YES,No edits needed,,Kalimantan,4399,Primary degraded,high,Pertanian Lahan Kering Campur Semak,CLEAR_SH,High,1993,1991,Cleared - Small-holder land use,High,NA,NA,,,NA,NA,,,NA,NA,,,NA,NA,,,NA,NA,,,Yes,2015,1990,Yes,high,Disagree - major,,Sample complete!,,no degr,,,NA,NA,NA,
Inggit checked,Inggit checked,OMISSION,AGREE_NON,YES,No edits needed,,Kalimantan,4401,Primary intact,high,Perkebunan,CLEAR_OT,High,1995,1994,Degraded - Selective Logging,High,1998,1997,Cleared - Other,High,NA,NA,,,NA,NA,,,NA,NA,,,NA,NA,,,Yes,2015,1992,Yes,high,Disagree - major,,Sample complete!,,no degr,,,NA,NA,NA,
Inggit checked,Inggit checked,COMMISSION,COMMISSION,YES,Edited entry,Plantation,Kalimantan,4407,Non Forest,high,Perkebunan,NON,High,NA,NA,,,NA,NA,,,NA,NA,,,NA,NA,,,NA,NA,,,NA,NA,,,Yes,2012,1992,No,high,Disagree - major,,,,degr,,,NA,NA,NA,
Inggit checked,Inggit checked,COMMISSION,AGREE_NON,YES,Edited entry,Plantation,Kalimantan,4415,Primary intact,high,Perkebunan,NON,High,2000,1999,Cleared - Rubber,High,NA,NA,,,NA,NA,,,NA,NA,,,NA,NA,,,NA,NA,,,No,1994,1990,Yes,high,Disagree - major,,Sample complete!,karet,no degr,,,NA,NA,NA,
Inggit checked,Inggit checked,OMISSION,AGREE_NON,YES,No edits needed,,Kalimantan,4421,Primary degraded,high,Perkebunan,CLEAR_AB,High,1997,1996,Degraded - Fire,High,1999,1998,Cleared - Abandoned/transitional,High,NA,NA,,,NA,NA,,,NA,NA,,,NA,NA,,,Yes,2011,1990,Yes,high,Disagree - major,,Sample complete!,,no degr,,,NA,NA,NA,
Inggit checked,Inggit checked,COMMISSION,AGREE_NON,YES,No edits needed,,Kalimantan,4424,Non Forest,high,Perkebunan,NON,High,NA,NA,,,NA,NA,,,NA,NA,,,NA,NA,,,NA,NA,,,NA,NA,,,Yes,2016,1990,No,high,Disagree - minor,,Sample complete!,,degr,,,NA,NA,NA,
Inggit checked,Inggit checked,OMISSION,AGREE_FOR,YES,No edits needed,,Kalimantan,4427,Primary degraded,high,Hutan Sekunder,DEG_NE,High,2001,2000,Degraded - Nearby clearing,Low,NA,NA,,,NA,NA,,,NA,NA,,,NA,NA,,,NA,NA,,,Yes,none,1991,Yes,high,Disagree - minor,,Sample complete!,,no degr,,,NA,NA,NA,
Inggit checked,Inggit checked,COMMISSION,AGREE_NON,YES,No edits needed,in border of logging,Kalimantan,4428,Non Forest,high,Belukar,NON,High,NA,NA,,,NA,NA,,,NA,NA,,,NA,NA,,,NA,NA,,,NA,NA,,,Yes,2016,1990,no,high,Agree,,Sample complete!,,no degr,,,NA,NA,NA,
Inggit checked,Inggit checked,OMISSION,OMISSION,YES,No edits needed,,Kalimantan,4431,Primary degraded,high,Hutan Sekunder,DEG,High,NA,NA,,,NA,NA,,,NA,NA,,,NA,NA,,,NA,NA,,,NA,NA,,,Yes,none,1990,no,high,Agree,,,,no degr,,,NA,NA,NA,
Inggit checked,Inggit checked,OMISSION,OMISSION,YES,No edits needed,,Kalimantan,4435,Primary degraded,high,Hutan Sekunder,DEG,High,NA,NA,,,NA,NA,,,NA,NA,,,NA,NA,,,NA,NA,,,NA,NA,,,No,2016,1990,no,high,Agree,,Sample complete!,,no degr,,,NA,NA,NA,
Inggit checked,Inggit checked,OMISSION,AGREE_FOR,YES,No edits needed,,Kalimantan,4446,Primary degraded,high,Hutan Rawa Sekunder,DEG,High,NA,NA,,,NA,NA,,,NA,NA,,,NA,NA,,,NA,NA,,,NA,NA,,,Yes,2015,1990,no,high,Disagree - major,,Sample complete!,,no degr,,,NA,NA,NA,
Inggit checked,Inggit checked,COMMISSION,AGREE_NON,YES,No edits needed,,Kalimantan,4450,Non Forest,high,Belukar,NON,High,NA,NA,,,NA,NA,,,NA,NA,,,NA,NA,,,NA,NA,,,NA,NA,,,Yes,2009,1991,no,high,Agree,,Sample complete!,,no degr,,,NA,NA,NA,
Inggit checked,Inggit checked,COMMISSION,AGREE_NON,YES,No edits needed,,Kalimantan,4451,Non Forest,high,Belukar Rawa,NON,High,NA,NA,,,NA,NA,,,NA,NA,,,NA,NA,,,NA,NA,,,NA,NA,,,Yes,2015,1990,no,high,Agree,,Sample complete!,,no degr,,,NA,NA,NA,
Inggit checked,Inggit checked,AGREE_FOR,OMISSION,YES,No edits needed,,Kalimantan,4452,Primary degraded,high,Lahan Terbuka,CLEAR_OT,High,2001,1999,Degraded - Natural disturbance,Low,2015,2014,Cleared - Other,Low,NA,NA,,,NA,NA,,,NA,NA,,,NA,NA,,,No,none,1990,Yes,high,Agree,,Sample complete!,,no degr,,,NA,NA,NA,
Inggit checked,Inggit checked,AGREE_FOR,OMISSION,YES,No edits needed,,Kalimantan,4455,Primary intact,high,Hutan Sekunder,DEG_ND,High,1997,1996,Degraded - Natural disturbance,High,NA,NA,,,NA,NA,,,NA,NA,,,NA,NA,,,NA,NA,,,Yes,none,1992,Yes,high,Agree,,Sample complete!,,no degr,,,NA,NA,NA,
Inggit checked,Inggit checked,COMMISSION,AGREE_NON,YES,No edits needed,,Kalimantan,4467,Non Forest,high,Pertanian Lahan Kering Campur Semak,NON,High,NA,NA,,,NA,NA,,,NA,NA,,,NA,NA,,,NA,NA,,,NA,NA,,,Yes,none,1990,no,high,Disagree - major,,Sample complete!,,no degr,,,NA,NA,NA,
Inggit checked,Inggit checked,OMISSION,AGREE_NON,YES,No edits needed,,Kalimantan,4479,Primary intact,high,Tambak,CLEAR_OT,High,2000,1999,Cleared - Other,high,NA,NA,,,NA,NA,,,NA,NA,,,NA,NA,,,NA,NA,,,Yes,2002,1991,yes,high,Agree,,Sample complete!,,,,,NA,NA,NA,
Inggit checked,Inggit checked,AGREE_FOR,OMISSION,YES,No edits needed,,Kalimantan,4481,Primary degraded,high,Belukar,CLEAR_AB,High,1998,1997,Degraded - Selective Logging,high,2012,2011,Cleared - Abandoned/transitional,high,NA,NA,,,NA,NA,,,NA,NA,,,NA,NA,,,No,2014,1990,yes,high,Disagree - major,,Sample complete!,,,,,NA,NA,NA,
Inggit checked,Inggit checked,OMISSION,AGREE_NON,YES,No edits needed,,Kalimantan,4494,Primary degraded,high,Belukar,CLEAR_AB,High,1999,1998,Cleared - Abandoned/transitional,high,2011,2010,Cleared - Abandoned/transitional,High,NA,NA,,,NA,NA,,,NA,NA,,,NA,NA,,,No,2014,1996,yes,high,Agree,,Sample complete!,,,,,NA,NA,NA,
Inggit checked,Inggit checked,AGREE_FOR,OMISSION,YES,No edits needed,,Kalimantan,4501,Primary intact,high,Hutan Sekunder,DEG_SL,High,1998,1997,Degraded - Selective Logging,Low,2001,2000,Degraded - Selective Logging,High,NA,NA,,,NA,NA,,,NA,NA,,,NA,NA,,,Yes,2013,1993,yes,high,Disagree - major,,,,,,,NA,NA,NA,
Inggit checked,Inggit checked,COMMISSION,AGREE_NON,YES,No edits needed,,Kalimantan,4504,Non Forest,high,Belukar,NON,High,NA,NA,,,NA,NA,,,NA,NA,,,NA,NA,,,NA,NA,,,NA,NA,,,Yes,none,1990,No,High,Disagree - major,,,,palm,,,NA,NA,NA,
Inggit checked,Inggit checked,OMISSION,OMISSION,YES,Edited entry,,Kalimantan,4508,Non Forest,high,Pertanian Lahan Kering Campur Semak,DEG_NE,High,,,,,NA,NA,,,NA,NA,,,NA,NA,,,NA,NA,,,NA,NA,,,Yes,2012,1990,Yes,high,Agree,,,,,,,NA,NA,NA,
Inggit checked,Inggit checked,AGREE_FOR,COMMISSION,YES,No edits needed,,Kalimantan,4509,Primary intact,high,Belukar,CLEAR_AB,High,1996,1994,Degraded - Fire,high,1998,1997,Cleared - Fire,high,2007,2006,Cleared - Abandoned/transitional,,NA,NA,,,NA,NA,,,NA,NA,,,Yes,2016,1990,yes,high,Disagree - minor,,Sample complete!,,,,,NA,NA,NA,
Inggit checked,Inggit checked,COMMISSION,AGREE_NON,YES,No edits needed,,Nusa Tenggara,6302,Non Forest,High,Belukar,NON,High,NA,NA,,,NA,NA,,,NA,NA,NA,NA,NA,NA,NA,NA,NA,NA,NA,NA,NA,NA,NA,NA,Yes,2013,1990,No,High,Agree,,Sample complete!,,NA,NA,NA,NA,NA,NA,
Inggit checked,Inggit checked,OMISSION,OMISSION,YES,No edits needed,,Nusa Tenggara,6304,Primary degraded,High,Hutan Sekunder,DEG_SL,High,2004,2003,Degraded - Selective Logging,High,NA,NA,,,NA,NA,NA,NA,NA,NA,NA,NA,NA,NA,NA,NA,NA,NA,NA,NA,Yes,2017,1995,No,High,Disagree - minor,,Sample complete!,,NA,NA,NA,NA,NA,NA,
Inggit checked,Inggit checked,COMMISSION,AGREE_NON,YES,No edits needed,,Nusa Tenggara,6307,Non Forest,High,Pertanian Lahan Kering Campur Semak,NON,High,NA,NA,,,NA,NA,,,NA,NA,NA,NA,NA,NA,NA,NA,NA,NA,NA,NA,NA,NA,NA,NA,Yes,2016,1990,No,High,Agree,,Sample complete!,,NA,NA,NA,NA,NA,NA,
Inggit checked,Inggit checked,AGREE_FOR,OMISSION,YES,No edits needed,,Nusa Tenggara,6309,Primary intact,High,Hutan Sekunder,DEG_ND,High,2015,2014,Degraded - Natural disturbance,,NA,NA,,,NA,NA,NA,NA,NA,NA,NA,NA,NA,NA,NA,NA,NA,NA,NA,NA,Yes,2017,1997,Yes,High,Agree,,,,NA,NA,NA,NA,NA,NA,
Inggit checked,Inggit checked,OMISSION,OMISSION,YES,No edits needed,,Nusa Tenggara,6311,Primary intact,High,Hutan Primer,PIN,High,NA,NA,,,NA,NA,,,NA,NA,NA,NA,NA,NA,NA,NA,NA,NA,NA,NA,NA,NA,NA,NA,Yes,2015,1990,No,High,Disagree - major,,Sample complete!,,NA,NA,NA,NA,NA,NA,
Inggit checked,Inggit checked,COMMISSION,AGREE_NON,YES,No edits needed,,Nusa Tenggara,6312,Non Forest,High,Pertanian Lahan Kering Campur Semak,NON,High,NA,NA,,,NA,NA,,,NA,NA,NA,NA,NA,NA,NA,NA,NA,NA,NA,NA,NA,NA,NA,NA,Yes,2016,1990,No,High,Agree,,Sample complete!,,NA,NA,NA,NA,NA,NA,
Inggit checked,Inggit checked,AGREE_FOR,OMISSION,YES,No edits needed,,Nusa Tenggara,6315,Primary degraded,Low,Hutan Sekunder,DEG,High,NA,NA,,,NA,NA,,,NA,NA,NA,NA,NA,NA,NA,NA,NA,NA,NA,NA,NA,NA,NA,NA,Yes,2017,1990,No,High,Agree,,Sample complete!,,NA,NA,NA,NA,NA,NA,
Inggit checked,Inggit checked,COMMISSION,AGREE_NON,YES,No edits needed,,Nusa Tenggara,6317,Non Forest,High,Belukar,NON,High,NA,NA,,,NA,NA,,,NA,NA,NA,NA,NA,NA,NA,NA,NA,NA,NA,NA,NA,NA,NA,NA,Yes,2013,1990,No,High,Disagree - major,,Sample complete!,,NA,NA,NA,NA,NA,NA,
Inggit checked,Inggit checked,COMMISSION,AGREE_NON,YES,No edits needed,,Nusa Tenggara,6320,Non Forest,High,Belukar,NON,High,NA,NA,,,NA,NA,,,NA,NA,NA,NA,NA,NA,NA,NA,NA,NA,NA,NA,NA,NA,NA,NA,Yes,2016,1990,No,High,Agree,,Sample complete!,,NA,NA,NA,NA,NA,NA,
Inggit checked,Inggit checked,AGREE_FOR,OMISSION,YES,No edits needed,,Nusa Tenggara,6321,Primary intact,High,Hutan Primer,PIN,High,NA,NA,,,NA,NA,,,NA,NA,NA,NA,NA,NA,NA,NA,NA,NA,NA,NA,NA,NA,NA,NA,Yes,2016,1990,No,High,Agree,,Sample complete!,,NA,NA,NA,NA,NA,NA,
Inggit checked,Inggit checked,COMMISSION,AGREE_NON,YES,No edits needed,,Nusa Tenggara,6323,Non Forest,High,Pertanian Lahan Kering Campur Semak,NON,High,NA,NA,,,NA,NA,,,NA,NA,NA,NA,NA,NA,NA,NA,NA,NA,NA,NA,NA,NA,NA,NA,Yes,2013,1990,No,High,Disagree - minor,,Sample complete!,,NA,NA,NA,NA,NA,NA,
Inggit checked,Inggit checked,COMMISSION,AGREE_NON,YES,No edits needed,,Nusa Tenggara,6324,Non Forest,High,Pertanian Lahan Kering Campur Semak,NON,High,NA,NA,,,NA,NA,,,NA,NA,NA,NA,NA,NA,NA,NA,NA,NA,NA,NA,NA,NA,NA,NA,Yes,2016,1990,No,High,Agree,,Sample complete!,,NA,NA,NA,NA,NA,NA,
Inggit checked,Inggit checked,OMISSION,OMISSION,YES,Edited entry,,Nusa Tenggara,6330,Non Forest,High,Pertanian Lahan Kering Campur Semak,DEG,High,NA,NA,,,NA,NA,,,NA,NA,NA,NA,NA,NA,NA,NA,NA,NA,NA,NA,NA,NA,NA,NA,Yes,2017,1990,No,High,Disagree - major,,Sample complete!,,NA,NA,NA,NA,NA,NA,
Inggit checked,Inggit checked,AGREE_FOR,OMISSION,YES,No edits needed,,Nusa Tenggara,6331,Primary degraded,High,Hutan Sekunder,DEG_ND,High,1993,1992,Degraded - Natural disturbance,High,NA,NA,,,NA,NA,NA,NA,NA,NA,NA,NA,NA,NA,NA,NA,NA,NA,NA,NA,Yes,2017,1990,Yes,High,Agree,,,,NA,NA,NA,NA,NA,NA,
Inggit checked,Inggit checked,AGREE_FOR,OMISSION,YES,No edits needed,,Nusa Tenggara,6332,Primary degraded,High,Hutan Sekunder,DEG,High,NA,NA,,,NA,NA,,,NA,NA,NA,NA,NA,NA,NA,NA,NA,NA,NA,NA,NA,NA,NA,NA,Yes,2013,1990,No,High,Agree,,Sample complete!,,NA,NA,NA,NA,NA,NA,
Inggit checked,Inggit checked,AGREE_FOR,OMISSION,YES,No edits needed,,Nusa Tenggara,6333,Primary degraded,High,Hutan Sekunder,DEG,High,NA,NA,,,NA,NA,,,NA,NA,NA,NA,NA,NA,NA,NA,NA,NA,NA,NA,NA,NA,NA,NA,Yes,2009,1990,No,High,Disagree - major,,Sample complete!,,NA,NA,NA,NA,NA,NA,
Inggit checked,Inggit checked,AGREE_FOR,OMISSION,YES,No edits needed,,Nusa Tenggara,6337,Primary degraded,High,Hutan Sekunder,DEG,High,NA,NA,,,NA,NA,,,NA,NA,NA,NA,NA,NA,NA,NA,NA,NA,NA,NA,NA,NA,NA,NA,Yes,2011,1990,No,High,Disagree - major,,Sample complete!,,NA,NA,NA,NA,NA,NA,
Inggit checked,Inggit checked,OMISSION,OMISSION,YES,No edits needed,,Nusa Tenggara,6340,Primary degraded,High,Hutan Sekunder,DEG,High,NA,NA,,,NA,NA,,,NA,NA,NA,NA,NA,NA,NA,NA,NA,NA,NA,NA,NA,NA,NA,NA,Yes,2016,1990,No,High,Disagree - major,,Sample complete!,,NA,NA,NA,NA,NA,NA,
Inggit checked,Inggit checked,AGREE_FOR,OMISSION,YES,No edits needed,,Nusa Tenggara,6341,Primary degraded,High,Hutan Sekunder,DEG,High,NA,NA,,,NA,NA,,,NA,NA,NA,NA,NA,NA,NA,NA,NA,NA,NA,NA,NA,NA,NA,NA,Yes,2016,1990,No,Low,Disagree - major,,Sample complete!,,NA,NA,NA,NA,NA,NA,
Inggit checked,Inggit checked,AGREE_FOR,OMISSION,YES,No edits needed,,Nusa Tenggara,6350,Primary intact,High,Hutan Primer,PIN,High,NA,NA,,,NA,NA,,,NA,NA,NA,NA,NA,NA,NA,NA,NA,NA,NA,NA,NA,NA,NA,NA,Yes,2016,1990,No,High,Agree,,Sample complete!,,NA,NA,NA,NA,NA,NA,
Inggit checked,Inggit checked,AGREE_FOR,OMISSION,YES,No edits needed,,Nusa Tenggara,6352,Primary degraded,High,Hutan Sekunder,DEG,High,NA,NA,,,NA,NA,,,NA,NA,NA,NA,NA,NA,NA,NA,NA,NA,NA,NA,NA,NA,NA,NA,Yes,2016,1990,No,High,Disagree - major,,Sample complete!,,NA,NA,NA,NA,NA,NA,
Inggit checked,Inggit checked,COMMISSION,AGREE_NON,YES,No edits needed,,Nusa Tenggara,6353,Non Forest,High,Belukar,NON,High,NA,NA,,,NA,NA,,,NA,NA,NA,NA,NA,NA,NA,NA,NA,NA,NA,NA,NA,NA,NA,NA,Yes,2016,1990,No,High,Agree,,Sample complete!,,NA,NA,NA,NA,NA,NA,
Inggit checked,Inggit checked,AGREE_FOR,OMISSION,YES,No edits needed,,Nusa Tenggara,6355,Primary degraded,Low,Hutan Sekunder,DEG,High,NA,NA,,,NA,NA,,,NA,NA,NA,NA,NA,NA,NA,NA,NA,NA,NA,NA,NA,NA,NA,NA,Yes,2016,1990,No,High,Disagree - minor,,Sample complete!,,NA,NA,NA,NA,NA,NA,
Inggit checked,Inggit checked,COMMISSION,AGREE_NON,YES,No edits needed,,Nusa Tenggara,6358,Non Forest,High,Belukar,NON,High,NA,NA,,,NA,NA,,,NA,NA,NA,NA,NA,NA,NA,NA,NA,NA,NA,NA,NA,NA,NA,NA,Yes,2016,1990,No,High,Agree,,Sample complete!,,NA,NA,NA,NA,NA,NA,
Inggit checked,Inggit checked,COMMISSION,AGREE_NON,YES,No edits needed,,Nusa Tenggara,6359,Non Forest,High,Pertanian Lahan Kering,NON,High,NA,NA,,,NA,NA,,,NA,NA,NA,NA,NA,NA,NA,NA,NA,NA,NA,NA,NA,NA,NA,NA,Yes,2016,1990,No,High,Disagree - minor,,Sample complete!,,NA,NA,NA,NA,NA,NA,
Inggit checked,Inggit checked,AGREE_FOR,OMISSION,YES,No edits needed,,Nusa Tenggara,6361,Primary degraded,High,Pertanian Lahan Kering Campur Semak,CLEAR_SH,High,2007,2006,Cleared - Small-holder land use,,NA,NA,,,NA,NA,NA,NA,NA,NA,NA,NA,NA,NA,NA,NA,NA,NA,NA,NA,Yes,2017,1990,Yes,High,Disagree - major,,,,NA,NA,NA,NA,NA,NA,
Inggit checked,Inggit checked,COMMISSION,AGREE_NON,YES,No edits needed,,Nusa Tenggara,6362,Non Forest,High,Pertanian Lahan Kering Campur Semak,NON,High,NA,NA,,,NA,NA,,,NA,NA,NA,NA,NA,NA,NA,NA,NA,NA,NA,NA,NA,NA,NA,NA,Yes,2017,1990,No,Low,Agree,,Sample complete!,,NA,NA,NA,NA,NA,NA,
Inggit checked,Inggit checked,AGREE_FOR,OMISSION,YES,No edits needed,,Nusa Tenggara,6365,Primary degraded,High,Hutan Sekunder,DEG_ND,High,1996,1995,Degraded - Natural disturbance,,NA,NA,,,NA,NA,NA,NA,NA,NA,NA,NA,NA,NA,NA,NA,NA,NA,NA,NA,Yes,2017,1990,No,High,Agree,,Sample complete!,Perkebunan smallholder,NA,NA,NA,NA,NA,NA,
Inggit checked,Inggit checked,OMISSION,OMISSION,YES,Edited entry,Non Forest ,Nusa Tenggara,6368,Non Forest,High,Belukar,CLEAR_FI,High,,,,,,,,,NA,NA,NA,NA,NA,NA,NA,NA,NA,NA,NA,NA,NA,NA,NA,NA,Yes,2013,1990,Yes,High,Agree,,,,NA,NA,NA,NA,NA,NA,
Inggit checked,Inggit checked,OMISSION,OMISSION,YES,No edits needed,,Nusa Tenggara,6370,Primary degraded,High,Hutan Sekunder,DEG,High,NA,NA,,,NA,NA,,,NA,NA,NA,NA,NA,NA,NA,NA,NA,NA,NA,NA,NA,NA,NA,NA,Yes,2017,1990,No,High,Agree,,Sample complete!,,NA,NA,NA,NA,NA,NA,
Inggit checked,Inggit checked,AGREE_FOR,OMISSION,YES,No edits needed,,Nusa Tenggara,6374,Primary intact,Low,Hutan Primer,PIN,High,NA,NA,,,NA,NA,,,NA,NA,NA,NA,NA,NA,NA,NA,NA,NA,NA,NA,NA,NA,NA,NA,Yes,2016,1990,No,High,Disagree - major,,Sample complete!,,NA,NA,NA,NA,NA,NA,
Inggit checked,Inggit checked,OMISSION,OMISSION,YES,No edits needed,,Nusa Tenggara,6376,Primary intact,High,Hutan Primer,PIN,High,NA,NA,,,NA,NA,,,NA,NA,NA,NA,NA,NA,NA,NA,NA,NA,NA,NA,NA,NA,NA,NA,Yes,2016,1990,No,High,Disagree - major,,Sample complete!,,NA,NA,NA,NA,NA,NA,
Inggit checked,Inggit checked,AGREE_FOR,OMISSION,YES,No edits needed,,Nusa Tenggara,6382,Primary degraded,High,Hutan Sekunder,DEG_ND,High,2015,2014,Degraded - Natural disturbance,High,NA,NA,,,NA,NA,NA,NA,NA,NA,NA,NA,NA,NA,NA,NA,NA,NA,NA,NA,Yes,2016,1990,Yes,High,Agree,,,,NA,NA,NA,NA,NA,NA,
Inggit checked,Inggit checked,COMMISSION,AGREE_NON,YES,No edits needed,,Nusa Tenggara,6383,Non Forest,High,Savana,NON,High,NA,NA,,,NA,NA,,,NA,NA,NA,NA,NA,NA,NA,NA,NA,NA,NA,NA,NA,NA,NA,NA,Yes,2016,1990,No,High,Agree,,Sample complete!,,NA,NA,NA,NA,NA,NA,
Inggit checked,Inggit checked,OMISSION,AGREE_NON,YES,No edits needed,,Sulawesi,6563,Primary intact,Low,Pertanian Lahan Kering Campur Semak,CLEAR_SH,High,1999,1997,Degraded - Selective Logging,High,2001,2000,Cleared - Small-holder land use,Low,NA,NA,,,NA,NA,,,NA,NA,NA,NA,NA,NA,NA,NA,Yes,2016,1995,Yes,High,Agree,,"image not available until 1994, but in google earth 1990 still forest",,,,,NA,NA,NA,no image 1990
Inggit checked,Inggit checked,OMISSION,AGREE_NON,YES,No edits needed,,Sulawesi,6567,Primary intact,High,Pertanian Lahan Kering Campur Semak,CLEAR_SH,High,1994,1991,Cleared - Abandoned/transitional,Low,2001,2000,Cleared - Small-holder land use,High,NA,NA,,,NA,NA,,,NA,NA,NA,NA,NA,NA,NA,NA,Yes,2013,1991,Yes,High,Disagree - minor,,,,,,,NA,NA,NA,no image 1990
Inggit checked,Inggit checked,AGREE_FOR,OMISSION,YES,No edits needed,,Sulawesi,6569,Primary intact,High,Hutan Sekunder,DEG_SL,High,1993,1991,Degraded - Selective Logging,High,NA,NA,,,NA,NA,,,NA,NA,,,NA,NA,NA,NA,NA,NA,NA,NA,Yes,2014,1990,Yes,High,Disagree - major,,Sample complete!,,,,,NA,NA,NA,
Inggit checked,Inggit checked,AGREE_FOR,OMISSION,YES,No edits needed,,Sulawesi,6571,Primary degraded,High,Pertanian Lahan Kering Campur Semak,CLEAR_SH,Low,2009,2008,Cleared - Small-holder land use,High,NA,NA,,,NA,NA,,,NA,NA,,,NA,NA,NA,NA,NA,NA,NA,NA,No,2016,1990,Yes,High,Agree,,,,,,,NA,NA,NA,
Inggit checked,Inggit checked,OMISSION,OMISSION,YES,Edited entry,,Sulawesi,6575,Non Forest,Low,Pertanian Lahan Kering Campur Semak,DEG_SL,High,,,,,NA,NA,,,NA,NA,,,NA,NA,,,NA,NA,NA,NA,NA,NA,NA,NA,Yes,2015,1990,Yes,High,Agree,,,,,,,NA,NA,NA,
Inggit checked,Inggit checked,AGREE_FOR,OMISSION,YES,No edits needed,,Sulawesi,6578,Primary degraded,Low,Hutan Sekunder,DEG,Low,NA,,,,NA,NA,,,NA,NA,,,NA,NA,,,NA,NA,NA,NA,NA,NA,NA,NA,Yes,2017,1994,No,High,Agree,,Sample complete!,"image not available until 1993, but in google earth 1990 still degraded forest",,,,NA,NA,NA,no image 1990
Inggit checked,Inggit checked,OMISSION,AGREE_FOR,YES,No edits needed,,Sulawesi,6588,Primary degraded,High,Hutan Sekunder,DEG,Low,NA,,,,NA,NA,,,NA,NA,,,NA,NA,,,NA,NA,NA,NA,NA,NA,NA,NA,Yes,2014,1990,No,High,Disagree - major,,Sample complete!,"image not available until 1994, but in google earth since 1990 has non forest",,,,NA,NA,NA,
Inggit checked,Inggit checked,OMISSION,AGREE_NON,YES,No edits needed,,Sulawesi,6590,Primary degraded,Low,Pertanian Lahan Kering Campur Semak,CLEAR_SH,High,2000,1999,Cleared - Small-holder land use,High,NA,NA,,,NA,NA,,,NA,NA,,,NA,NA,NA,NA,NA,NA,NA,NA,Yes,2015,1991,Yes,High,Agree,,image of 1990 not available,,,,,NA,NA,NA,
Inggit checked,Inggit checked,AGREE_FOR,OMISSION,YES,Edited entry,small holder,Sulawesi,6594,Primary degraded,High,Pertanian Lahan Kering Campur Semak,DEG_FI,Low,1998,1997,Cleared - Small-holder land use,High,NA,NA,,,NA,NA,,,NA,NA,,,NA,NA,NA,NA,NA,NA,NA,NA,Yes,2014,1994,Yes,High,Agree,,Sample complete!,,,,,NA,NA,NA,
Inggit checked,Inggit checked,AGREE_FOR,OMISSION,YES,Edited entry,,Sulawesi,6595,Non Forest,High,Pertanian Lahan Kering Campur Semak,CLEAR_SH,High,,,,High,NA,NA,,,NA,NA,,,NA,NA,,,NA,NA,NA,NA,NA,NA,NA,NA,Yes,2014,1994,Yes,High,Disagree - major,,Sample complete!,"image not available until 1993, but in google earth since 1990 has non forest",,,,NA,NA,NA,
Inggit checked,Inggit checked,COMMISSION,AGREE_NON,YES,No edits needed,,Sulawesi,6608,Non Forest,High,Pertanian Lahan Kering,NON,High,NA,,,,NA,NA,,,NA,NA,,,NA,NA,,,NA,NA,NA,NA,NA,NA,NA,NA,No,2016,1994,No,High,Agree,,Sample complete!,,,,,NA,NA,NA,
Inggit checked,Inggit checked,AGREE_FOR,OMISSION,YES,No edits needed,,Sulawesi,6611,Primary intact,High,Hutan Sekunder,DEG_FI,High,1997,1995,Degraded - Fire,High,NA,NA,,,NA,NA,,,NA,NA,,,NA,NA,NA,NA,NA,NA,NA,NA,Yes,2016,1990,Yes,High,Disagree - minor,,,,,,,NA,NA,NA,
Inggit checked,Inggit checked,OMISSION,AGREE_NON,YES,Edited entry,,Sulawesi,6612,Non Forest,High,Pertanian Lahan Kering Campur Semak,CLEAR_SH,Low,,,,,NA,NA,,,NA,NA,,,NA,NA,,,NA,NA,NA,NA,NA,NA,NA,NA,Yes,2016,1991,Yes,High,Disagree - major,,Sample complete!,,,,,NA,NA,NA,
Inggit checked,Inggit checked,OMISSION,OMISSION,YES,No edits needed,,Sulawesi,6618,Primary degraded,High,Pertanian Lahan Kering Campur Semak,CLEAR_SH,High,2003,2001,Cleared - Small-holder land use,High,NA,NA,,,NA,NA,,,NA,NA,,,NA,NA,NA,NA,NA,NA,NA,NA,No,none,1994,Yes,High,Agree,,,,,,,NA,NA,NA,
Inggit checked,Inggit checked,OMISSION,OMISSION,YES,No edits needed,,Sulawesi,6621,Primary intact,High,Pertanian Lahan Kering,CLEAR_SH,High,2013,2012,Cleared - Small-holder land use,High,NA,NA,,,NA,NA,,,NA,NA,,,NA,NA,NA,NA,NA,NA,NA,NA,Yes,2015,1994,Yes,High,Agree,,,,,,,NA,NA,NA,
Inggit checked,Inggit checked,OMISSION,OMISSION,YES,Edited entry,,Sulawesi,6623,Non Forest,High,Pertanian Lahan Kering,CLEAR_SH,Low,,,,,NA,NA,,,NA,NA,,,NA,NA,,,NA,NA,NA,NA,NA,NA,NA,NA,Yes,2015,1995,Yes,High,Agree,,Sample complete!,,,,,NA,NA,NA,
Inggit checked,Inggit checked,OMISSION,AGREE_NON,YES,No edits needed,,Sulawesi,6626,Primary degraded,High,Pertanian Lahan Kering,CLEAR_SH,Low,1994,1991,Degraded - Nearby clearing,High,1998,1997,Cleared - Small-holder land use,High,NA,NA,,,NA,NA,,,NA,NA,NA,NA,NA,NA,NA,NA,Yes,2014,1991,Yes,High,Agree,,Sample complete!,,,,,NA,NA,NA,
Inggit checked,Inggit checked,OMISSION,AGREE_FOR,YES,No edits needed,,Sulawesi,6627,Primary intact,High,Perkebunan,CLEAR_PE,High,2002,2001,Cleared - Abandoned/transitional,High,2012,2011,Cleared - Palm estates,High,NA,NA,,,NA,NA,,,NA,NA,NA,NA,NA,NA,NA,NA,Yes,2015,1990,Yes,High,Disagree - minor,,,,,,,NA,NA,NA,
Inggit checked,Inggit checked,OMISSION,AGREE_FOR,YES,No edits needed,,Sulawesi,6630,Primary degraded,High,Hutan Sekunder,DEG,High,NA,,,,NA,NA,,,NA,NA,,,NA,NA,,,NA,NA,NA,NA,NA,NA,NA,NA,Yes,2016,1994,No,High,Agree,,Sample complete!,,,,,NA,NA,NA,
Inggit checked,Inggit checked,AGREE_FOR,OMISSION,YES,No edits needed,,Sulawesi,6634,Primary intact,High,Hutan Sekunder,DEG_NE,High,1999,1997,Degraded - Nearby clearing,High,NA,NA,,,NA,NA,,,NA,NA,,,NA,NA,NA,NA,NA,NA,NA,NA,Yes,2014,1991,Yes,High,Agree,,,,,,,NA,NA,NA,
Inggit checked,Inggit checked,AGREE_FOR,OMISSION,YES,No edits needed,,Sulawesi,6636,Primary degraded,High,Pertanian Lahan Kering,CLEAR_SH,Low,2013,2011,Cleared - Small-holder land use,High,NA,NA,,,NA,NA,,,NA,NA,,,NA,NA,NA,NA,NA,NA,NA,NA,Yes,2016,1994,Yes,High,Agree,,,,,,,NA,NA,NA,
Inggit checked,Inggit checked,AGREE_FOR,OMISSION,YES,Edited entry,,Sulawesi,6638,Non Forest,High,Perkebunan,CLEAR_PE,High,,,,,NA,NA,,,NA,NA,,,NA,NA,,,NA,NA,NA,NA,NA,NA,NA,NA,Yes,2016,1997,Yes,High,Disagree - major,,,,,,,NA,NA,NA,
Inggit checked,Inggit checked,OMISSION,OMISSION,YES,Edited entry,,Sulawesi,6641,Primary degraded,High,Pertanian Lahan Kering Campur Semak,DEG,High,2015,2014,Cleared - Small-holder land use,High,NA,NA,,,NA,NA,,,NA,NA,,,NA,NA,NA,NA,NA,NA,NA,NA,Yes,2016,2002,No,High,Agree,,Sample complete!,,,,,NA,NA,NA,
Inggit checked,Inggit checked,OMISSION,OMISSION,YES,Edited entry,,Sulawesi,6648,Non Forest,Low,Pertanian Lahan Kering Campur Semak,CLEAR_SH,Low,,,,,,,,,NA,NA,,,NA,NA,,,NA,NA,NA,NA,NA,NA,NA,NA,Yes,2014,1994,Yes,High,Agree,,Sample complete!,,,,,NA,NA,NA,
Inggit checked,Inggit checked,AGREE_FOR,OMISSION,YES,No edits needed,,Sulawesi,6651,Primary intact,High,Hutan Sekunder,DEG_FI,Low,2015,2014,Degraded - Fire,High,NA,NA,,,NA,NA,,,NA,NA,,,NA,NA,NA,NA,NA,NA,NA,NA,Yes,2011,1991,Yes,High,Agree,,Sample complete!,,,,,NA,NA,NA,
Inggit checked,Inggit checked,OMISSION,OMISSION,YES,Edited entry,,Sulawesi,6655,Non Forest,High,Pertanian Lahan Kering Campur Semak,DEG,High,NA,,,,NA,NA,,,NA,NA,,,NA,NA,,,NA,NA,NA,NA,NA,NA,NA,NA,Yes,2016,1994,No,High,Agree,,Sample complete!,,,,,NA,NA,NA,
Inggit checked,Inggit checked,OMISSION,OMISSION,YES,Edited entry,,Sulawesi,7215,Non Forest,Low,Pertanian Lahan Kering Campur Semak,DEG_ND,Low,,,,,NA,NA,,,NA,NA,,,NA,NA,,,NA,NA,NA,NA,NA,NA,NA,NA,No,2015,1991,Yes,High,Agree,,,,,,,NA,NA,NA,
Inggit checked,Inggit checked,OMISSION,AGREE_NON,YES,Edited entry,,Sulawesi,7220,Non Forest,High,Pertanian Lahan Kering Campur Semak,CLEAR_SH,High,,,,High,NA,NA,,,NA,NA,,,NA,NA,,,NA,NA,NA,NA,NA,NA,NA,NA,Yes,2012,1991,Yes,High,Disagree - minor,,,,,,,NA,NA,NA,
Inggit checked,Inggit checked,OMISSION,AGREE_FOR,YES,No edits needed,,Sulawesi,7223,Primary intact,High,Hutan Primer,PIN,High,NA,,,,NA,NA,,,NA,NA,,,NA,NA,,,NA,NA,NA,NA,NA,NA,NA,NA,Yes,none,1995,No,High,Agree,,Sample complete!,,,,,NA,NA,NA,
Inggit checked,Inggit checked,AGREE_FOR,OMISSION,YES,No edits needed,,Sulawesi,7225,Primary intact,High,Hutan Primer,PIN,High,NA,,,,NA,NA,,,NA,NA,,,NA,NA,,,NA,NA,NA,NA,NA,NA,NA,NA,Yes,2016,1994,No,High,Disagree - minor,,Sample complete!,,,,,NA,NA,NA,
Inggit checked,Inggit checked,OMISSION,AGREE_FOR,YES,No edits needed,,Sulawesi,7227,Primary degraded,Low,Hutan Sekunder,DEG_ND,Low,1999,1997,Degraded - Natural disturbance,High,NA,NA,,,NA,NA,,,NA,NA,,,NA,NA,NA,NA,NA,NA,NA,NA,Yes,2014,1997,Yes,High,Disagree - minor,,Data tidak tersedia tahun 1990,,,,,NA,NA,NA,
Inggit checked,Inggit checked,OMISSION,OMISSION,YES,No edits needed,,Sulawesi,7232,Primary intact,High,Hutan Sekunder,DEG_NE,Low,1994,1990,Degraded - Nearby clearing,High,NA,NA,,,NA,NA,,,NA,NA,,,NA,NA,NA,NA,NA,NA,NA,NA,Yes,2014,1990,Yes,High,Agree,,,,,,,NA,NA,NA,
Inggit checked,Inggit checked,OMISSION,AGREE_FOR,YES,No edits needed,,Sulawesi,7241,Primary degraded,High,Hutan Sekunder,DEG,Low,NA,,,,NA,NA,,,NA,NA,,,NA,NA,,,NA,NA,NA,NA,NA,NA,NA,NA,Yes,2014,1994,No,High,Agree,,Sample complete!,,,,,NA,NA,NA,
Inggit checked,Inggit checked,OMISSION,AGREE_NON,YES,Edited entry,,Sulawesi,7251,Non Forest,High,Pertanian Lahan Kering Campur Semak,CLEAR_SH,Low,,,,,NA,NA,,,NA,NA,,,NA,NA,,,NA,NA,NA,NA,NA,NA,NA,NA,Yes,2016,1994,Yes,High,Disagree - minor,,,,,,,NA,NA,NA,
Inggit checked,Inggit checked,AGREE_FOR,OMISSION,YES,No edits needed,,Sulawesi,7258,Primary degraded,High,Hutan Sekunder,DEG_ND,Low,1995,1994,Degraded - Natural disturbance,High,NA,NA,,,NA,NA,,,NA,NA,,,NA,NA,NA,NA,NA,NA,NA,NA,Yes,2016,1994,Yes,High,Agree,,,,,,,NA,NA,NA,
Inggit checked,Inggit checked,OMISSION,OMISSION,YES,Edited entry,,Sulawesi,7259,Non Forest,Low,Pertanian Lahan Kering Campur Semak,CLEAR_SH,High,,,,,,,,,NA,NA,,,NA,NA,,,NA,NA,NA,NA,NA,NA,NA,NA,Yes,2016,1994,Yes,High,Disagree - minor,,Data tidak tersedia tahun 1990,,,,,NA,NA,NA,
Inggit checked,Inggit checked,COMMISSION,AGREE_NON,YES,No edits needed,,Sulawesi,7260,Non Forest,High,Pertanian Lahan Kering Campur Semak,NON,High,NA,,,,NA,NA,,,NA,NA,,,NA,NA,,,NA,NA,NA,NA,NA,NA,NA,NA,Yes,2016,1994,No,High,Agree,,Sample complete!,,,,,NA,NA,NA,
Inggit checked,Inggit checked,AGREE_FOR,OMISSION,YES,No edits needed,,Sumatera,8822,Primary intact,High,Hutan Sekunder,DEG_SL,High,1993,1992,Degraded - Selective Logging,,NA,NA,,,NA,NA,,,NA,NA,,,NA,NA,,,NA,NA,NA,NA,Yes,2015,1990,Yes,High,Disagree - major,,Sample complete!,,,,,,,NA,
Inggit checked,Inggit checked,OMISSION,OMISSION,YES,No edits needed,,Sumatera,8824,Primary intact,High,Belukar,CLEAR_AB,High,1998,1997,Degraded - Fire,High,2016,2015,Cleared - Abandoned/transitional,Low,NA,NA,,,NA,NA,,,NA,NA,,,NA,NA,NA,NA,Yes,2015,1994,Yes,High,Disagree - major,,,,,,,,,NA,
Inggit checked,Inggit checked,OMISSION,AGREE_FOR,YES,No edits needed,,Sumatera,8825,Primary intact,Low,Pertanian Lahan Kering Campur Semak,CLEAR_SH,High,2011,2010,Cleared - Small-holder land use,High,NA,NA,,,NA,NA,,,NA,NA,,,NA,NA,,,NA,NA,NA,NA,Yes,2014,1992,Yes,High,Disagree - major,,,,,,,,,NA,
Inggit checked,Inggit checked,OMISSION,AGREE_FOR,YES,No edits needed,,Sumatera,8832,Primary intact,High,Hutan Primer,PIN,High,NA,NA,,,NA,NA,,,NA,NA,,,NA,NA,,,NA,NA,,,NA,NA,NA,NA,Yes,2015,1990,No,High,Disagree - major,,Sample complete!,,,,,,,NA,
Inggit checked,Inggit checked,COMMISSION,AGREE_NON,YES,No edits needed,,Sumatera,8834,Non Forest,Low,Perkebunan,NON,High,NA,NA,,,NA,NA,,,NA,NA,,,NA,NA,,,NA,NA,,,NA,NA,NA,NA,Yes,2015,1995,No,Low,Agree,,Sample complete!,,,,,,,NA,
Inggit checked,Inggit checked,COMMISSION,AGREE_NON,YES,No edits needed,,Sumatera,8838,Non Forest,High,Air,NON,High,NA,NA,,,NA,NA,,,NA,NA,,,NA,NA,,,NA,NA,,,NA,NA,NA,NA,Yes,2015,1991,No,High,Agree,,Sample complete!,,,,,,,NA,
Inggit checked,Inggit checked,OMISSION,OMISSION,YES,No edits needed,,Sumatera,8841,Primary intact,High,Hutan Primer,PIN,High,NA,NA,,,NA,NA,,,NA,NA,,,NA,NA,,,NA,NA,,,NA,NA,NA,NA,No,2015,1990,No,High,Agree,,Sample complete!,No data SPOT,,,,,,NA,
Inggit checked,Inggit checked,OMISSION,AGREE_FOR,YES,No edits needed,,Sumatera,8842,Primary intact,High,Hutan Primer,PIN,High,NA,NA,,,NA,NA,,,NA,NA,,,NA,NA,,,NA,NA,,,NA,NA,NA,NA,Yes,2015,1990,No,High,Agree,,Sample complete!,,,,,,,NA,
Inggit checked,Inggit checked,AGREE_FOR,OMISSION,YES,No edits needed,,Sumatera,8845,Primary degraded,High,Hutan Sekunder,DEG,High,NA,NA,,,NA,NA,,,NA,NA,,,NA,NA,,,NA,NA,,,NA,NA,NA,NA,Yes,2015,1990,No,High,Disagree - major,,Sample complete!,,,,,,,NA,
Inggit checked,Inggit checked,COMMISSION,AGREE_NON,YES,No edits needed,,Sumatera,8853,Non Forest,High,Perkebunan,NON,High,NA,NA,,,NA,NA,,,NA,NA,,,NA,NA,,,NA,NA,,,NA,NA,NA,NA,Yes,none,1993,No,High,Agree,,Sample complete!,,,,,,,NA,
Inggit checked,Inggit checked,COMMISSION,AGREE_NON,YES,No edits needed,,Sumatera,8861,Non Forest,High,Perkebunan,NON,High,NA,NA,,,NA,NA,,,NA,NA,,,NA,NA,,,NA,NA,,,NA,NA,NA,NA,Yes,none,1991,No,High,Disagree - minor,,Sample complete!,,,,,,,NA,
Inggit checked,Inggit checked,COMMISSION,AGREE_NON,YES,No edits needed,,Sumatera,8863,Non Forest,High,Belukar,NON,High,NA,NA,,,NA,NA,,,NA,NA,,,NA,NA,,,NA,NA,,,NA,NA,NA,NA,Yes,2012,1995,No,High,Agree,,Sample complete!,,,,,,,NA,
Inggit checked,Inggit checked,OMISSION,OMISSION,YES,No edits needed,,Sumatera,8868,Primary intact,High,Hutan Sekunder,DEG_SL,High,1999,1998,Degraded - Selective Logging,High,NA,NA,,,NA,NA,,,NA,NA,,,NA,NA,,,NA,NA,NA,NA,Yes,2016,1990,Yes,High,Disagree - major,,,,,,,,,NA,
Inggit checked,Inggit checked,OMISSION,OMISSION,YES,No edits needed,,Sumatera,8870,Primary degraded,High,Hutan Sekunder,DEG,High,NA,NA,,,NA,NA,,,NA,NA,,,NA,NA,,,NA,NA,,,NA,NA,NA,NA,Yes,2016,1990,No,High,Disagree - major,,Sample complete!,,,,,,,NA,
Inggit checked,Inggit checked,OMISSION,OMISSION,YES,No edits needed,,Sumatera,8872,Primary degraded,High,Hutan Sekunder,DEG,High,NA,NA,,,NA,NA,,,NA,NA,,,NA,NA,,,NA,NA,,,NA,NA,NA,NA,Yes,2009,1990,No,High,Agree,,Sample complete!,,,,,,,NA,
Inggit checked,Inggit checked,OMISSION,OMISSION,YES,No edits needed,,Sumatera,8875,Primary degraded,High,Hutan Sekunder,DEG,High,NA,NA,,,NA,NA,,,NA,NA,,,NA,NA,,,NA,NA,,,NA,NA,NA,NA,Yes,2015,1990,No,High,Agree,,Sample complete!,,,,,,,NA,
Inggit checked,Inggit checked,OMISSION,AGREE_NON,YES,No edits needed,,Sumatera,8881,Primary intact,Low,Perkebunan,CLEAR_PE,High,1995,1994,Cleared - Palm estates,High,NA,NA,,,NA,NA,,,NA,NA,,,NA,NA,,,NA,NA,NA,NA,Yes,none,1995,Yes,High,Disagree - major,,,,,,,,,NA,
Inggit checked,Inggit checked,OMISSION,AGREE_NON,YES,No edits needed,,Sumatera,8882,Primary degraded,Low,Pertanian Lahan Kering Campur Semak,CLEAR_SH,High,1992,1991,Degraded - Nearby clearing,High,1998,1997,Cleared - Small-holder land use,High,NA,NA,,,NA,NA,,,NA,NA,,,NA,NA,NA,NA,No,2015,1990,Yes,High,Disagree - major,,,No data SPOT,,,,,,NA,
Inggit checked,Inggit checked,OMISSION,AGREE_FOR,YES,No edits needed,,Sumatera,8886,Primary intact,High,Hutan Primer,PIN,High,NA,NA,,,NA,NA,,,NA,NA,,,NA,NA,,,NA,NA,,,NA,NA,NA,NA,No,2015,1993,No,High,Agree,,Sample complete!,No data SPOT,,,,,,NA,
Inggit checked,Inggit checked,OMISSION,COMMISSION,YES,No edits needed,,Sumatera,8887,Primary intact,High,Pertambangan,CLEAR_SH,High,1995,1994,Degraded - Nearby clearing,High,1998,1997,Cleared - Small-holder land use,High,NA,NA,,,NA,NA,,,NA,NA,,,NA,NA,NA,NA,Yes,2015,1990,Yes,High,Disagree - minor,,,,,,,,,NA,
Inggit checked,Inggit checked,OMISSION,OMISSION,YES,No edits needed,,Sumatera,8893,Primary degraded,High,Hutan Sekunder,DEG,High,NA,NA,,,NA,NA,,,NA,NA,,,NA,NA,,,NA,NA,,,NA,NA,NA,NA,Yes,2015,1990,No,High,Agree,,Sample complete!,,,,,,,NA,
Inggit checked,Inggit checked,OMISSION,OMISSION,YES,Edited entry,,Sumatera,8894,Non Forest,High,Pertanian Lahan Kering Campur Semak,DEG,High,NA,NA,,,NA,NA,,,NA,NA,,,NA,NA,,,NA,NA,,,NA,NA,NA,NA,Yes,2014,1990,No,High,Agree,,Sample complete!,,,,,,,NA,
Inggit checked,Inggit checked,AGREE_FOR,OMISSION,YES,No edits needed,,Sumatera,8896,Primary intact,High,Perkebunan,CLEAR_PE,High,1998,1996,Degraded - Fire,High,2013,2012,Cleared - Palm estates,High,NA,NA,,,NA,NA,,,NA,NA,,,NA,NA,NA,NA,Yes,none,1990,Yes,High,Disagree - major,,,,,,,,,NA,
Inggit checked,Inggit checked,OMISSION,OMISSION,YES,No edits needed,,Sumatera,8899,Primary degraded,High,Hutan Sekunder,DEG_NE,High,2013,2012,Degraded - Nearby clearing,High,NA,NA,,,NA,NA,,,NA,NA,,,NA,NA,,,NA,NA,NA,NA,Yes,2012,1990,Yes,High,Agree,,,,,,,,,NA,
Inggit checked,Inggit checked,OMISSION,AGREE_FOR,YES,No edits needed,,Sumatera,8900,Primary intact,High,Hutan Rawa Sekunder,DEG_FI,High,1998,1997,Degraded - Fire,High,NA,NA,,,NA,NA,,,NA,NA,,,NA,NA,,,NA,NA,NA,NA,No,2015,1990,Yes,High,Disagree - major,,,no data SPOT,,,,,,NA,
Inggit checked,Inggit checked,OMISSION,AGREE_NON,YES,No edits needed,,Sumatera,8902,Primary intact,High,Pertanian Lahan Kering Campur Semak,CLEAR_SH,High,1993,1992,Cleared - Small-holder land use,Low,NA,NA,,,NA,NA,,,NA,NA,,,NA,NA,,,NA,NA,NA,NA,Yes,2016,1990,Yes,High,Agree,,,,,,,,,NA,
Inggit checked,Inggit checked,AGREE_FOR,OMISSION,YES,No edits needed,,Sumatera,8905,Primary intact,High,Hutan Primer,PIN,High,NA,NA,,,NA,NA,,,NA,NA,,,NA,NA,,,NA,NA,,,NA,NA,NA,NA,Yes,2012,1990,No,High,Agree,,Sample complete!,,,,,,,NA,
Inggit checked,Inggit checked,OMISSION,OMISSION,YES,No edits needed,,Sumatera,8910,Primary degraded,High,Hutan Sekunder,DEG,High,NA,NA,,,NA,NA,,,NA,NA,,,NA,NA,,,NA,NA,,,NA,NA,NA,NA,Yes,2014,1990,No,High,Disagree - major,,,,,,,,,NA,
Inggit checked,Inggit checked,OMISSION,OMISSION,YES,No edits needed,,Sumatera,8913,Primary degraded,High,Hutan Sekunder,DEG,High,NA,NA,,,NA,NA,,,NA,NA,,,NA,NA,,,NA,NA,,,NA,NA,NA,NA,Yes,2009,1990,No,Low,Disagree - major,,Sample complete!,,,,,,,NA,
Inggit checked,Inggit checked,COMMISSION,AGREE_NON,YES,No edits needed,,Sumatera,8920,Non Forest,High,Perkebunan,NON,High,NA,NA,,,NA,NA,,,NA,NA,,,NA,NA,,,NA,NA,,,NA,NA,NA,NA,Yes,2009,1990,No,High,Agree,,,,,,,,,NA,
Inggit checked,Inggit checked,COMMISSION,AGREE_NON,YES,No edits needed,,Sumatera,8926,Non Forest,High,Pertanian Lahan Kering Campur Semak,NON,High,NA,NA,,,NA,NA,,,NA,NA,,,NA,NA,,,NA,NA,,,NA,NA,NA,NA,Yes,2015,1990,No,High,Agree,,Sample complete!,,,,,,,NA,
Inggit checked,Inggit checked,OMISSION,OMISSION,YES,Edited entry,,Sumatera,8927,Non Forest,High,Perkebunan,PIN,High,NA,NA,,,NA,NA,,,NA,NA,,,NA,NA,,,NA,NA,,,NA,NA,NA,NA,Yes,2013,1992,No,High,Agree,,Sample complete!,,,,,,,NA,
Inggit checked,Inggit checked,OMISSION,OMISSION,YES,Edited entry,,Sumatera,8928,Non Forest,High,Perkebunan,DEG_NE,High,,,,,NA,NA,,,NA,NA,,,NA,NA,,,NA,NA,,,NA,NA,NA,NA,Yes,2013,1990,Yes,High,Disagree - minor,,,,,,,,,NA,
Inggit checked,Inggit checked,OMISSION,OMISSION,YES,No edits needed,,Sumatera,8931,Primary intact,High,Pertanian Lahan Kering Campur Semak,CLEAR_SH,High,1993,1992,Degraded - Selective Logging,High,2015,2014,Cleared - Small-holder land use,High,NA,NA,,,NA,NA,,,NA,NA,,,NA,NA,NA,NA,Yes,2016,1990,Yes,High,Disagree - major,,,,,,,,,NA,
Inggit checked,Inggit checked,OMISSION,OMISSION,YES,No edits needed,,Sumatera,8932,Primary intact,High,Hutan Tanaman,CLEAR_TP,High,2012,2011,Cleared - Tree plantations,Low,NA,NA,,,NA,NA,,,NA,NA,,,NA,NA,,,NA,NA,NA,NA,Yes,2014,1990,Yes,High,Disagree - major,,,,,,,,,NA,
Inggit checked,Inggit checked,COMMISSION,AGREE_NON,YES,No edits needed,,Sumatera,8933,Non Forest,High,Belukar,NON,High,NA,NA,,,NA,NA,,,NA,NA,,,NA,NA,,,NA,NA,,,NA,NA,NA,NA,Yes,2014,1990,No,Low,Disagree - major,,,,,,,,,NA,
Inggit checked,Inggit checked,OMISSION,AGREE_NON,YES,Edited entry,,Sumatera,8934,Non Forest,High,Pertanian Lahan Kering,CLEAR_SH,High,,,,,,,,,NA,NA,,,NA,NA,,,NA,NA,,,NA,NA,NA,NA,Yes,2014,1990,Yes,High,Disagree - major,,Sample complete!,,,,,,,NA,
Inggit checked,Inggit checked,OMISSION,OMISSION,YES,Edited entry,,Sumatera,8937,Non Forest,High,Pertanian Lahan Kering Campur Semak,DEG,High,NA,NA,,,NA,NA,,,NA,NA,,,NA,NA,,,NA,NA,,,NA,NA,NA,NA,Yes,2016,1993,No,High,Agree,,Sample complete!,,,,,,,NA,
Inggit checked,Inggit checked,AGREE_FOR,COMMISSION,YES,No edits needed,,Sumatera,8939,Primary intact,High,Perkebunan,CLEAR_PE,High,1998,1997,Cleared - Roading,High,2007,2006,Cleared - Palm estates,,NA,NA,,,NA,NA,,,NA,NA,,,NA,NA,NA,NA,Yes,2016,1996,Yes,High,Disagree - major,,Sample complete!,,,,,,,NA,
Inggit checked,Inggit checked,OMISSION,OMISSION,YES,No edits needed,,Sumatera,8943,Primary intact,High,Hutan Primer,PIN,High,NA,NA,,,NA,NA,,,NA,NA,,,NA,NA,,,NA,NA,,,NA,NA,NA,NA,No,2016,1992,No,High,Agree,,Sample complete!,,,,,,,NA,
Inggit checked,Inggit checked,OMISSION,AGREE_FOR,YES,No edits needed,,Sumatera,8946,Primary intact,High,Hutan Primer,PIN,High,NA,NA,,,NA,NA,,,NA,NA,,,NA,NA,,,NA,NA,,,NA,NA,NA,NA,Yes,2016,1990,No,High,Agree,,Sample complete!,,,,,,,NA,
Inggit checked,Inggit checked,OMISSION,OMISSION,YES,No edits needed,,Sumatera,8947,Primary degraded,High,Hutan Rawa Sekunder,DEG,High,NA,NA,,,NA,NA,,,NA,NA,,,NA,NA,,,NA,NA,,,NA,NA,NA,NA,Yes,2015,1990,No,High,Disagree - minor,,Sample complete!,,,,,,,NA,
Inggit checked,Inggit checked,OMISSION,AGREE_NON,YES,Edited entry,,Sumatera,8950,Non Forest,High,Pertanian Lahan Kering,CLEAR_SH,High,,,,,NA,NA,,,NA,NA,,,NA,NA,,,NA,NA,,,NA,NA,NA,NA,Yes,2015,1990,Yes,High,Disagree - major,,,,,,,,,NA,
Inggit checked,Inggit checked,OMISSION,AGREE_NON,YES,No edits needed,,Sumatera,8955,Primary degraded,Low,Pertanian Lahan Kering Campur Semak,CLEAR_SH,High,1995,1994,Degraded - Nearby clearing,High,1996,1995,Cleared - Small-holder land use,High,NA,NA,,,NA,NA,,,NA,NA,,,NA,NA,NA,NA,Yes,2013,1990,Yes,High,Disagree - major,,,,,,,,,NA,
Inggit checked,Inggit checked,OMISSION,OMISSION,YES,Edited entry,,Sumatera,8956,Non Forest,High,Pertanian Lahan Kering Campur Semak,DEG,High,NA,NA,,,NA,NA,,,NA,NA,,,NA,NA,,,NA,NA,,,NA,NA,NA,NA,Yes,2013,1990,No,Low,Agree,,Sample complete!,,,,,,,NA,
Inggit checked,Inggit checked,AGREE_FOR,OMISSION,YES,No edits needed,,Sumatera,8960,Primary intact,High,Hutan Tanaman,CLEAR_TP,High,1998,1997,Degraded - Fire,High,2010,2009,Cleared - Tree plantations,High,2015,2014,Cleared - Tree plantations,High,NA,NA,,,NA,NA,,,NA,NA,NA,NA,Yes,2015,1995,Yes,High,Disagree - major,,,,,,,,,NA,
Inggit checked,Inggit checked,OMISSION,AGREE_NON,YES,Edited entry,,Sumatera,8966,Non Forest,High,Pertanian Lahan Kering Campur Semak,CLEAR_SH,High,,,,,NA,NA,,,NA,NA,,,NA,NA,,,NA,NA,,,NA,NA,NA,NA,Yes,2015,1990,Yes,High,Agree,,,,,,,,,NA,
Inggit checked,Inggit checked,AGREE_FOR,OMISSION,YES,Edited entry,,Sumatera,8967,Primary intact,High,Belukar,DEG_FI,High,1998,1997,Cleared - Fire,Low,,,,,NA,NA,,,NA,NA,,,NA,NA,,,NA,NA,NA,NA,No,2017,1990,Yes,High,Disagree - minor,,,Missing data,,,,,,NA,
Inggit checked,Inggit checked,OMISSION,OMISSION,YES,Edited entry,,Sumatera,8972,Non Forest,High,Pertanian Lahan Kering Campur Semak,CLEAR_SH,High,,,,,,,,,NA,NA,,,NA,NA,,,NA,NA,,,NA,NA,NA,NA,Yes,2009,1990,Yes,High,Disagree - major,,,,,,,,,NA,
Inggit checked,Inggit checked,OMISSION,OMISSION,YES,No edits needed,,Sumatera,8979,Primary intact,Low,Belukar,CLEAR_AB,High,1998,1996,Degraded - Fire,Low,2015,2014,Cleared - Abandoned/transitional,,NA,NA,,,NA,NA,,,NA,NA,,,NA,NA,NA,NA,Yes,none,1990,Yes,High,Disagree - major,,,,,,,,,NA,
Inggit checked,Inggit checked,OMISSION,OMISSION,YES,No edits needed,,Sumatera,8981,Primary intact,High,Hutan Sekunder,DEG_SL,High,1999,1998,Degraded - Selective Logging,High,NA,NA,,,NA,NA,,,NA,NA,,,NA,NA,,,NA,NA,NA,NA,Yes,2015,1990,Yes,High,Disagree - major,,,,,,,,,NA,
Inggit checked,Inggit checked,OMISSION,OMISSION,YES,No edits needed,,Sumatera,8984,Primary intact,High,Hutan Primer,PIN,High,NA,NA,,,NA,NA,,,NA,NA,,,NA,NA,,,NA,NA,,,NA,NA,NA,NA,Yes,2014,1990,No,High,Agree,,Sample complete!,,,,,,,NA,
Inggit checked,Inggit checked,OMISSION,OMISSION,YES,No edits needed,,Sumatera,8986,Primary degraded,High,Hutan Sekunder,DEG_NE,High,1996,1995,Degraded - Nearby clearing,Low,NA,NA,,,NA,NA,,,NA,NA,,,NA,NA,,,NA,NA,NA,NA,Yes,2015,1990,Yes,High,Agree,,,,,,,,,NA,
Inggit checked,Inggit checked,OMISSION,OMISSION,YES,Edited entry,,Sumatera,8988,Non Forest,High,Perkebunan,CLEAR_PE,High,,,,,NA,NA,,,NA,NA,,,NA,NA,,,NA,NA,,,NA,NA,NA,NA,Yes,2014,1990,Yes,High,Agree,,,,,,,,,NA,
Inggit checked,Inggit checked,OMISSION,OMISSION,YES,Edited entry,,Sumatera,8991,Non Forest,High,Pertanian Lahan Kering Campur Semak,DEG,High,NA,NA,,,NA,NA,,,NA,NA,,,NA,NA,,,NA,NA,,,NA,NA,NA,NA,Yes,2014,1990,No,High,Agree,,Sample complete!,,,,,,,NA,
Inggit checked,Inggit checked,OMISSION,OMISSION,YES,No edits needed,,Sumatera,8993,Primary degraded,High,Pertambangan,CLEAR_MI,High,1994,1992,Degraded - Nearby clearing,Low,2011,2010,Cleared - Mining,Low,NA,NA,,,NA,NA,,,NA,NA,,,NA,NA,NA,NA,Yes,2016,1990,Yes,High,Agree,,,,,,,,,NA,
Inggit checked,Inggit checked,OMISSION,OMISSION,YES,No edits needed,,Sumatera,8996,Primary intact,High,Hutan Primer,PIN,High,NA,NA,,,NA,NA,,,NA,NA,,,NA,NA,,,NA,NA,,,NA,NA,NA,NA,Yes,2015,1991,No,High,Agree,,Sample complete!,,,,,,,NA,
Inggit checked,Inggit checked,AGREE_FOR,OMISSION,YES,No edits needed,,Sumatera,8997,Primary degraded,High,Hutan Sekunder,DEG,High,NA,NA,,,NA,NA,,,NA,NA,,,NA,NA,,,NA,NA,,,NA,NA,NA,NA,Yes,2015,1991,No,High,Agree,,Sample complete!,,,,,,,NA,
Inggit checked,Inggit checked,OMISSION,OMISSION,YES,Edited entry,,Sumatera,9001,Non Forest,High,Belukar Rawa,CLEAR_AB,High,,,,,,,,,,,,,NA,NA,,,NA,NA,,,NA,NA,NA,NA,Yes,none,1990,Yes,High,Disagree - major,,,,,,,,,NA,
Inggit checked,Inggit checked,OMISSION,AGREE_NON,YES,No edits needed,,Sumatera,9002,Primary intact,High,Perkebunan,CLEAR_OT,High,1994,1993,Cleared - Other,High,2012,2010,Cleared - Other,High,NA,NA,,,NA,NA,,,NA,NA,,,NA,NA,NA,NA,Yes,none,1990,Yes,High,Disagree - major,,,coconut plantation (large),,,,,,NA,
Inggit checked,Inggit checked,AGREE_FOR,OMISSION,YES,No edits needed,,Sumatera,9005,Primary intact,High,Perkebunan,CLEAR_PE,High,1995,1994,Degraded - Selective Logging,Low,1998,1997,Degraded - Fire,High,2012,2011,Cleared - Palm estates,High,NA,NA,,,NA,NA,,,NA,NA,NA,NA,Yes,none,1995,Yes,High,Disagree - major,,,lahan terbuka untuk perkebunan,,,,,,NA,
Inggit checked,Inggit checked,OMISSION,AGREE_NON,YES,Edited entry,,Sumatera,9007,Non Forest,High,Pertanian Lahan Kering,CLEAR_SH,High,,,,,,,,,,,,,NA,NA,,,NA,NA,,,NA,NA,NA,NA,Yes,2014,1990,Yes,High,Disagree - major,,,,,,,,,NA,
Inggit checked,Inggit checked,AGREE_FOR,OMISSION,YES,No edits needed,,Sumatera,9008,Primary degraded,Low,Hutan Sekunder,DEG,High,NA,NA,,,NA,NA,,,NA,NA,,,NA,NA,,,NA,NA,,,NA,NA,NA,NA,No,2014,1999,No,High,Disagree - major,,Sample complete!,,,,,,,NA,
Inggit checked,Inggit checked,AGREE_FOR,OMISSION,YES,No edits needed,,Sumatera,9016,Primary intact,High,Hutan Sekunder,DEG_NE,High,2001,2000,Degraded - Nearby clearing,High,NA,NA,,,NA,NA,,,NA,NA,,,NA,NA,,,NA,NA,NA,NA,Yes,2016,1991,Yes,High,Disagree - major,,,,,,,,,NA,
Inggit checked,Inggit checked,OMISSION,AGREE_NON,YES,Edited entry,,Sumatera,9019,Non Forest,High,Pertanian Lahan Kering,CLEAR_SH,High,,,,,NA,NA,,,NA,NA,,,NA,NA,,,NA,NA,,,NA,NA,NA,NA,No,none,1990,Yes,High,Disagree - major,,,,,,,,,NA,
Inggit checked,Inggit checked,OMISSION,OMISSION,YES,No edits needed,,Sumatera,9020,Primary intact,High,Pertanian Lahan Kering Campur Semak,CLEAR_SH,High,2001,2000,Degraded - Selective Logging,High,2009,2008,Cleared - Small-holder land use,High,NA,NA,,,NA,NA,,,NA,NA,,,NA,NA,NA,NA,Yes,none,1993,Yes,High,Disagree - minor,,,hutan dan pertanian lahan kering,,,,,,NA,
Inggit checked,Inggit checked,OMISSION,OMISSION,YES,Edited entry,,Sumatera,9022,Non Forest,High,Perkebunan,CLEAR_PE,High,,,,,NA,NA,,,NA,NA,,,NA,NA,,,NA,NA,,,NA,NA,NA,NA,Yes,none,1990,Yes,High,Disagree - major,,,sawit,,,,,,NA,
Inggit checked,Inggit checked,OMISSION,OMISSION,YES,No edits needed,,Sumatera,9023,Primary intact,High,Hutan Rawa Sekunder,DEG_NE,High,2009,2008,Degraded - Nearby clearing,High,NA,NA,,,NA,NA,,,NA,NA,,,NA,NA,,,NA,NA,NA,NA,No,2011,1992,Yes,High,Disagree - major,,Sample complete!,missing data,,,,,,NA,
Inggit checked,Inggit checked,OMISSION,AGREE_NON,YES,No edits needed,,Sumatera,9031,Primary degraded,High,Pertanian Lahan Kering Campur Semak,CLEAR_SH,High,1998,1997,Cleared - Abandoned/transitional,High,2011,2010,Cleared - Small-holder land use,High,NA,NA,,,NA,NA,,,NA,NA,,,NA,NA,NA,NA,Yes,none,1993,Yes,High,Disagree - major,,,,,,,,,NA,
Inggit checked,Inggit checked,OMISSION,AGREE_NON,YES,No edits needed,,Sumatera,9038,Primary intact,High,Perkebunan,CLEAR_PE,High,1992,1991,Cleared - Abandoned/transitional,High,1999,1998,Cleared - Palm estates,High,NA,NA,,,NA,NA,,,NA,NA,,,NA,NA,NA,NA,Yes,none,1990,Yes,High,Disagree - minor,,,sawit,,,,,,NA,
Inggit checked,Inggit checked,AGREE_FOR,COMMISSION,YES,No edits needed,,Sumatera,9042,Primary intact,High,Perkebunan,CLEAR_PE,High,1992,1991,Cleared - Roading,High,2012,2011,Cleared - Palm estates,,NA,NA,,,NA,NA,,,NA,NA,,,NA,NA,NA,NA,Yes,2015,1990,Yes,High,Disagree - major,,,,,,,,,NA,
Inggit checked,Inggit checked,OMISSION,OMISSION,YES,No edits needed,,Sumatera,9043,Primary degraded,High,Hutan Sekunder,DEG,High,NA,NA,,,NA,NA,,,NA,NA,,,NA,NA,,,NA,NA,,,NA,NA,NA,NA,Yes,2015,1990,No,High,Disagree - major,,Sample complete!,,,,,,,NA,
Inggit checked,Inggit checked,OMISSION,OMISSION,YES,Edited entry,,Sumatera,9048,Primary degraded,High,Pertanian Lahan Kering Campur Semak,DEG_SL,High,2001,2000,Degraded - Selective Logging,High,2006,2005,Cleared - Small-holder land use,High,NA,NA,,,NA,NA,,,NA,NA,,,NA,NA,NA,NA,Yes,none,1990,Yes,High,Disagree - major,,,,,,,,,NA,
Inggit checked,Inggit checked,OMISSION,AGREE_FOR,YES,No edits needed,,Sumatera,9049,Primary intact,High,Perkebunan,CLEAR_PE,High,2000,1999,Degraded - Nearby clearing,High,2012,2011,Cleared - Palm estates,High,NA,NA,,,NA,NA,,,NA,NA,,,NA,NA,NA,NA,Yes,2015,1990,Yes,High,Disagree - major,Diana edited,,,,,,,,NA,
Inggit checked,Inggit checked,OMISSION,AGREE_NON,YES,No edits needed,,Sumatera,9053,Primary intact,High,Perkebunan,CLEAR_PE,High,1992,1991,Cleared - Abandoned/transitional,High,1997,1996,Cleared - Palm estates,High,NA,NA,,,NA,NA,,,NA,NA,,,NA,NA,NA,NA,Yes,2017,1990,Yes,High,Disagree - minor,,,,,,,,,NA,
Inggit checked,Inggit checked,OMISSION,OMISSION,YES,No edits needed,,Sumatera,9057,Primary degraded,High,Pertanian Lahan Kering Campur Semak,CLEAR_SH,High,2004,2003,Cleared - Small-holder land use,High,NA,NA,,,NA,NA,,,NA,NA,,,NA,NA,,,NA,NA,NA,NA,Yes,2015,1990,Yes,High,Disagree - major,,,,,,,,,NA,
Inggit checked,Inggit checked,OMISSION,AGREE_FOR,YES,No edits needed,,Sumatera,9059,Primary intact,High,Pertanian Lahan Kering Campur Semak,CLEAR_SH,High,2003,2002,Degraded - Nearby clearing,High,2006,2005,Cleared - Small-holder land use,,NA,NA,,,NA,NA,,,NA,NA,,,NA,NA,NA,NA,No,2015,1990,Yes,High,Agree,,,,,,,,,NA,
Inggit checked,Inggit checked,OMISSION,OMISSION,YES,No edits needed,,Sumatera,9062,Primary intact,High,Hutan Rawa Sekunder,DEG_FI,Low,1998,1997,Degraded - Fire,,NA,NA,,,NA,NA,,,NA,NA,,,NA,NA,,,NA,NA,NA,NA,Yes,none,1990,Yes,High,Disagree - major,,Sample complete!,,,,,,,NA,
Inggit checked,Inggit checked,OMISSION,AGREE_NON,YES,No edits needed,,Sumatera,9073,Primary degraded,High,Pertanian Lahan Kering,CLEAR_FI,High,1994,1993,Cleared - Fire,High,NA,NA,,,NA,NA,,,NA,NA,,,NA,NA,,,NA,NA,NA,NA,Yes,none,1994,Yes,High,Disagree - minor,,Sample complete!,,,,,,,NA,
Inggit checked,Inggit checked,OMISSION,AGREE_NON,YES,No edits needed,,Sumatera,9075,Primary degraded,High,Pertanian Lahan Kering Campur Semak,CLEAR_FI,High,1997,1996,Cleared - Fire,High,NA,NA,,,NA,NA,,,NA,NA,,,NA,NA,,,NA,NA,NA,NA,Yes,2015,1990,Yes,High,Disagree - major,,,,,,,,,NA,
Inggit checked,Inggit checked,OMISSION,AGREE_FOR,YES,No edits needed,,Sumatera,9079,Primary intact,High,Perkebunan,CLEAR_PE,High,2010,2009,Degraded - Selective Logging,High,2014,2013,Cleared - Palm estates,High,NA,NA,,,NA,NA,,,NA,NA,,,NA,NA,NA,NA,Yes,2015,1990,Yes,High,Agree,,,,,,,,,NA,
Inggit checked,Inggit checked,OMISSION,AGREE_FOR,YES,No edits needed,,Sumatera,9080,Primary degraded,High,Hutan Sekunder,DEG,High,NA,NA,,,NA,NA,,,NA,NA,,,NA,NA,,,NA,NA,,,NA,NA,NA,NA,Yes,2015,1990,No,High,Agree,,Sample complete!,,,,,,,NA,
Inggit checked,Inggit checked,COMMISSION,AGREE_NON,YES,No edits needed,,Sumatera,9097,Non Forest,High,Perkebunan,NON,High,NA,NA,,,NA,NA,,,NA,NA,,,NA,NA,,,NA,NA,,,NA,NA,NA,NA,Yes,2016,1990,Yes,,Disagree - major,,Sample complete!,,,,,,,NA,
Inggit checked,Inggit checked,OMISSION,AGREE_NON,YES,No edits needed,,Sumatera,9110,Primary degraded,High,Pertanian Lahan Kering Campur Semak,CLEAR_SH,High,1999,1998,Degraded - Selective Logging,High,2001,2000,Cleared - Small-holder land use,High,NA,NA,,,NA,NA,,,NA,NA,,,NA,NA,NA,NA,Yes,2015,1990,Yes,High,Disagree - major,,Sample complete!,,,,,,,NA,
Inggit checked,Inggit checked,OMISSION,AGREE_NON,YES,No edits needed,,Sumatera,9112,Primary intact,High,Perkebunan,CLEAR_PE,High,1997,1996,Degraded - Selective Logging,High,2000,1999,Cleared - Abandoned/transitional,High,2007,2006,Cleared - Palm estates,High,NA,NA,,,NA,NA,,,NA,NA,NA,NA,Yes,2015,1990,Yes,High,Disagree - major,,,,,,,,,NA,
Inggit checked,Inggit checked,AGREE_FOR,OMISSION,YES,No edits needed,,Sumatera,9113,Primary intact,High,Perkebunan,CLEAR_PE,High,2002,2001,Cleared - Palm estates,High,NA,NA,,,NA,NA,,,NA,NA,,,NA,NA,,,NA,NA,NA,NA,Yes,2015,1991,Yes,High,Agree,,,,,,,,,NA,
Inggit checked,Inggit checked,OMISSION,AGREE_FOR,YES,No edits needed,,Sumatera,9124,Primary degraded,High,Hutan Sekunder,DEG,High,NA,NA,,,NA,NA,,,NA,NA,,,NA,NA,,,NA,NA,,,NA,NA,NA,NA,Yes,2016,1990,No,High,Agree,,Sample complete!,,,,,,,NA,
Inggit checked,Inggit checked,COMMISSION,COMMISSION,YES,Edited entry,,Sumatera,9132,Primary degraded,High,Hutan Sekunder,NON,High,NA,NA,,,NA,NA,,,NA,NA,,,NA,NA,,,NA,NA,,,NA,NA,NA,NA,No,2015,1990,No,High,Agree,,Sample complete!,,,,,,,NA,
Inggit checked,Inggit checked,AGREE_FOR,OMISSION,YES,No edits needed,,Sumatera,9135,Primary intact,High,Hutan Tanaman,CLEAR_TP,High,1999,1990,Degraded - Nearby clearing,High,2005,2004,Cleared - Tree plantations,High,2016,2015,Cleared - Tree plantations,,NA,NA,,,NA,NA,,,NA,NA,NA,NA,Yes,2015,1990,Yes,High,Disagree - minor,,,,,,,,,NA,
Inggit checked,Inggit checked,OMISSION,AGREE_NON,YES,No edits needed,,Sumatera,9144,Primary intact,High,Perkebunan,CLEAR_PE,High,1994,1990,Degraded - Nearby clearing,High,1997,1996,Cleared - Palm estates,High,NA,NA,,,NA,NA,,,NA,NA,,,NA,NA,NA,NA,Yes,2015,1994,Yes,High,Agree,,,,,,,,,NA,
Inggit checked,Inggit checked,AGREE_FOR,OMISSION,YES,No edits needed,,Sumatera,9145,Primary intact,High,Hutan Sekunder,DEG_SL,High,2004,2003,Degraded - Selective Logging,High,NA,NA,,,NA,NA,,,NA,NA,,,NA,NA,,,NA,NA,NA,NA,Yes,2015,1990,Yes,High,Agree,,,,,,,,,NA,
Inggit checked,Inggit checked,OMISSION,AGREE_NON,YES,No edits needed,,Sumatera,9146,Primary degraded,High,Perkebunan,CLEAR_PE,High,1998,1997,Cleared - Abandoned/transitional,High,2007,2006,Cleared - Palm estates,High,NA,NA,,,NA,NA,,,NA,NA,,,NA,NA,NA,NA,Yes,2016,1990,Yes,High,Disagree - major,Diana edited,,,,,,,,NA,
Inggit checked,Inggit checked,COMMISSION,COMMISSION,YES,No edits needed,,Sumatera,9155,Non Forest,High,Perkebunan,NON,High,NA,NA,,,NA,NA,,,NA,NA,,,NA,NA,,,NA,NA,,,NA,NA,NA,NA,Yes,2015,1991,No,High,Agree,,Sample complete!,,,,,,,NA,
Inggit checked,Inggit checked,AGREE_FOR,OMISSION,YES,No edits needed,,Sumatera,9157,Primary intact,High,Hutan Rawa Sekunder,DEG_ND,High,1995,1994,Degraded - Natural disturbance,High,2005,2004,Degraded - Natural disturbance,High,NA,NA,,,NA,NA,,,NA,NA,,,NA,NA,NA,NA,Yes,2015,1990,Yes,High,Disagree - minor,,Sample complete!,,,,,,,NA,
