Island Group,Person,Entry-1,SampleID,1990 Landcover,1990 sub-class,First year of cloud-free data,1990 confidence,change event? 1990-2015,change event conf,1990 notes,year of change 1,Prev cloud-free yr 1,change type 1,Confidence change 1,notes change 1,year of change 2,previous cloud-free year 2,change type 2,Confidence change 2,notes change 2,year of change 3,previous cloud-free year 3,change type 3,Confidence change 3,notes change 3,LULC SPOT6/7,Classification Notes,Transition Summary,AGREE or DISAGREE,Spot image?,High Res GE?,More than 3 change events?,Confidence of final interpreter,User,Final interpreter notes,Diana edited notes,year of change 4,previous cloud-free year 4,change type 4,Confidence change 4,notes change 4,year of change 5,previous cloud-free year 5,change type 5,Confidence change 5,notes change 5,year of change 6,previous cloud-free year 6,change type 6,Confidence change 6,notes change 6
Nusa Tenggara,Zuzu,1,6116,Non Forest,NA,1990,High,No,High,Sample complete!,,,,,,,,,,,,,,,,Hutan Tanaman,,  ,Agree,Yes,2017,No,High,Yazid checked,,,,,,,,,,,,,,,,,
Nusa Tenggara,Zuzu,1,6117,Non Forest,NA,1990,High,Yes,High,,,,,,,,,,,,,,,,,Belukar,,  ,Disagree - major,Yes,2013,No,High,Yazid checked,,,,,,,,,,,,,,,,,
Nusa Tenggara,Zuzu,1,6118,Non Forest,NA,1990,High,No,High,Sample complete!,,,,,,,,,,,,,,,,Belukar,,  ,Agree,Yes,2016,No,High,Yazid checked,,,,,,,,,,,,,,,,,
Nusa Tenggara,Zuzu,1,6119,Non Forest,NA,1990,High,No,High,Sample complete!,,,,,,,,,,,,,,,,Savana,,  ,Agree,Yes,2015,No,High,Yazid checked,,,,,,,,,,,,,,,,,
Nusa Tenggara,Zuzu,1,6120,Non Forest,NA,1990,High,No,High,Sample complete!,,,,,,,,,,,,,,,,Pertanian Lahan Kering Campur Semak,,  ,Agree,Yes,2016,No,High,Yazid checked,,,,,,,,,,,,,,,,,
Nusa Tenggara,Zuzu,1,6121,Non Forest,NA,1990,High,No,High,Sample complete!,,,,,,,,,,,,,,,,Lahan Terbuka,,  ,Agree,Yes,2012,No,High,Yazid checked,,,,,,,,,,,,,,,,,
Nusa Tenggara,Zuzu,1,6122,Non Forest,NA,1990,High,No,High,Sample complete!,,,,,,,,,,,,,,,,Savana,,  ,Agree,Yes,2015,No,High,Yazid checked,,,,,,,,,,,,,,,,,
Nusa Tenggara,Zuzu,1,6123,Non Forest,NA,1990,High,No,High,Sample complete!,,,,,,,,,,,,,,,,Sawah,,  ,Agree,Yes,2017,No,High,Yazid checked,,,,,,,,,,,,,,,,,
Nusa Tenggara,Zuzu,1,6124,Primary intact,NA,1990,High,No,High,Sample complete!,,,,,,,,,,,,,,,,Hutan Primer,,  ,Agree,Yes,2012,No,High,Yazid checked,,,,,,,,,,,,,,,,,
Nusa Tenggara,Zuzu,1,6125,Primary intact,NA,1990,High,No,High,Sample complete!,,,,,,,,,,,,,,,,Hutan Primer,,  ,Agree,Yes,2013,No,High,Yazid checked,,,,,,,,,,,,,,,,,
Nusa Tenggara,Zuzu,1,6126,Primary degraded,NA,1990,High,No,High,Sample complete!,,,,,,,,,,,,,,,,Hutan Sekunder,,  ,Disagree - major,Yes,2017,No,High,Yazid checked,,,,,,,,,,,,,,,,,
Nusa Tenggara,Zuzu,1,6127,Non Forest,NA,1990,High,No,High,Sample complete!,,,,,,,,,,,,,,,,Belukar,,  ,Agree,Yes,2016,No,High,Yazid checked,,,,,,,,,,,,,,,,,
Nusa Tenggara,Zuzu,1,6128,Primary intact,NA,1990,High,No,High,Sample complete!,,,,,,,,,,,,,,,,Hutan Primer,,  ,Agree,Yes,2015,No,High,Yazid checked,,,,,,,,,,,,,,,,,
Nusa Tenggara,Zuzu,1,6129,Non Forest,NA,1990,High,No,High,Sample complete!,,,,,,,,,,,,,,,,Lahan Terbuka,,  ,Agree,Yes,2016,No,High,Yazid checked,,,,,,,,,,,,,,,,,
Nusa Tenggara,Zuzu,1,6130,Primary degraded,NA,1990,High,No,High,Sample complete!,,,,,,,,,,,,,,,,Hutan Sekunder,,  ,Disagree - major,Yes,2017,No,High,Yazid checked,,,,,,,,,,,,,,,,,
Nusa Tenggara,Zuzu,1,6131,Non Forest,NA,1990,High,No,High,Sample complete!,,,,,,,,,,,,,,,,Belukar,,  ,Agree,Yes,2013,No,High,Yazid checked,,,,,,,,,,,,,,,,,
Nusa Tenggara,Zuzu,1,6132,Primary intact,NA,1990,High,No,High,Sample complete!,,,,,,,,,,,,,,,,Hutan Primer,,  ,Agree,Yes,2014,No,High,Yazid checked,,,,,,,,,,,,,,,,,
Nusa Tenggara,Zuzu,1,6133,Non Forest,NA,1990,High,No,High,Sample complete!,,,,,,,,,,,,,,,,Hutan Tanaman,,  ,Agree,Yes,2017,No,High,Yazid checked,,,,,,,,,,,,,,,,,
Nusa Tenggara,Zuzu,1,6134,Non Forest,NA,1990,High,No,High,Sample complete!,,,,,,,,,,,,,,,,Belukar,,  ,Agree,Yes,2016,No,High,Yazid checked,,,,,,,,,,,,,,,,,
Nusa Tenggara,Zuzu,1,6135,Non Forest,NA,1990,High,No,High,Sample complete!,,,,,,,,,,,,,,,,Pertanian Lahan Kering Campur Semak,,  ,Agree,Yes,2016,No,High,Yazid checked,,,,,,,,,,,,,,,,,
Nusa Tenggara,Zuzu,1,6136,Primary intact,NA,1995,Low,No,High,Sample complete!,1997,1996,Degraded - Selective Logging,High,,,,,,,,,,,,Hutan Sekunder,,Degraded - Selective Logging  ,Agree,Yes,2017,No,High,Yazid checked,,,,,,,,,,,,,,,,,
Nusa Tenggara,Zuzu,1,6137,Non Forest,NA,1990,High,No,High,Sample complete!,,,,,,,,,,,,,,,,Sawah,,  ,Agree,Yes,2014,No,High,Yazid checked,,,,,,,,,,,,,,,,,
Nusa Tenggara,Zuzu,1,6138,Non Forest,NA,1995,Low,No,High,Sample complete!,,,,,,,,,,,,,,,,Pemukiman,,  ,Agree,Yes,2016,No,High,Yazid checked,,,,,,,,,,,,,,,,,
Nusa Tenggara,Zuzu,1,6139,Non Forest,NA,1990,High,No,High,Sample complete!,,,,,,,,,,,,,,,,Belukar,,  ,Agree,Yes,2016,No,High,Yazid checked,,,,,,,,,,,,,,,,,
Nusa Tenggara,Zuzu,1,6140,Non Forest,NA,1990,High,No,High,Sample complete!,,,,,,,,,,,,,,,,Belukar,,  ,Agree,Yes,2009,No,High,Yazid checked,,,,,,,,,,,,,,,,,
Nusa Tenggara,Zuzu,1,6141,Non Forest,NA,1990,High,No,High,Sample complete!,,,,,,,,,,,,,,,,Savana,,  ,Agree,Yes,2013,No,High,Yazid checked,,,,,,,,,,,,,,,,,
Nusa Tenggara,Zuzu,1,6142,Primary intact,NA,1990,High,No,High,Sample complete!,,,,,,,,,,,,,,,,Hutan Primer,,  ,Agree,Yes,2017,No,High,Yazid checked,,,,,,,,,,,,,,,,,
Nusa Tenggara,Zuzu,1,6143,Non Forest,NA,1990,High,No,High,Sample complete!,,,,,,,,,,,,,,,,Pertanian Lahan Kering Campur Semak,,  ,Agree,Yes,2013,No,High,Yazid checked,,,,,,,,,,,,,,,,,
Nusa Tenggara,Zuzu,1,6144,Non Forest,NA,1990,High,No,High,Sample complete!,,,,,,,,,,,,,,,,Lahan Terbuka,,  ,Agree,Yes,2016,No,High,Yazid checked,,,,,,,,,,,,,,,,,
Nusa Tenggara,Zuzu,1,6145,Primary intact,NA,1990,High,No,High,Sample complete!,,,,,,,,,,,,,,,,Hutan Primer,,  ,Agree,Yes,2009,No,High,Yazid checked,,,,,,,,,,,,,,,,,
Nusa Tenggara,Zuzu,1,6146,Primary degraded,NA,1990,High,No,High,Sample complete!,,,,,,,,,,,,,,,,Hutan Sekunder,,  ,Agree,Yes,2016,No,High,Yazid checked,,,,,,,,,,,,,,,,,
Nusa Tenggara,Zuzu,1,6147,Non Forest,NA,1995,High,No,High,Sample complete!,,,,,,,,,,,,,,,,Pertanian Lahan Kering Campur Semak,,  ,Agree,Yes,2017,No,High,Yazid checked,,,,,,,,,,,,,,,,,
Nusa Tenggara,Zuzu,1,6148,Non Forest,NA,1990,High,No,High,Sample complete!,,,,,,,,,,,,,,,,Lahan Terbuka,,  ,Agree,Yes,2015,No,High,Yazid checked,,,,,,,,,,,,,,,,,
Nusa Tenggara,Zuzu,1,6149,Non Forest,NA,1990,High,No,High,Sample complete!,,,,,,,,,,,,,,,,Belukar,,  ,Agree,Yes,2015,No,High,Yazid checked,,,,,,,,,,,,,,,,,
Nusa Tenggara,Zuzu,1,6150,Non Forest,NA,1995,High,No,High,Sample complete!,,,,,,,,,,,,,,,,Sawah,,  ,Agree,Yes,2017,No,High,Yazid checked,,,,,,,,,,,,,,,,,
Nusa Tenggara,Zuzu,1,6151,Primary degraded,NA,1995,High,No,High,Sample complete!,,,,,,,,,,,,,,,,Hutan Sekunder,,  ,Disagree - major,Yes,2017,No,High,Yazid checked,,,,,,,,,,,,,,,,,
Nusa Tenggara,Zuzu,1,6152,Non Forest,NA,1990,High,No,High,Sample complete!,,,,,,,,,,,,,,,,Pertanian Lahan Kering Campur Semak,,  ,Agree,Yes,2011,No,High,Yazid checked,,,,,,,,,,,,,,,,,
Nusa Tenggara,Zuzu,1,6153,Non Forest,NA,1990,High,No,High,Sample complete!,,,,,,,,,,,,,,,,Pertanian Lahan Kering,,  ,Agree,Yes,2017,No,High,Yazid checked,,,,,,,,,,,,,,,,,
Nusa Tenggara,Zuzu,1,6154,Non Forest,NA,1997,Low,No,High,Sample complete!,,,,,,,,,,,,,,,,Sawah,,  ,Agree,Yes,2014,No,High,Yazid checked,,,,,,,,,,,,,,,,,
Nusa Tenggara,Zuzu,1,6155,Non Forest,NA,1990,High,No,High,Sample complete!,,,,,,,,,,,,,,,,Pertanian Lahan Kering Campur Semak,,  ,Agree,Yes,2017,No,High,Yazid checked,,,,,,,,,,,,,,,,,
Nusa Tenggara,Zuzu,1,6156,Non Forest,NA,1990,High,No,High,Sample complete!,,,,,,,,,,,,,,,,Lahan Terbuka,,  ,Agree,Yes,2013,No,High,Yazid checked,,,,,,,,,,,,,,,,,
Nusa Tenggara,Zuzu,1,6157,Non Forest,NA,1990,High,No,High,Sample complete!,,,,,,,,,,,,,,,,Hutan Tanaman,,  ,Agree,Yes,2017,No,High,Yazid checked,,,,,,,,,,,,,,,,,
Nusa Tenggara,Zuzu,1,6158,Non Forest,NA,1990,High,No,High,Sample complete!,,,,,,,,,,,,,,,,Belukar,,  ,Disagree - major,Yes,2016,No,High,Yazid checked,,,,,,,,,,,,,,,,,
Nusa Tenggara,Zuzu,1,6159,Primary intact,NA,1994,High,No,High,Sample complete!,,,,,,,,,,,,,,,,Hutan Primer,,  ,Agree,Yes,2014,No,High,Yazid checked,,,,,,,,,,,,,,,,,
Nusa Tenggara,Zuzu,1,6160,Primary intact,NA,1994,High,No,High,Sample complete!,,,,,,,,,,,,,,,,Hutan Primer,,  ,Agree,Yes,2016,No,High,Yazid checked,,,,,,,,,,,,,,,,,
Nusa Tenggara,Zuzu,1,6161,Non Forest,NA,1990,High,No,High,Sample complete!,,,,,,,,,,,,,,,,Sawah,,  ,Agree,Yes,2013,No,High,Yazid checked,,,,,,,,,,,,,,,,,
Nusa Tenggara,Zuzu,1,6162,Non Forest,NA,1994,Low,No,High,Sample complete!,,,,,,,,,,,,,,,,Hutan Tanaman,,  ,Disagree - major,Yes,2016,No,High,Yazid checked,,,,,,,,,,,,,,,,,
Nusa Tenggara,Zuzu,1,6163,Non Forest,NA,1990,High,No,High,Sample complete!,,,,,,,,,,,,,,,,Pertanian Lahan Kering Campur Semak,,  ,Agree,Yes,2013,No,High,Yazid checked,,,,,,,,,,,,,,,,,
Nusa Tenggara,Zuzu,1,6164,Non Forest,NA,1990,High,No,High,Sample complete!,,,,,,,,,,,,,,,,Belukar,,  ,Agree,Yes,2012,No,High,Yazid checked,,,,,,,,,,,,,,,,,
Nusa Tenggara,Zuzu,1,6165,Non Forest,NA,1990,High,No,High,Sample complete!,,,,,,,,,,,,,,,,Pertanian Lahan Kering Campur Semak,,  ,Agree,Yes,2016,No,High,Yazid checked,,,,,,,,,,,,,,,,,
Nusa Tenggara,Zuzu,1,6166,Primary intact,NA,1995,Low,No,High,Sample complete!,,,,,,,,,,,,,,,,Hutan Primer,,  ,Agree,Yes,2016,No,High,Yazid checked,,,,,,,,,,,,,,,,,
Nusa Tenggara,Zuzu,1,6167,Non Forest,NA,1990,High,No,High,Sample complete!,,,,,,,,,,,,,,,,Belukar,,  ,Agree,Yes,2017,No,High,Yazid checked,,,,,,,,,,,,,,,,,
Nusa Tenggara,Zuzu,1,6168,Primary intact,NA,1994,High,Yes,High,,2006,2005,Degraded - Nearby clearing,High,,,,,,,,,,,,Hutan Sekunder,,Degraded - Nearby clearing  ,Agree,Yes,2016,No,High,Yazid checked,,,,,,,,,,,,,,,,,
Nusa Tenggara,Zuzu,1,6169,Non Forest,NA,1990,High,No,High,Sample complete!,,,,,,,,,,,,,,,,Pertanian Lahan Kering Campur Semak,,  ,Agree,Yes,2012,No,High,Yazid checked,,,,,,,,,,,,,,,,,
Nusa Tenggara,Zuzu,1,6170,Non Forest,NA,1990,High,No,High,Sample complete!,,,,,,,,,,,,,,,,Pertanian Lahan Kering Campur Semak,,  ,Agree,Yes,2016,No,High,Yazid checked,,,,,,,,,,,,,,,,,
Nusa Tenggara,Zuzu,1,6171,Non Forest,NA,1990,High,No,High,Sample complete!,,,,,,,,,,,,,,,,Belukar,,  ,Agree,Yes,2016,No,High,Yazid checked,,,,,,,,,,,,,,,,,
Nusa Tenggara,Zuzu,1,6172,Primary intact,NA,1990,High,No,High,Sample complete!,,,,,,,,,,,,,,,,Hutan Primer,,  ,Disagree - major,Yes,2017,No,High,Yazid checked,,,,,,,,,,,,,,,,,
Nusa Tenggara,Zuzu,1,6173,Non Forest,NA,1990,High,Yes,High,,,,,,,,,,,,,,,,,Belukar,,  ,Disagree - major,Yes,2015,No,High,Yazid checked,,,,,,,,,,,,,,,,,
Nusa Tenggara,Zuzu,1,6174,Non Forest,NA,1990,High,No,High,Sample complete!,,,,,,,,,,,,,,,,Savana,,  ,Agree,Yes,2017,No,High,Yazid checked,,,,,,,,,,,,,,,,,
Nusa Tenggara,Zuzu,1,6175,Primary intact,NA,1990,High,No,High,Sample complete!,2008,2007,Degraded - Nearby clearing,Low,,2012,2011,Degraded - Nearby clearing,High,,,,,,,Hutan Sekunder,,Degraded - Nearby clearing Degraded - Nearby clearing ,Disagree - major,Yes,2013,No,High,Yazid checked,,,,,,,,,,,,,,,,,
Nusa Tenggara,Zuzu,1,6176,Non Forest,NA,1990,High,No,High,Sample complete!,,,,,,,,,,,,,,,,Belukar,,  ,Agree,Yes,2012,No,High,Yazid checked,,,,,,,,,,,,,,,,,
Nusa Tenggara,Zuzu,1,6177,Primary intact,NA,1990,High,No,High,Sample complete!,,,,,,,,,,,,,,,,Hutan Primer,,  ,Disagree - major,Yes,2017,No,High,Yazid checked,,,,,,,,,,,,,,,,,
Nusa Tenggara,Zuzu,1,6178,Non Forest,NA,1990,High,No,High,Belukar yang berubah menjadi waduk,,,,,,,,,,,,,,,,Air,,  ,Agree,Yes,2013,No,High,Yazid checked,,,,,,,,,,,,,,,,,
Nusa Tenggara,Zuzu,1,6179,Non Forest,NA,1990,High,No,High,Sample complete!,,,,,,,,,,,,,,,,Air,,  ,Disagree - major,Yes,2015,No,High,Yazid checked,,,,,,,,,,,,,,,,,
Nusa Tenggara,Zuzu,1,6180,Non Forest,NA,1990,High,No,High,Sample complete!,,,,,,,,,,,,,,,,Pertanian Lahan Kering Campur Semak,,  ,Agree,Yes,2016,No,High,Yazid checked,,,,,,,,,,,,,,,,,
Nusa Tenggara,Zuzu,1,6181,Non Forest,NA,1990,High,No,High,Sample complete!,,,,,,,,,,,,,,,,Savana,,  ,Agree,Yes,2015,No,High,Yazid checked,,,,,,,,,,,,,,,,,
Nusa Tenggara,Zuzu,1,6182,Non Forest,NA,1990,High,No,High,Sample complete!,,,,,,,,,,,,,,,,Belukar,,  ,Agree,Yes,2013,No,High,Yazid checked,,,,,,,,,,,,,,,,,
Nusa Tenggara,Zuzu,1,6183,Non Forest,NA,1997,High,No,High,Sample complete!,,,,,,,,,,,,,,,,Pertanian Lahan Kering Campur Semak,,  ,Agree,Yes,2016,No,High,Yazid checked,,,,,,,,,,,,,,,,,
Nusa Tenggara,Zuzu,1,6184,Non Forest,NA,1990,Low,No,High,Sample complete!,,,,,,,,,,,,,,,,Belukar,,  ,Agree,Yes,2016,No,High,Yazid checked,,,,,,,,,,,,,,,,,
Nusa Tenggara,Zuzu,1,6185,Non Forest,NA,1990,High,No,High,Sample complete!,,,,,,,,,,,,,,,,Savana,,  ,Agree,Yes,2013,No,High,Yazid checked,,,,,,,,,,,,,,,,,
Nusa Tenggara,Zuzu,1,6186,Non Forest,NA,1990,High,No,High,Sample complete!,,,,,,,,,,,,,,,,Sawah,,  ,Agree,Yes,2017,No,High,Yazid checked,,,,,,,,,,,,,,,,,
Nusa Tenggara,Zuzu,1,6187,Non Forest,NA,1990,High,No,High,Sample complete!,,,,,,,,,,,,,,,,Pertanian Lahan Kering Campur Semak,,  ,Agree,Yes,2017,No,High,Yazid checked,,,,,,,,,,,,,,,,,
Nusa Tenggara,Zuzu,1,6188,Non Forest,NA,1990,High,No,High,Sample complete!,,,,,,,,,,,,,,,,Pertanian Lahan Kering Campur Semak,,  ,Agree,Yes,2016,No,High,Yazid checked,,,,,,,,,,,,,,,,,
Nusa Tenggara,Zuzu,1,6189,Primary degraded,NA,1990,High,Yes,High,,,,,,,,,,,,,,,,,Hutan Sekunder,,  ,Agree,Yes,2011,No,High,Yazid checked,,,,,,,,,,,,,,,,,
Nusa Tenggara,Zuzu,1,6190,Non Forest,NA,1990,High,No,High,Sample complete!,,,,,,,,,,,,,,,,Savana,,  ,Agree,Yes,2015,No,High,Yazid checked,,,,,,,,,,,,,,,,,
Nusa Tenggara,Zuzu,1,6191,Primary degraded,NA,1990,High,No,High,Sample complete!,,,,,,,,,,,,,,,,Hutan Sekunder,,  ,Disagree - major,Yes,2013,No,High,Yazid checked,,,,,,,,,,,,,,,,,
Nusa Tenggara,Zuzu,1,6192,Primary intact,NA,1990,High,No,High,Sample complete!,,,,,,,,,,,,,,,,Hutan Primer,,  ,Disagree - major,Yes,2015,No,High,Yazid checked,,,,,,,,,,,,,,,,,
Nusa Tenggara,Zuzu,1,6193,Non Forest,NA,1990,High,No,High,Sample complete!,,,,,,,,,,,,,,,,Pertanian Lahan Kering Campur Semak,,  ,Agree,Yes,2016,No,High,Yazid checked,,,,,,,,,,,,,,,,,
Nusa Tenggara,Zuzu,1,6194,Non Forest,NA,1990,High,No,High,Sample complete!,,,,,,,,,,,,,,,,Sawah,,  ,Agree,Yes,2017,No,High,Yazid checked,,,,,,,,,,,,,,,,,
Nusa Tenggara,Zuzu,1,6195,Non Forest,NA,1990,High,No,High,Sample complete!,,,,,,,,,,,,,,,,Pertanian Lahan Kering Campur Semak,,  ,Agree,Yes,2011,No,High,Yazid checked,,,,,,,,,,,,,,,,,
Nusa Tenggara,Zuzu,1,6196,Non Forest,NA,1990,High,No,High,Sample complete!,,,,,,,,,,,,,,,,Pertanian Lahan Kering Campur Semak,,  ,Agree,Yes,2016,No,High,Yazid checked,,,,,,,,,,,,,,,,,
Nusa Tenggara,Zuzu,1,6197,Non Forest,NA,1990,High,No,High,Sample complete!,,,,,,,,,,,,,,,,Pertanian Lahan Kering,,  ,Agree,Yes,2017,No,High,Yazid checked,,,,,,,,,,,,,,,,,
Nusa Tenggara,Zuzu,1,6198,Primary degraded,NA,1990,High,No,High,Sample complete!,,,,,,,,,,,,,,,,Hutan Sekunder,,  ,Agree,Yes,2014,No,High,Yazid checked,,,,,,,,,,,,,,,,,
Nusa Tenggara,Zuzu,1,6199,Non Forest,NA,1990,High,No,High,Sample complete!,,,,,,,,,,,,,,,,Belukar,,  ,Agree,Yes,2016,No,High,Yazid checked,,,,,,,,,,,,,,,,,
Nusa Tenggara,Zuzu,1,6200,Non Forest,NA,1990,High,No,High,Sample complete!,,,,,,,,,,,,,,,,Pertanian Lahan Kering Campur Semak,,  ,Agree,Yes,2017,No,High,Yazid checked,,,,,,,,,,,,,,,,,
Nusa Tenggara,Zuzu,1,6201,Non Forest,NA,1990,High,No,High,Sample complete!,,,,,,,,,,,,,,,,Savana,,  ,Agree,Yes,2016,No,High,Yazid checked,,,,,,,,,,,,,,,,,
Nusa Tenggara,Zuzu,1,6202,Non Forest,NA,1995,High,No,High,Sample complete!,,,,,,,,,,,,,,,,Lahan Terbuka,,  ,Agree,Yes,2016,No,High,Yazid checked,,,,,,,,,,,,,,,,,
Nusa Tenggara,Zuzu,1,6203,Primary degraded,NA,1991,Low,No,High,Sample complete!,,,,,,,,,,,,,,,,Hutan Sekunder,,  ,Agree,Yes,2013,No,High,Yazid checked,,,,,,,,,,,,,,,,,
Nusa Tenggara,Zuzu,1,6204,Non Forest,NA,1990,High,No,High,Sample complete!,,,,,,,,,,,,,,,,Pertanian Lahan Kering Campur Semak,,  ,Agree,Yes,2017,No,High,Yazid checked,,,,,,,,,,,,,,,,,
Nusa Tenggara,Zuzu,1,6205,Primary intact,NA,1990,High,No,High,Sample complete!,,,,,,,,,,,,,,,,Hutan Primer,,  ,Agree,Yes,2014,No,High,Yazid checked,,,,,,,,,,,,,,,,,
Nusa Tenggara,Zuzu,2,6206,Primary degraded,NA,1990,High,No,High,Sample complete!,,,,,,,,,,,,,,,,Hutan Mangrove Sekunder,,  ,Agree,Yes,2013,No,High,Rizky checked,,,,,,,,,,,,,,,,,
Nusa Tenggara,Zuzu,2,6207,Non Forest,NA,1990,High,No,High,Sample complete!,,,,,,,,,,,,,,,,Savana,,  ,Agree,Yes,2011,No,High,Rizky checked,,,,,,,,,,,,,,,,,
Nusa Tenggara,Zuzu,2,6208,Non Forest,NA,1990,High,No,High,Sample complete!,,,,,,,,,,,,,,,,Sawah,,  ,Disagree - minor,Yes,2008,No,High,Rizky checked,,,,,,,,,,,,,,,,,
Nusa Tenggara,Zuzu,2,6209,Primary intact,NA,1990,High,No,High,Sample complete!,,,,,,,,,,,,,,,,Hutan Primer,,  ,Agree,Yes,2012,No,High,Rizky checked,,,,,,,,,,,,,,,,,
Nusa Tenggara,Zuzu,2,6210,Non Forest,NA,1995,High,No,High,Sample complete!,,,,,,,,,,,,,,,,Pertanian Lahan Kering Campur Semak,,  ,Disagree - minor,Yes,2013,No,High,Rizky checked,,,,,,,,,,,,,,,,,
Nusa Tenggara,Zuzu,2,6211,Primary degraded,NA,1990,Low,No,High,Sample complete!,,,,,,,,,,,,,,,,Hutan Sekunder,,  ,Agree,Yes,2005,No,Low,Rizky checked,,,,,,,,,,,,,,,,,
Nusa Tenggara,Zuzu,2,6212,Non Forest,NA,1990,High,No,High,Sample complete!,,,,,,,,,,,,,,,,Belukar,,  ,Disagree - minor,Yes,2011,No,High,Rizky checked,,,,,,,,,,,,,,,,,
Nusa Tenggara,Zuzu,2,6213,Non Forest,NA,1990,High,No,High,Sample complete!,,,,,,,,,,,,,,,,Savana,,  ,Disagree - minor,No,2011,No,High,Rizky checked,,,,,,,,,,,,,,,,,
Nusa Tenggara,Zuzu,2,6214,Non Forest,NA,1990,High,No,High,Sample complete!,,,,,,,,,,,,,,,,Pemukiman,,  ,Agree,Yes,2011,No,High,Rizky checked,,,,,,,,,,,,,,,,,
Nusa Tenggara,Zuzu,2,6215,Non Forest,NA,1990,High,No,High,Sample complete!,,,,,,,,,,,,,,,,Savana,,  ,Agree,No,2002,No,High,Rizky checked,,,,,,,,,,,,,,,,,
Nusa Tenggara,Zuzu,2,6216,Non Forest,NA,1990,High,No,High,Sample complete!,,,,,,,,,,,,,,,,Savana,,  ,Disagree - minor,Yes,2005,No,High,Rizky checked,,,,,,,,,,,,,,,,,
Nusa Tenggara,Zuzu,2,6217,Primary intact,NA,1995,High,Yes,High,No free of cloud image during 1990-1994,1999,1998,Cleared - Small-holder land use,Low,,2015,2014,Cleared - Small-holder land use,Low,,,,,,,Pertanian Lahan Kering Campur Semak,,Cleared - Small-holder land use Cleared - Small-holder land use ,Disagree - minor,Yes,2002,No,High,Rizky checked,,,,,,,,,,,,,,,,,
Nusa Tenggara,Zuzu,2,6218,Non Forest,NA,1990,High,No,High,Sample complete!,,,,,,,,,,,,,,,,Savana,,  ,Agree,Yes,2003,No,High,Rizky checked,,,,,,,,,,,,,,,,,
Nusa Tenggara,Zuzu,2,6219,Non Forest,NA,1994,High,No,High,Sample complete!,,,,,,,,,,,,,,,,Belukar,,  ,Disagree - minor,Yes,2003,No,High,Rizky checked,,,,,,,,,,,,,,,,,
Nusa Tenggara,Zuzu,2,6220,Primary degraded,NA,1990,High,No,High,Sample complete!,,,,,,,,,,,,,,,,Hutan Sekunder,,  ,Disagree - major,Yes,2009,No,High,Rizky checked,,,,,,,,,,,,,,,,,
Nusa Tenggara,Zuzu,2,6221,Primary intact,NA,1990,Low,No,High,Sample complete!,,,,,,,,,,,,,,,,Hutan Primer,,  ,Disagree - major,Yes,2010,No,Low,Rizky checked,,,,,,,,,,,,,,,,,
Nusa Tenggara,Zuzu,2,6222,Non Forest,NA,1990,High,No,High,Sample complete!,,,,,,,,,,,,,,,,Pertanian Lahan Kering Campur Semak,,  ,Disagree - minor,Yes,2005,No,High,Rizky checked,,,,,,,,,,,,,,,,,
Nusa Tenggara,Zuzu,2,6223,Non Forest,NA,1990,High,No,High,Sample complete!,,,,,,,,,,,,,,,,Pertanian Lahan Kering Campur Semak,,  ,Agree,Yes,2009,No,High,Rizky checked,,,,,,,,,,,,,,,,,
Nusa Tenggara,Zuzu,2,6224,Non Forest,NA,1990,High,No,High,Sample complete!,,,,,,,,,,,,,,,,Pertanian Lahan Kering Campur Semak,,  ,Disagree - minor,Yes,2011,No,High,Rizky checked,,,,,,,,,,,,,,,,,
Nusa Tenggara,Zuzu,2,6225,Primary degraded,NA,1990,High,No,High,Sample complete!,,,,,,,,,,,,,,,,Hutan Sekunder,,  ,Disagree - major,Yes,2004,No,High,Rizky checked,,,,,,,,,,,,,,,,,
Nusa Tenggara,Zuzu,2,6226,Non Forest,NA,1990,High,No,High,Sample complete!,,,,,,,,,,,,,,,,Lahan Terbuka,,  ,Agree,Yes,2002,No,High,Rizky checked,,,,,,,,,,,,,,,,,
Nusa Tenggara,Zuzu,2,6227,Primary degraded,NA,1990,High,No,High,Sample complete!,2006,2005,Cleared - Small-holder land use,High,,,,,,,,,,,,Pertanian Lahan Kering Campur Semak,,Cleared - Small-holder land use  ,Disagree - major,Yes,2003,No,High,Rizky checked,,,,,,,,,,,,,,,,,
Nusa Tenggara,Zuzu,2,6228,Non Forest,NA,1990,High,No,High,Sample complete!,,,,,,,,,,,,,,,,Pertanian Lahan Kering Campur Semak,,  ,Agree,Yes,2003,No,High,Rizky checked,,,,,,,,,,,,,,,,,
Nusa Tenggara,Zuzu,2,6229,Non Forest,NA,1990,High,No,High,Sample complete!,,,,,,,,,,,,,,,,Savana,,  ,Agree,Yes,2009,No,High,Rizky checked,,,,,,,,,,,,,,,,,
Nusa Tenggara,Zuzu,2,6230,Primary degraded,NA,1990,High,No,High,Sample complete!,,,,,,,,,,,,,,,,Hutan Mangrove Sekunder,,  ,Disagree - major,Yes,2010,No,High,Rizky checked,,,,,,,,,,,,,,,,,
Nusa Tenggara,Zuzu,2,6231,Primary degraded,NA,1990,High,No,High,Sample complete!,,,,,,,,,,,,,,,,Hutan Sekunder,,  ,Disagree - major,Yes,2007,No,High,Rizky checked,,,,,,,,,,,,,,,,,
Nusa Tenggara,Zuzu,2,6232,Non Forest,NA,1990,High,No,High,Sample complete!,,,,,,,,,,,,,,,,Savana,,  ,Agree,Yes,2004,No,High,Rizky checked,,,,,,,,,,,,,,,,,
Nusa Tenggara,Zuzu,2,6233,Non Forest,NA,1995,High,No,High,Sample complete!,,,,,,,,,,,,,,,,Pertanian Lahan Kering Campur Semak,,  ,Agree,Yes,2013,No,High,Rizky checked,,,,,,,,,,,,,,,,,
Nusa Tenggara,Zuzu,2,6234,Primary degraded,NA,1990,Low,No,High,Sample complete!,2009,2008,Degraded - Nearby clearing,High,,2015,2014,Degraded - Nearby clearing,High,,,,,,,Hutan Sekunder,,Degraded - Nearby clearing Degraded - Nearby clearing ,Agree,Yes,2011,No,Low,Rizky checked,,,,,,,,,,,,,,,,,
Nusa Tenggara,Zuzu,2,6235,Primary intact,NA,1990,High,No,High,Sample complete!,,,,,,,,,,,,,,,,Hutan Primer,,  ,Disagree - major,Yes,2004,No,High,Rizky checked,,,,,,,,,,,,,,,,,
Nusa Tenggara,Zuzu,2,6236,Non Forest,NA,1990,High,No,High,Sample complete!,,,,,,,,,,,,,,,,Savana,,  ,Agree,Yes,2003,No,High,Rizky checked,,,,,,,,,,,,,,,,,
Nusa Tenggara,Zuzu,2,6237,Non Forest,NA,1990,High,No,High,Sample complete!,,,,,,,,,,,,,,,,Savana,,  ,Agree,Yes,2012,No,High,Rizky checked,,,,,,,,,,,,,,,,,
Nusa Tenggara,Zuzu,2,6238,Non Forest,NA,1990,High,No,High,Sample complete!,,,,,,,,,,,,,,,,Savana,,  ,Agree,Yes,2009,No,High,Rizky checked,,,,,,,,,,,,,,,,,
Nusa Tenggara,Zuzu,2,6239,Non Forest,NA,1990,High,No,High,Sample complete!,,,,,,,,,,,,,,,,Sawah,,  ,Agree,Yes,2010,No,High,Rizky checked,,,,,,,,,,,,,,,,,
Nusa Tenggara,Zuzu,2,6240,Non Forest,NA,1990,Low,No,High,Sample complete!,,,,,,,,,,,,,,,,Pertanian Lahan Kering Campur Semak,,  ,Disagree - major,Yes,2011,No,Low,Rizky checked,,,,,,,,,,,,,,,,,
Nusa Tenggara,Zuzu,2,6241,Non Forest,NA,1990,High,No,High,Sample complete!,,,,,,,,,,,,,,,,Pertanian Lahan Kering Campur Semak,,  ,Agree,Yes,2011,No,High,Rizky checked,,,,,,,,,,,,,,,,,
Nusa Tenggara,Zuzu,2,6242,Non Forest,NA,1990,High,No,High,Sample complete!,,,,,,,,,,,,,,,,Savana,,  ,Agree,Yes,2005,No,High,Rizky checked,,,,,,,,,,,,,,,,,
Nusa Tenggara,Zuzu,2,6243,Primary intact,NA,1990,High,No,High,Sample complete!,,,,,,,,,,,,,,,,Hutan Primer,,  ,Agree,Yes,2005,No,High,Rizky checked,,,,,,,,,,,,,,,,,
Nusa Tenggara,Zuzu,2,6244,Primary intact,NA,1990,High,No,High,Sample complete!,,,,,,,,,,,,,,,,Hutan Primer,,  ,Agree,No,2005,No,High,Rizky checked,,,,,,,,,,,,,,,,,
Nusa Tenggara,Zuzu,2,6245,Non Forest,NA,1995,High,No,High,Sample complete!,,,,,,,,,,,,,,,,Pertanian Lahan Kering Campur Semak,,  ,Agree,Yes,2005,No,High,Rizky checked,,,,,,,,,,,,,,,,,
Nusa Tenggara,Zuzu,2,6246,Primary intact,NA,1990,High,No,High,Sample complete!,,,,,,,,,,,,,,,,Hutan Primer,,  ,Agree,No,2003,No,High,Rizky checked,,,,,,,,,,,,,,,,,
Nusa Tenggara,Zuzu,2,6247,Non Forest,NA,1990,High,No,High,Sample complete!,,,,,,,,,,,,,,,,Pertanian Lahan Kering Campur Semak,,  ,Disagree - minor,Yes,2010,No,High,Rizky checked,,,,,,,,,,,,,,,,,
Nusa Tenggara,Zuzu,2,6248,Non Forest,NA,1990,High,No,High,Sample complete!,,,,,,,,,,,,,,,,Pertanian Lahan Kering,,  ,Agree,Yes,2006,No,High,Rizky checked,,,,,,,,,,,,,,,,,
Nusa Tenggara,Zuzu,2,6249,Primary intact,NA,1990,Low,No,High,Sample complete!,,,,,,,,,,,,,,,,Hutan Primer,,  ,Disagree - major,No,2003,No,High,Rizky checked,,,,,,,,,,,,,,,,,
Nusa Tenggara,Zuzu,2,6250,Non Forest,NA,1990,High,No,High,Sample complete!,,,,,,,,,,,,,,,,Pertanian Lahan Kering,,  ,Agree,Yes,2004,No,High,Rizky checked,,,,,,,,,,,,,,,,,
Nusa Tenggara,Zuzu,2,6251,Non Forest,NA,1997,High,No,High,Sample complete!,,,,,,,,,,,,,,,,Pertanian Lahan Kering,,  ,Agree,Yes,2001,No,High,Rizky checked,,,,,,,,,,,,,,,,,
Nusa Tenggara,Zuzu,2,6252,Non Forest,NA,1990,High,No,High,Sample complete!,,,,,,,,,,,,,,,,Hutan Tanaman,Jati,  ,Disagree - major,Yes,2002,No,High,Rizky checked,,,,,,,,,,,,,,,,,
Nusa Tenggara,Zuzu,2,6253,Primary intact,NA,1994,High,No,High,Sample complete!,,,,,,,,,,,,,,,,Hutan Primer,,  ,Agree,Yes,2013,No,High,Rizky checked,,,,,,,,,,,,,,,,,
Nusa Tenggara,Zuzu,2,6254,Primary degraded,NA,1990,Low,No,High,Sample complete!,,,,,,,,,,,,,,,,Hutan Sekunder,,  ,Disagree - major,Yes,2011,No,Low,Rizky checked,,,,,,,,,,,,,,,,,
Nusa Tenggara,Zuzu,2,6255,Primary degraded,NA,1990,High,No,High,Sample complete!,,,,,,,,,,,,,,,,Hutan Sekunder,,  ,Agree,Yes,2003,No,High,Rizky checked,,,,,,,,,,,,,,,,,
Nusa Tenggara,Zuzu,2,6256,Non Forest,NA,1990,High,No,High,Sample complete!,,,,,,,,,,,,,,,,Savana,,  ,Agree,No,2011,No,High,Rizky checked,,,,,,,,,,,,,,,,,
Nusa Tenggara,Zuzu,2,6257,Non Forest,NA,1990,High,No,High,Sample complete!,,,,,,,,,,,,,,,,Belukar,,  ,Disagree - minor,Yes,2005,No,High,Rizky checked,,,,,,,,,,,,,,,,,
Nusa Tenggara,Zuzu,2,6258,Non Forest,NA,1994,High,No,High,Sample complete!,,,,,,,,,,,,,,,,Pertanian Lahan Kering Campur Semak,,  ,Agree,Yes,2004,No,High,Rizky checked,,,,,,,,,,,,,,,,,
Nusa Tenggara,Zuzu,2,6259,Non Forest,NA,1990,High,No,High,Sample complete!,,,,,,,,,,,,,,,,Belukar,,  ,Disagree - minor,Yes,2011,No,High,Rizky checked,,,,,,,,,,,,,,,,,
Nusa Tenggara,Zuzu,2,6260,Non Forest,NA,1990,High,No,High,Sample complete!,,,,,,,,,,,,,,,,Pertanian Lahan Kering Campur Semak,,  ,Disagree - minor,Yes,2011,No,High,Rizky checked,,,,,,,,,,,,,,,,,
Nusa Tenggara,Zuzu,2,6261,Primary degraded,NA,1990,Low,No,High,Sample complete!,,,,,,,,,,,,,,,,Hutan Sekunder,,  ,Agree,Yes,2011,No,Low,Rizky checked,,,,,,,,,,,,,,,,,
Nusa Tenggara,Zuzu,2,6262,Non Forest,NA,1990,High,No,High,Sample complete!,,,,,,,,,,,,,,,,Pertanian Lahan Kering,,  ,Agree,Yes,2005,No,High,Rizky checked,,,,,,,,,,,,,,,,,
Nusa Tenggara,Zuzu,2,6263,Primary degraded,NA,1990,Low,No,High,Sample complete!,,,,,,,,,,,,,,,,Hutan Sekunder,,  ,Disagree - major,Yes,2006,No,Low,Rizky checked,,,,,,,,,,,,,,,,,
Nusa Tenggara,Zuzu,2,6264,Primary intact,NA,1990,High,No,High,Sample complete!,,,,,,,,,,,,,,,,Hutan Primer,,  ,Agree,Yes,2004,No,High,Rizky checked,,,,,,,,,,,,,,,,,
Nusa Tenggara,Zuzu,2,6265,Non Forest,NA,1990,High,No,High,Sample complete!,,,,,,,,,,,,,,,,Pertanian Lahan Kering Campur Semak,,  ,Agree,Yes,2005,No,High,Rizky checked,,,,,,,,,,,,,,,,,
Nusa Tenggara,Zuzu,2,6266,Primary intact,NA,1990,High,No,High,Sample complete!,,,,,,,,,,,,,,,,Hutan Primer,,  ,Agree,Yes,2003,No,High,Rizky checked,,,,,,,,,,,,,,,,,
Nusa Tenggara,Zuzu,2,6267,Non Forest,NA,1990,High,No,High,Sample complete!,,,,,,,,,,,,,,,,Pertanian Lahan Kering Campur Semak,,  ,Disagree - minor,Yes,2002,No,High,Rizky checked,,,,,,,,,,,,,,,,,
Nusa Tenggara,Zuzu,2,6268,Primary degraded,NA,1990,High,No,High,Sample complete!,,,,,,,,,,,,,,,,Hutan Sekunder,,  ,Agree,Yes,2004,No,High,Rizky checked,,,,,,,,,,,,,,,,,
Nusa Tenggara,Zuzu,2,6269,Non Forest,NA,1990,High,No,High,Sample complete!,,,,,,,,,,,,,,,,Pertanian Lahan Kering Campur Semak,,  ,Agree,Yes,2002,No,High,Rizky checked,,,,,,,,,,,,,,,,,
Nusa Tenggara,Zuzu,2,6270,Non Forest,NA,1990,High,No,High,Sample complete!,,,,,,,,,,,,,,,,Pertanian Lahan Kering Campur Semak,,  ,Agree,Yes,2009,No,High,Rizky checked,,,,,,,,,,,,,,,,,
Nusa Tenggara,Zuzu,2,6271,Non Forest,NA,1990,High,No,High,Sample complete!,,,,,,,,,,,,,,,,Savana,,  ,Agree,Yes,2012,No,High,Rizky checked,,,,,,,,,,,,,,,,,
Nusa Tenggara,Zuzu,2,6272,Non Forest,NA,1990,High,No,High,Sample complete!,,,,,,,,,,,,,,,,Savana,,  ,Agree,Yes,2004,No,High,Rizky checked,,,,,,,,,,,,,,,,,
Nusa Tenggara,Zuzu,2,6273,Non Forest,,1995,High,No,High,Sample complete!,,,,,,,,,,,,,,,,Pertanian Lahan Kering Campur Semak,,  ,Disagree - minor,Yes,2013,No,High,Rizky checked,,,,,,,,,,,,,,,,,
Nusa Tenggara,Zuzu,2,6274,Non Forest,NA,1990,High,No,High,Sample complete!,,,,,,,,,,,,,,,,Savana,,  ,Agree,Yes,2002,No,High,Rizky checked,,,,,,,,,,,,,,,,,
Nusa Tenggara,Zuzu,2,6275,Primary intact,NA,1990,High,No,High,Sample complete!,,,,,,,,,,,,,,,,Hutan Primer,,  ,Agree,Yes,2004,No,High,Rizky checked,,,,,,,,,,,,,,,,,
Nusa Tenggara,Zuzu,2,6276,Primary degraded,NA,1990,Low,No,High,Sample complete!,,,,,,,,,,,,,,,,Hutan Sekunder,,  ,Disagree - major,Yes,2011,No,Low,Rizky checked,,,,,,,,,,,,,,,,,
Nusa Tenggara,Zuzu,2,6277,Primary intact,NA,1990,High,No,High,Sample complete!,,,,,,,,,,,,,,,,Hutan Primer,,  ,Disagree - major,Yes,2002,No,High,Rizky checked,Seasonal degraded related to their region,,,,,,,,,,,,,,,,
Nusa Tenggara,Zuzu,2,6278,Non Forest,NA,1990,High,No,High,Sample complete!,,,,,,,,,,,,,,,,Sawah,,  ,Agree,Yes,2012,No,High,Rizky checked,,,,,,,,,,,,,,,,,
Nusa Tenggara,Zuzu,2,6279,Non Forest,NA,1990,Low,No,High,Sample complete!,,,,,,,,,,,,,,,,Belukar,,  ,Agree,Yes,2002,No,Low,Rizky checked,,,,,,,,,,,,,,,,,
Nusa Tenggara,Zuzu,2,6280,Non Forest,NA,1995,High,No,High,Sample complete!,,,,,,,,,,,,,,,,Sawah,,  ,Agree,Yes,2002,No,High,Rizky checked,,,,,,,,,,,,,,,,,
Nusa Tenggara,Zuzu,2,6281,Non Forest,,1995,High,No,High,Sample complete!,,,,,,,,,,,,,,,,Pertanian Lahan Kering Campur Semak,,  ,Agree,Yes,2002,No,High,Rizky checked,,,,,,,,,,,,,,,,,
Nusa Tenggara,Zuzu,2,6282,Non Forest,NA,1990,High,No,High,Sample complete!,,,,,,,,,,,,,,,,Belukar,,  ,Disagree - minor,Yes,2005,No,High,Rizky checked,,,,,,,,,,,,,,,,,
Nusa Tenggara,Zuzu,2,6283,Primary intact,NA,1990,High,No,High,Sample complete!,,,,,,,,,,,,,,,,Hutan Primer,,  ,Disagree - major,Yes,2005,No,Low,Rizky checked,,,,,,,,,,,,,,,,,
Nusa Tenggara,Zuzu,2,6284,Non Forest,NA,1990,High,No,High,Sample complete!,,,,,,,,,,,,,,,,Pertanian Lahan Kering Campur Semak,,  ,Agree,Yes,2006,No,High,Rizky checked,,,,,,,,,,,,,,,,,
Nusa Tenggara,Zuzu,2,6285,Non Forest,NA,1990,High,No,High,Sample complete!,,,,,,,,,,,,,,,,Pertanian Lahan Kering Campur Semak,,  ,Agree,Yes,2004,No,High,Rizky checked,,,,,,,,,,,,,,,,,
Nusa Tenggara,Zuzu,2,6286,Non Forest,NA,1990,High,No,High,Sample complete!,,,,,,,,,,,,,,,,Belukar,,  ,Disagree - minor,Yes,2003,No,High,Rizky checked,,,,,,,,,,,,,,,,,
Nusa Tenggara,Zuzu,2,6287,Non Forest,NA,1990,High,No,High,Sample complete!,,,,,,,,,,,,,,,,Savana,,  ,Agree,Yes,2004,No,High,Rizky checked,,,,,,,,,,,,,,,,,
Nusa Tenggara,Zuzu,2,6288,Non Forest,,1990,High,No,High,Sample complete!,,,,,,,,,,,,,,,,Belukar,,  ,Disagree - major,Yes,2005,No,High,Rizky checked,,,,,,,,,,,,,,,,,
Nusa Tenggara,Zuzu,2,6289,Non Forest,,1995,High,No,High,Sample complete!,,,,,,,,,,,,,,,,Belukar,,  ,Disagree - major,Yes,2009,No,High,Rizky checked,,,,,,,,,,,,,,,,,
Nusa Tenggara,Zuzu,2,6290,Non Forest,NA,1990,High,No,High,Sample complete!,,,,,,,,,,,,,,,,Sawah,,  ,Agree,Yes,2005,No,High,Rizky checked,,,,,,,,,,,,,,,,,
Nusa Tenggara,Zuzu,2,6291,Primary intact,NA,1990,High,No,High,Sample complete!,,,,,,,,,,,,,,,,Hutan Primer,,  ,Agree,Yes,2009,No,High,Rizky checked,,,,,,,,,,,,,,,,,
Nusa Tenggara,Zuzu,2,6292,Non Forest,,1995,High,No,High,Sample complete!,,,,,,,,,,,,,,,,Pertanian Lahan Kering Campur Semak,,  ,Agree,Yes,2006,No,High,Rizky checked,,,,,,,,,,,,,,,,,
Nusa Tenggara,Zuzu,2,6293,Non Forest,NA,1990,High,No,High,Sample complete!,,,,,,,,,,,,,,,,Pertanian Lahan Kering Campur Semak,,  ,Agree,Yes,2010,No,High,Rizky checked,,,,,,,,,,,,,,,,,
Nusa Tenggara,Zuzu,2,6294,Non Forest,NA,1994,High,No,High,Sample complete!,,,,,,,,,,,,,,,,Pertanian Lahan Kering Campur Semak,,  ,Agree,Yes,2003,No,High,Rizky checked,,,,,,,,,,,,,,,,,
Nusa Tenggara,Zuzu,2,6295,Non Forest,NA,1990,High,No,High,Sample complete!,,,,,,,,,,,,,,,,Savana,,  ,Disagree - minor,Yes,2007,No,High,Rizky checked,,,,,,,,,,,,,,,,,
Nusa Tenggara,Zuzu,3,6296,Non Forest,NA,1990,High,No,High,Sample complete!,,,,,,,,,,,,,,,,Sawah,,  ,Agree,Yes,2017,No,High,Inggit checked,,,,,,,,,,,,,,,,,
Nusa Tenggara,Zuzu,3,6297,Primary intact,NA,1990,High,Yes,High,,2003,2002,Degraded - Nearby clearing,High,,2015,2014,Cleared - Small-holder land use,High,,,,,,,Belukar,,Degraded - Nearby clearing Cleared - Small-holder land use ,Agree,Yes,2016,No,High,Inggit checked,,,,,,,,,,,,,,,,,
Nusa Tenggara,Zuzu,3,6298,Non Forest,,1990,High,No,High,Sample complete!,,,,,,,,,,,,,,,,Belukar,,  ,Agree,Yes,2016,No,High,Inggit checked,,,,,,,,,,,,,,,,,
Nusa Tenggara,Zuzu,3,6299,Primary intact,,1995,High,Yes,High,,2015,2014,Degraded - Natural disturbance,High,,,,,,,,,,,,Hutan Sekunder,,Degraded - Natural disturbance  ,Agree,Yes,2016,No,High,Inggit checked,,,,,,,,,,,,,,,,,
Nusa Tenggara,Zuzu,3,6300,Non Forest,NA,1990,High,Yes,High,,,,,,,,,,,,,,,,,Belukar,,  ,Agree,Yes,2013,No,High,Inggit checked,,,,,,,,,,,,,,,,,
Nusa Tenggara,Zuzu,3,6301,Non Forest,NA,1990,High,No,High,Sample complete!,,,,,,,,,,,,,,,,Pemukiman,,  ,Agree,Yes,2014,No,High,Inggit checked,,,,,,,,,,,,,,,,,
Nusa Tenggara,Zuzu,3,6302,Non Forest,,1990,High,No,High,Sample complete!,,,,,,,,,,,,,,,,Belukar,,  ,Agree,Yes,2013,No,High,Inggit checked,,,,,,,,,,,,,,,,,
Nusa Tenggara,Zuzu,3,6303,Non Forest,NA,1990,High,No,High,Sample complete!,,,,,,,,,,,,,,,,Pertanian Lahan Kering Campur Semak,,  ,Agree,Yes,2016,No,High,Inggit checked,,,,,,,,,,,,,,,,,
Nusa Tenggara,Zuzu,3,6304,Primary degraded,NA,1995,High,No,High,Sample complete!,2004,2003,Degraded - Selective Logging,High,,,,,,,,,,,,Hutan Sekunder,,Degraded - Selective Logging  ,Disagree - minor,Yes,2017,No,High,Inggit checked,,,,,,,,,,,,,,,,,
Nusa Tenggara,Zuzu,3,6305,Primary degraded,NA,1990,Low,No,High,Sample complete!,,,,,,,,,,,,,,,,Hutan Sekunder,,  ,Agree,Yes,2016,No,High,Inggit checked,,,,,,,,,,,,,,,,,
Nusa Tenggara,Zuzu,3,6306,Non Forest,NA,1990,High,No,High,Sample complete!,,,,,,,,,,,,,,,,Lahan Terbuka,,  ,Agree,Yes,2015,No,High,Inggit checked,,,,,,,,,,,,,,,,,
Nusa Tenggara,Zuzu,3,6307,Non Forest,NA,1990,High,No,High,Sample complete!,,,,,,,,,,,,,,,,Pertanian Lahan Kering Campur Semak,,  ,Agree,Yes,2016,No,High,Inggit checked,,,,,,,,,,,,,,,,,
Nusa Tenggara,Zuzu,3,6308,Non Forest,NA,1990,High,No,High,Sample complete!,,,,,,,,,,,,,,,,Pertanian Lahan Kering Campur Semak,,  ,Agree,Yes,2016,No,High,Inggit checked,,,,,,,,,,,,,,,,,
Nusa Tenggara,Zuzu,3,6309,Primary intact,NA,1997,High,Yes,High,,2015,2014,Degraded - Natural disturbance,,,,,,,,,,,,,Hutan Sekunder,,Degraded - Natural disturbance  ,Agree,Yes,2017,No,High,Inggit checked,,,,,,,,,,,,,,,,,
Nusa Tenggara,Zuzu,3,6310,Non Forest,NA,1995,High,No,High,Sample complete!,,,,,,,,,,,,,,,,Pertanian Lahan Kering Campur Semak,,  ,Agree,Yes,2012,No,High,Inggit checked,,,,,,,,,,,,,,,,,
Nusa Tenggara,Zuzu,3,6311,Primary intact,NA,1990,High,No,High,Sample complete!,,,,,,,,,,,,,,,,Hutan Primer,,  ,Disagree - major,Yes,2015,No,High,Inggit checked,,,,,,,,,,,,,,,,,
Nusa Tenggara,Zuzu,3,6312,Non Forest,NA,1990,High,No,High,Sample complete!,,,,,,,,,,,,,,,,Pertanian Lahan Kering Campur Semak,,  ,Agree,Yes,2016,No,High,Inggit checked,,,,,,,,,,,,,,,,,
Nusa Tenggara,Zuzu,3,6313,Non Forest,,1990,High,No,High,Sample complete!,,,,,,,,,,,,,,,,Savana,,  ,Agree,Yes,2016,No,High,Inggit checked,,,,,,,,,,,,,,,,,
Nusa Tenggara,Zuzu,3,6314,Non Forest,NA,1990,High,No,High,Sample complete!,,,,,,,,,,,,,,,,Pertanian Lahan Kering Campur Semak,,  ,Disagree - minor,Yes,2016,No,High,Inggit checked,,,,,,,,,,,,,,,,,
Nusa Tenggara,Zuzu,3,6315,Primary degraded,,1990,Low,No,High,Sample complete!,,,,,,,,,,,,,,,,Hutan Sekunder,,  ,Agree,Yes,2017,No,High,Inggit checked,,,,,,,,,,,,,,,,,
Nusa Tenggara,Zuzu,3,6316,Primary degraded,NA,1995,Low,No,Low,Sample complete!,,,,,,,,,,,,,,,,Hutan Sekunder,,  ,Disagree - major,Yes,2013,No,High,Inggit checked,,,,,,,,,,,,,,,,,
Nusa Tenggara,Zuzu,3,6317,Non Forest,NA,1990,High,No,High,Sample complete!,,,,,,,,,,,,,,,,Belukar,,  ,Disagree - major,Yes,2013,No,High,Inggit checked,,,,,,,,,,,,,,,,,
Nusa Tenggara,Zuzu,3,6318,Non Forest,,1995,High,No,High,Sample complete!,,,,,,,,,,,,,,,,Pertanian Lahan Kering,,  ,Disagree - minor,Yes,2017,No,High,Inggit checked,,,,,,,,,,,,,,,,,
Nusa Tenggara,Zuzu,3,6319,Non Forest,NA,1990,High,No,High,Sample complete!,,,,,,,,,,,,,,,,Sawah,,  ,Agree,Yes,2017,No,High,Inggit checked,,,,,,,,,,,,,,,,,
Nusa Tenggara,Zuzu,3,6320,Non Forest,NA,1990,High,No,High,Sample complete!,,,,,,,,,,,,,,,,Belukar,,  ,Agree,Yes,2016,No,High,Inggit checked,,,,,,,,,,,,,,,,,
Nusa Tenggara,Zuzu,3,6321,Primary intact,NA,1990,High,No,High,Sample complete!,,,,,,,,,,,,,,,,Hutan Primer,,  ,Agree,Yes,2016,No,High,Inggit checked,,,,,,,,,,,,,,,,,
Nusa Tenggara,Zuzu,3,6322,Non Forest,NA,1990,High,No,High,Sample complete!,,,,,,,,,,,,,,,,Pertanian Lahan Kering Campur Semak,,  ,Agree,Yes,2017,No,High,Inggit checked,,,,,,,,,,,,,,,,,
Nusa Tenggara,Zuzu,3,6323,Non Forest,NA,1990,High,No,High,Sample complete!,,,,,,,,,,,,,,,,Pertanian Lahan Kering Campur Semak,,  ,Disagree - minor,Yes,2013,No,High,Inggit checked,,,,,,,,,,,,,,,,,
Nusa Tenggara,Zuzu,3,6324,Non Forest,NA,1990,High,No,High,Sample complete!,,,,,,,,,,,,,,,,Pertanian Lahan Kering Campur Semak,,  ,Agree,Yes,2016,No,High,Inggit checked,,,,,,,,,,,,,,,,,
Nusa Tenggara,Zuzu,3,6325,Non Forest,NA,1990,High,No,High,Sample complete!,,,,,,,,,,,,,,,,Savana,,  ,Agree,Yes,2014,No,High,Inggit checked,,,,,,,,,,,,,,,,,
Nusa Tenggara,Zuzu,3,6326,Non Forest,NA,1990,High,No,High,Sample complete!,,,,,,,,,,,,,,,,Tambak,,  ,Agree,Yes,2017,No,High,Inggit checked,,,,,,,,,,,,,,,,,
Nusa Tenggara,Zuzu,3,6327,Primary intact,NA,1995,High,Yes,High,,2013,2012,Degraded - Selective Logging,High,,,,,,,,,,,,Hutan Sekunder,,Degraded - Selective Logging  ,Disagree - major,Yes,2017,No,High,Inggit checked,,,,,,,,,,,,,,,,,
Nusa Tenggara,Zuzu,3,6328,Non Forest,NA,1990,High,No,High,Sample complete!,,,,,,,,,,,,,,,,Pertanian Lahan Kering Campur Semak,,  ,Disagree - major,Yes,2013,No,High,Inggit checked,,,,,,,,,,,,,,,,,
Nusa Tenggara,Zuzu,3,6329,Primary intact,NA,1994,High,No,High,Sample complete!,,,,,,,,,,,,,,,,Hutan Primer,,  ,Agree,Yes,2014,No,High,Inggit checked,,,,,,,,,,,,,,,,,
Nusa Tenggara,Zuzu,3,6330,Primary degraded,,1990,High,No,High,Sample complete!,,,,,,,,,,,,,,,,Hutan Sekunder,,  ,Disagree - major,Yes,2017,No,High,Inggit checked,,,,,,,,,,,,,,,,,
Nusa Tenggara,Zuzu,3,6331,Primary degraded,NA,1990,High,Yes,High,,1993,1992,Degraded - Natural disturbance,High,,,,,,,,,,,,Hutan Sekunder,,Degraded - Natural disturbance  ,Agree,Yes,2017,No,High,Inggit checked,,,,,,,,,,,,,,,,,
Nusa Tenggara,Zuzu,3,6332,Primary degraded,NA,1990,High,No,High,Sample complete!,,,,,,,,,,,,,,,,Hutan Sekunder,,  ,Agree,Yes,2013,No,High,Inggit checked,,,,,,,,,,,,,,,,,
Nusa Tenggara,Zuzu,3,6333,Primary degraded,NA,1990,High,No,High,Sample complete!,,,,,,,,,,,,,,,,Hutan Sekunder,,  ,Disagree - major,Yes,2009,No,High,Inggit checked,,,,,,,,,,,,,,,,,
Nusa Tenggara,Zuzu,3,6334,Non Forest,NA,1990,High,No,High,Sample complete!,,,,,,,,,,,,,,,,Savana,,  ,Agree,Yes,2012,No,High,Inggit checked,,,,,,,,,,,,,,,,,
Nusa Tenggara,Zuzu,3,6335,Primary intact,NA,1990,High,No,High,Sample complete!,,,,,,,,,,,,,,,,Hutan Primer,,  ,Agree,Yes,2013,No,High,Inggit checked,,,,,,,,,,,,,,,,,
Nusa Tenggara,Zuzu,3,6336,Primary intact,NA,1990,High,No,High,Sample complete!,,,,,,,,,,,,,,,,Hutan Primer,,  ,Agree,Yes,2013,No,High,Inggit checked,,,,,,,,,,,,,,,,,
Nusa Tenggara,Zuzu,3,6337,Primary degraded,NA,1990,High,No,High,Sample complete!,,,,,,,,,,,,,,,,Hutan Sekunder,,  ,Disagree - major,Yes,2011,No,High,Inggit checked,,,,,,,,,,,,,,,,,
Nusa Tenggara,Zuzu,3,6338,Non Forest,NA,1990,High,No,High,Sample complete!,,,,,,,,,,,,,,,,Pertanian Lahan Kering,,  ,Agree,Yes,2011,No,High,Inggit checked,,,,,,,,,,,,,,,,,
Nusa Tenggara,Zuzu,3,6339,Non Forest,NA,1990,High,No,High,Sample complete!,,,,,,,,,,,,,,,,Pertanian Lahan Kering Campur Semak,,  ,Disagree - minor,Yes,2016,No,High,Inggit checked,,,,,,,,,,,,,,,,,
Nusa Tenggara,Zuzu,3,6340,Primary degraded,NA,1990,High,No,High,Sample complete!,,,,,,,,,,,,,,,,Hutan Sekunder,,  ,Disagree - major,Yes,2016,No,High,Inggit checked,,,,,,,,,,,,,,,,,
Nusa Tenggara,Zuzu,3,6341,Primary degraded,NA,1990,High,No,Low,Sample complete!,,,,,,,,,,,,,,,,Hutan Sekunder,,  ,Disagree - major,Yes,2016,No,High,Inggit checked,,,,,,,,,,,,,,,,,
Nusa Tenggara,Zuzu,3,6342,Non Forest,,1990,High,No,High,Sample complete!,,,,,,,,,,,,,,,,Sawah,,  ,Agree,Yes,2016,No,High,Inggit checked,,,,,,,,,,,,,,,,,
Nusa Tenggara,Zuzu,3,6343,Non Forest,NA,1990,High,No,High,Sample complete!,,,,,,,,,,,,,,,,Pertanian Lahan Kering Campur Semak,,  ,Agree,Yes,2013,No,High,Inggit checked,,,,,,,,,,,,,,,,,
Nusa Tenggara,Zuzu,3,6344,Non Forest,NA,1995,Low,No,High,Sample complete!,,,,,,,,,,,,,,,,Savana,,  ,Agree,Yes,2016,No,High,Inggit checked,,,,,,,,,,,,,,,,,
Nusa Tenggara,Zuzu,3,6345,Non Forest,,1990,High,No,High,Sample complete!,,,,,,,,,,,,,,,,Pertanian Lahan Kering Campur Semak,,  ,Agree,Yes,2016,No,High,Inggit checked,,,,,,,,,,,,,,,,,
Nusa Tenggara,Zuzu,3,6346,Non Forest,NA,1990,High,No,High,Sample complete!,,,,,,,,,,,,,,,,Belukar,,  ,Agree,Yes,2014,No,High,Inggit checked,,,,,,,,,,,,,,,,,
Nusa Tenggara,Zuzu,3,6347,Non Forest,NA,1990,High,No,High,Sample complete!,,,,,,,,,,,,,,,,Belukar,,  ,Disagree - minor,Yes,2017,No,High,Inggit checked,,,,,,,,,,,,,,,,,
Nusa Tenggara,Zuzu,3,6348,Non Forest,NA,1990,High,No,High,Sample complete!,,,,,,,,,,,,,,,,Savana,,  ,Agree,Yes,2013,No,High,Inggit checked,,,,,,,,,,,,,,,,,
Nusa Tenggara,Zuzu,3,6349,Non Forest,NA,1995,High,No,High,Sample complete!,,,,,,,,,,,,,,,,Pertanian Lahan Kering,,  ,Agree,Yes,2017,No,High,Inggit checked,,,,,,,,,,,,,,,,,
Nusa Tenggara,Zuzu,3,6350,Primary intact,NA,1990,High,No,High,Sample complete!,,,,,,,,,,,,,,,,Hutan Primer,,  ,Agree,Yes,2016,No,High,Inggit checked,,,,,,,,,,,,,,,,,
Nusa Tenggara,Zuzu,3,6351,Non Forest,NA,1990,High,No,High,Sample complete!,,,,,,,,,,,,,,,,Savana,,  ,Agree,Yes,2016,No,High,Inggit checked,,,,,,,,,,,,,,,,,
Nusa Tenggara,Zuzu,3,6352,Primary degraded,NA,1990,High,No,High,Sample complete!,,,,,,,,,,,,,,,,Hutan Sekunder,,  ,Disagree - major,Yes,2016,No,High,Inggit checked,,,,,,,,,,,,,,,,,
Nusa Tenggara,Zuzu,3,6353,Non Forest,NA,1990,High,No,High,Sample complete!,,,,,,,,,,,,,,,,Belukar,,  ,Agree,Yes,2016,No,High,Inggit checked,,,,,,,,,,,,,,,,,
Nusa Tenggara,Zuzu,3,6354,Primary degraded,NA,1990,High,No,High,Sample complete!,,,,,,,,,,,,,,,,Hutan Sekunder,,  ,Disagree - major,Yes,2013,No,High,Inggit checked,,,,,,,,,,,,,,,,,
Nusa Tenggara,Zuzu,3,6355,Primary degraded,NA,1990,Low,No,High,Sample complete!,,,,,,,,,,,,,,,,Hutan Sekunder,,  ,Disagree - minor,Yes,2016,No,High,Inggit checked,,,,,,,,,,,,,,,,,
Nusa Tenggara,Zuzu,3,6356,Non Forest,NA,1990,High,No,High,Sample complete!,,,,,,,,,,,,,,,,Tambak,,  ,Agree,Yes,2016,No,High,Inggit checked,,,,,,,,,,,,,,,,,
Nusa Tenggara,Zuzu,3,6357,Non Forest,NA,1990,High,No,High,Sample complete!,,,,,,,,,,,,,,,,Belukar,,  ,Disagree - minor,Yes,2016,No,High,Inggit checked,,,,,,,,,,,,,,,,,
Nusa Tenggara,Zuzu,3,6358,Non Forest,NA,1990,High,No,High,Sample complete!,,,,,,,,,,,,,,,,Belukar,,  ,Agree,Yes,2016,No,High,Inggit checked,,,,,,,,,,,,,,,,,
Nusa Tenggara,Zuzu,3,6359,Non Forest,NA,1990,High,No,High,Sample complete!,,,,,,,,,,,,,,,,Pertanian Lahan Kering,,  ,Disagree - minor,Yes,2016,No,High,Inggit checked,,,,,,,,,,,,,,,,,
Nusa Tenggara,Zuzu,3,6360,Non Forest,Forest fragment,1990,High,No,High,Sample complete!,,,,,,,,,,,,,,,,Belukar,,  ,Agree,Yes,2017,No,High,Inggit checked,,,,,,,,,,,,,,,,,
Nusa Tenggara,Zuzu,3,6361,Primary degraded,NA,1990,High,Yes,High,,2007,2006,Cleared - Small-holder land use,,,,,,,,,,,,,Pertanian Lahan Kering Campur Semak,,Cleared - Small-holder land use  ,Disagree - major,Yes,2017,No,High,Inggit checked,,,,,,,,,,,,,,,,,
Nusa Tenggara,Zuzu,3,6362,Non Forest,NA,1990,High,No,Low,Sample complete!,,,,,,,,,,,,,,,,Pertanian Lahan Kering Campur Semak,,  ,Agree,Yes,2017,No,High,Inggit checked,,,,,,,,,,,,,,,,,
Nusa Tenggara,Zuzu,3,6363,Non Forest,NA,1990,High,No,High,Sample complete!,,,,,,,,,,,,,,,,Pemukiman,,  ,Agree,Yes,2016,No,High,Inggit checked,,,,,,,,,,,,,,,,,
Nusa Tenggara,Zuzu,3,6364,Non Forest,NA,1990,High,No,High,Sample complete!,,,,,,,,,,,,,,,,Pertanian Lahan Kering Campur Semak,,  ,Agree,Yes,2017,No,High,Inggit checked,,,,,,,,,,,,,,,,,
Nusa Tenggara,Zuzu,3,6365,Primary degraded,NA,1990,High,No,High,Sample complete!,1996,1995,Degraded - Natural disturbance,,,,,,,,,,,,,Hutan Sekunder,Perkebunan smallholder,Degraded - Natural disturbance  ,Agree,Yes,2017,No,High,Inggit checked,,,,,,,,,,,,,,,,,
Nusa Tenggara,Zuzu,3,6366,Non Forest,NA,1990,High,No,High,Sample complete!,,,,,,,,,,,,,,,,Savana,,  ,Agree,Yes,2013,No,High,Inggit checked,,,,,,,,,,,,,,,,,
Nusa Tenggara,Zuzu,3,6367,Non Forest,NA,1990,High,No,High,Sample complete!,,,,,,,,,,,,,,,,Belukar,,  ,Agree,Yes,2015,No,High,Inggit checked,,,,,,,,,,,,,,,,,
Nusa Tenggara,Zuzu,3,6368,Primary degraded,NA,1990,High,Yes,High,,1991,1990,Degraded - Fire,High,,2003,2002,Cleared - Fire,,,,,,,,Belukar,,Degraded - Fire Cleared - Fire ,Agree,Yes,2013,No,High,Inggit checked,,,,,,,,,,,,,,,,,
Nusa Tenggara,Zuzu,3,6369,Non Forest,NA,1990,High,No,High,Sample complete!,,,,,,,,,,,,,,,,Sawah,,  ,Agree,Yes,2017,No,High,Inggit checked,,,,,,,,,,,,,,,,,
Nusa Tenggara,Zuzu,3,6370,Primary degraded,NA,1990,High,No,High,Sample complete!,,,,,,,,,,,,,,,,Hutan Sekunder,,  ,Agree,Yes,2017,No,High,Inggit checked,,,,,,,,,,,,,,,,,
Nusa Tenggara,Zuzu,3,6371,Non Forest,NA,1990,High,No,High,Sample complete!,,,,,,,,,,,,,,,,Lahan Terbuka,,  ,Agree,Yes,2013,No,High,Inggit checked,,,,,,,,,,,,,,,,,
Nusa Tenggara,Zuzu,3,6372,Non Forest,NA,1990,High,No,High,Sample complete!,,,,,,,,,,,,,,,,Sawah,,  ,Agree,Yes,2013,No,High,Inggit checked,,,,,,,,,,,,,,,,,
Nusa Tenggara,Zuzu,3,6373,Non Forest,NA,1990,High,No,High,Sample complete!,,,,,,,,,,,,,,,,Savana,,  ,Agree,Yes,2013,No,High,Inggit checked,,,,,,,,,,,,,,,,,
Nusa Tenggara,Zuzu,3,6374,Primary intact,NA,1990,Low,No,High,Sample complete!,,,,,,,,,,,,,,,,Hutan Primer,,  ,Disagree - major,Yes,2016,No,High,Inggit checked,,,,,,,,,,,,,,,,,
Nusa Tenggara,Zuzu,3,6375,Non Forest,NA,1990,High,No,High,Sample complete!,,,,,,,,,,,,,,,,Lahan Terbuka,,  ,Agree,Yes,2016,No,High,Inggit checked,,,,,,,,,,,,,,,,,
Nusa Tenggara,Zuzu,3,6376,Primary intact,NA,1990,High,No,High,Sample complete!,,,,,,,,,,,,,,,,Hutan Primer,,  ,Disagree - major,Yes,2016,No,High,Inggit checked,,,,,,,,,,,,,,,,,
Nusa Tenggara,Zuzu,3,6377,Primary intact,NA,1990,High,No,High,Sample complete!,,,,,,,,,,,,,,,,Hutan Primer,,  ,Agree,Yes,2017,No,High,Inggit checked,,,,,,,,,,,,,,,,,
Nusa Tenggara,Zuzu,3,6378,Primary degraded,NA,1990,Low,No,High,Sample complete!,,,,,,,,,,,,,,,,Hutan Sekunder,,  ,Agree,Yes,2016,No,High,Inggit checked,,,,,,,,,,,,,,,,,
Nusa Tenggara,Zuzu,3,6379,Primary intact,NA,1990,High,No,High,Sample complete!,,,,,,,,,,,,,,,,Hutan Primer,,  ,Agree,Yes,2013,No,High,Inggit checked,,,,,,,,,,,,,,,,,
Nusa Tenggara,Zuzu,3,6380,Non Forest,NA,1990,High,No,High,Sample complete!,,,,,,,,,,,,,,,,Belukar,,  ,Agree,Yes,2012,No,High,Inggit checked,,,,,,,,,,,,,,,,,
Nusa Tenggara,Zuzu,3,6381,Non Forest,NA,1990,High,Yes,High,,,,,,,,,,,,,,,,,Pertanian Lahan Kering Campur Semak,,  ,Disagree - minor,Yes,2016,No,High,Inggit checked,,,,,,,,,,,,,,,,,
Nusa Tenggara,Zuzu,3,6382,Primary degraded,NA,1990,High,Yes,High,,2015,2014,Degraded - Natural disturbance,High,,,,,,,,,,,,Hutan Sekunder,,Degraded - Natural disturbance  ,Agree,Yes,2016,No,High,Inggit checked,,,,,,,,,,,,,,,,,
Nusa Tenggara,Zuzu,3,6383,Non Forest,NA,1990,High,No,High,Sample complete!,,,,,,,,,,,,,,,,Savana,,  ,Agree,Yes,2016,No,High,Inggit checked,,,,,,,,,,,,,,,,,
Nusa Tenggara,Zuzu,3,6384,Non Forest,NA,1990,High,No,High,Sample complete!,,,,,,,,,,,,,,,,Pertanian Lahan Kering Campur Semak,,  ,Agree,Yes,2014,No,High,Inggit checked,,,,,,,,,,,,,,,,,
Nusa Tenggara,Zuzu,3,6385,Non Forest,NA,1990,High,No,High,Sample complete!,,,,,,,,,,,,,,,,Pertanian Lahan Kering,,  ,Agree,Yes,2016,No,High,Inggit checked,,,,,,,,,,,,,,,,,
Nusa Tenggara,Zuzu,4,6386,Primary degraded,NA,1990,High,No,High,Sample complete!,,,,,,,,,,,,,,,,Hutan Sekunder,,  ,Disagree - major,Yes,2017,No,High,Yazid checked,,,,,,,,,,,,,,,,,
Nusa Tenggara,Zuzu,4,6387,Non Forest,NA,1990,High,No,High,Sample complete!,,,,,,,,,,,,,,,,Savana,,  ,Agree,Yes,2017,No,High,Yazid checked,,,,,,,,,,,,,,,,,
Nusa Tenggara,Zuzu,4,6388,Primary degraded,NA,1990,High,No,High,Sample complete!,,,,,,,,,,,,,,,,Hutan Sekunder,,  ,Disagree - major,Yes,2016,No,High,Yazid checked,,,,,,,,,,,,,,,,,
Nusa Tenggara,Zuzu,4,6389,Non Forest,NA,1990,High,No,High,Sample complete!,,,,,,,,,,,,,,,,Lahan Terbuka,,  ,Agree,Yes,2011,No,High,Yazid checked,,,,,,,,,,,,,,,,,
Nusa Tenggara,Zuzu,4,6390,Non Forest,NA,1990,High,No,High,Sample complete!,,,,,,,,,,,,,,,,Lahan Terbuka,,  ,Agree,Yes,2012,No,High,Yazid checked,,,,,,,,,,,,,,,,,
Nusa Tenggara,Zuzu,4,6391,Non Forest,NA,1990,High,No,High,Sample complete!,,,,,,,,,,,,,,,,Belukar,,  ,Agree,Yes,2017,No,High,Yazid checked,,,,,,,,,,,,,,,,,
Nusa Tenggara,Zuzu,4,6392,Non Forest,NA,1990,High,No,High,Sample complete!,,,,,,,,,,,,,,,,Pertanian Lahan Kering Campur Semak,,  ,Agree,Yes,2013,No,High,Yazid checked,,,,,,,,,,,,,,,,,
Nusa Tenggara,Zuzu,4,6393,Primary degraded,NA,1990,High,No,High,Sample complete!,,,,,,,,,,,,,,,,Hutan Sekunder,,  ,Agree,Yes,2017,No,High,Yazid checked,,,,,,,,,,,,,,,,,
Nusa Tenggara,Zuzu,4,6394,Non Forest,NA,1990,High,No,High,Sample complete!,,,,,,,,,,,,,,,,Lahan Terbuka,,  ,Agree,Yes,2011,No,High,Yazid checked,,,,,,,,,,,,,,,,,
Nusa Tenggara,Zuzu,4,6395,Non Forest,NA,1990,High,No,High,Sample complete!,,,,,,,,,,,,,,,,Belukar,,  ,Agree,Yes,2014,No,High,Yazid checked,,,,,,,,,,,,,,,,,
Nusa Tenggara,Zuzu,4,6396,Primary degraded,NA,1990,High,No,High,Sample complete!,,,,,,,,,,,,,,,,Hutan Sekunder,,  ,Agree,Yes,2017,No,High,Yazid checked,,,,,,,,,,,,,,,,,
Nusa Tenggara,Zuzu,4,6397,Primary intact,NA,1990,High,Yes,High,,1994,1993,Cleared - Small-holder land use,High,,,,,,,,,,,,Pertanian Lahan Kering,,Cleared - Small-holder land use  ,Disagree - major,Yes,2013,No,High,Yazid checked,,,,,,,,,,,,,,,,,
Nusa Tenggara,Zuzu,4,6398,Primary intact,NA,1990,High,No,High,Sample complete!,,,,,,,,,,,,,,,,Hutan Primer,,  ,Disagree - major,Yes,2017,No,High,Yazid checked,,,,,,,,,,,,,,,,,
Nusa Tenggara,Zuzu,4,6399,Primary intact,NA,1990,High,Yes,High,,2015,2014,Degraded - Fire,High,,,,,,,,,,,,Hutan Sekunder,,Degraded - Fire  ,Disagree - minor,Yes,2009,No,High,Yazid checked,,,,,,,,,,,,,,,,,
Nusa Tenggara,Zuzu,4,6400,Non Forest,NA,1990,High,No,High,Sample complete!,,,,,,,,,,,,,,,,Pertanian Lahan Kering Campur Semak,,  ,Agree,Yes,2017,No,High,Yazid checked,,,,,,,,,,,,,,,,,
Nusa Tenggara,Zuzu,4,6401,Primary degraded,NA,1990,High,No,High,Sample complete!,,,,,,,,,,,,,,,,Hutan Sekunder,,  ,Agree,Yes,2016,No,High,Yazid checked,,,,,,,,,,,,,,,,,
Nusa Tenggara,Zuzu,4,6402,Non Forest,NA,1990,High,No,High,Sample complete!,,,,,,,,,,,,,,,,Pertanian Lahan Kering Campur Semak,,  ,Agree,Yes,none,No,High,Yazid checked,,,,,,,,,,,,,,,,,
Nusa Tenggara,Zuzu,4,6403,Primary intact,NA,1990,High,No,High,Sample complete!,,,,,,,,,,,,,,,,Hutan Primer,,  ,Agree,Yes,2013,No,High,Yazid checked,,,,,,,,,,,,,,,,,
Nusa Tenggara,Zuzu,4,6404,Non Forest,NA,1990,High,No,High,Sample complete!,,,,,,,,,,,,,,,,Belukar,,  ,Disagree - major,Yes,2016,No,High,Yazid checked,,,,,,,,,,,,,,,,,
Nusa Tenggara,Zuzu,4,6405,Primary degraded,NA,1990,High,No,High,Sample complete!,,,,,,,,,,,,,,,,Hutan Sekunder,,  ,Agree,Yes,2016,No,High,Yazid checked,,,,,,,,,,,,,,,,,
Nusa Tenggara,Zuzu,4,6406,Non Forest,NA,1990,High,No,High,Sample complete!,,,,,,,,,,,,,,,,Belukar,,  ,Agree,Yes,2015,No,High,Yazid checked,,,,,,,,,,,,,,,,,
Nusa Tenggara,Zuzu,4,6407,Non Forest,NA,1990,High,No,High,Sample complete!,,,,,,,,,,,,,,,,Pemukiman,No data in the SPOT,  ,Agree,Yes,2016,No,High,Yazid checked,,,,,,,,,,,,,,,,,
Nusa Tenggara,Zuzu,4,6408,Primary degraded,NA,1990,High,No,High,Sample complete!,,,,,,,,,,,,,,,,Hutan Sekunder,,  ,Disagree - major,Yes,2016,No,High,Yazid checked,,,,,,,,,,,,,,,,,
Nusa Tenggara,Zuzu,4,6409,Non Forest,NA,1994,High,No,High,Sample complete!,,,,,,,,,,,,,,,,Sawah,,  ,Agree,Yes,2016,No,High,Yazid checked,,,,,,,,,,,,,,,,,
Nusa Tenggara,Zuzu,4,6410,Primary degraded,NA,1990,High,No,High,Sample complete!,2014,2013,Degraded - Natural disturbance,High,,,,,,,,,,,,Hutan Sekunder,,Degraded - Natural disturbance  ,Disagree - minor,Yes,2017,No,High,Yazid checked,,,,,,,,,,,,,,,,,
Nusa Tenggara,Zuzu,4,6411,Primary degraded,NA,1990,High,No,High,Sample complete!,,,,,,,,,,,,,,,,Hutan Sekunder,,  ,Disagree - major,Yes,2013,No,High,Yazid checked,,,,,,,,,,,,,,,,,
Nusa Tenggara,Zuzu,4,6412,Primary degraded,NA,1990,High,No,High,Sample complete!,,,,,,,,,,,,,,,,Hutan Sekunder,,  ,Agree,Yes,2017,No,High,Yazid checked,,,,,,,,,,,,,,,,,
Nusa Tenggara,Zuzu,4,6413,Non Forest,NA,1990,High,No,High,Sample complete!,,,,,,,,,,,,,,,,Lahan Terbuka,,  ,Agree,Yes,2017,No,High,Yazid checked,,,,,,,,,,,,,,,,,
Nusa Tenggara,Zuzu,4,6414,Primary degraded,NA,1990,High,No,High,Sample complete!,,,,,,,,,,,,,,,,Hutan Sekunder,,  ,Disagree - major,Yes,2016,No,High,Yazid checked,,,,,,,,,,,,,,,,,
Nusa Tenggara,Zuzu,4,6415,Non Forest,NA,1990,High,No,High,Sample complete!,,,,,,,,,,,,,,,,Pertanian Lahan Kering Campur Semak,,  ,Agree,Yes,2016,No,High,Yazid checked,,,,,,,,,,,,,,,,,
Nusa Tenggara,Zuzu,4,6416,Primary degraded,NA,1990,High,No,High,Sample complete!,,,,,,,,,,,,,,,,Hutan Sekunder,,  ,Agree,Yes,2013,No,High,Yazid checked,,,,,,,,,,,,,,,,,
Nusa Tenggara,Zuzu,4,6417,Non Forest,NA,1990,High,No,High,Sample complete!,,,,,,,,,,,,,,,,Belukar,,  ,Disagree - major,Yes,2017,No,High,Yazid checked,,,,,,,,,,,,,,,,,
Nusa Tenggara,Zuzu,4,6418,Primary intact,NA,1990,High,No,High,Sample complete!,,,,,,,,,,,,,,,,Hutan Primer,,  ,Agree,Yes,2015,No,High,Yazid checked,,,,,,,,,,,,,,,,,
Nusa Tenggara,Zuzu,4,6419,Primary intact,NA,1990,High,No,High,Sample complete!,,,,,,,,,,,,,,,,Hutan Primer,,  ,Agree,Yes,2013,No,High,Yazid checked,,,,,,,,,,,,,,,,,
Nusa Tenggara,Zuzu,4,6420,Non Forest,NA,1994,High,No,High,Sample complete!,,,,,,,,,,,,,,,,Belukar,,  ,Agree,Yes,2016,No,High,Yazid checked,,,,,,,,,,,,,,,,,
Nusa Tenggara,Zuzu,4,6421,Primary intact,NA,1990,High,No,High,Sample complete!,,,,,,,,,,,,,,,,Hutan Primer,,  ,Disagree - major,Yes,2016,No,High,Yazid checked,,,,,,,,,,,,,,,,,
Nusa Tenggara,Zuzu,4,6422,Primary degraded,NA,1990,High,No,High,Sample complete!,,,,,,,,,,,,,,,,Hutan Sekunder,,  ,Agree,Yes,2016,No,High,Yazid checked,,,,,,,,,,,,,,,,,
Nusa Tenggara,Zuzu,4,6423,Non Forest,NA,1991,High,No,High,Sample complete!,,,,,,,,,,,,,,,,Sawah,,  ,Agree,Yes,2017,No,High,Yazid checked,,,,,,,,,,,,,,,,,
Nusa Tenggara,Zuzu,4,6424,Non Forest,NA,1990,High,No,High,Sample complete!,,,,,,,,,,,,,,,,Pertanian Lahan Kering Campur Semak,,  ,Disagree - major,Yes,2017,No,High,Yazid checked,,,,,,,,,,,,,,,,,
Nusa Tenggara,Zuzu,4,6425,Non Forest,NA,1990,High,No,High,Sample complete!,,,,,,,,,,,,,,,,Belukar,,  ,Disagree - major,Yes,2016,No,High,Yazid checked,,,,,,,,,,,,,,,,,
Nusa Tenggara,Zuzu,4,6426,Non Forest,NA,1990,High,No,High,Sample complete!,,,,,,,,,,,,,,,,Hutan Tanaman,,  ,Agree,Yes,2013,No,High,Yazid checked,TEAK WOOD PLANTATION,,,,,,,,,,,,,,,,
Nusa Tenggara,Zuzu,4,6427,Non Forest,NA,1995,High,No,High,Sample complete!,,,,,,,,,,,,,,,,Pertanian Lahan Kering Campur Semak,,  ,Disagree - major,Yes,2017,No,High,Yazid checked,,,,,,,,,,,,,,,,,
Nusa Tenggara,Zuzu,4,6428,Primary intact,,1990,High,No,High,Sample complete!,,,,,,,,,,,,,,,,Hutan Primer,,  ,Agree,Yes,2013,No,High,Yazid checked,,,,,,,,,,,,,,,,,
Nusa Tenggara,Zuzu,4,6429,Non Forest,NA,1990,High,No,High,Sample complete!,,,,,,,,,,,,,,,,Belukar,,  ,Agree,Yes,2015,No,High,Yazid checked,,,,,,,,,,,,,,,,,
Nusa Tenggara,Zuzu,4,6430,Primary degraded,NA,1990,High,No,High,Sample complete!,,,,,,,,,,,,,,,,Hutan Sekunder,,  ,Agree,Yes,2016,No,High,Yazid checked,,,,,,,,,,,,,,,,,
Nusa Tenggara,Zuzu,4,6431,Primary degraded,NA,1990,High,No,High,Sample complete!,,,,,,,,,,,,,,,,Hutan Sekunder,,,Disagree - major,Yes,2017,No,High,Yazid checked,,,,,,,,,,,,,,,,,
Nusa Tenggara,Zuzu,4,6432,Primary intact,NA,1990,High,Yes,High,,2015,2014,Degraded - Natural disturbance,Low,,,,,,,,,,,,Hutan Sekunder,,Degraded - Natural disturbance  ,Disagree - minor,Yes,2017,No,High,Yazid checked,,,,,,,,,,,,,,,,,
Nusa Tenggara,Zuzu,4,6433,Non Forest,NA,1990,High,No,High,Sample complete!,,,,,,,,,,,,,,,,Belukar,,  ,Agree,Yes,2016,No,High,Yazid checked,,,,,,,,,,,,,,,,,
Nusa Tenggara,Zuzu,4,6434,Non Forest,NA,1990,High,No,High,Sample complete!,,,,,,,,,,,,,,,,Savana,,  ,Agree,Yes,2017,No,High,Yazid checked,,,,,,,,,,,,,,,,,
Nusa Tenggara,Zuzu,4,6435,Primary intact,NA,1990,High,No,High,Sample complete!,,,,,,,,,,,,,,,,Hutan Primer,,  ,Agree,Yes,2017,No,High,Yazid checked,,,,,,,,,,,,,,,,,
Nusa Tenggara,Zuzu,4,6436,Non Forest,NA,1990,High,No,High,Sample complete!,,,,,,,,,,,,,,,,Belukar,,  ,Agree,Yes,2013,No,High,Yazid checked,,,,,,,,,,,,,,,,,
Nusa Tenggara,Zuzu,4,6437,Primary degraded,NA,1990,High,No,High,Sample complete!,,,,,,,,,,,,,,,,Hutan Sekunder,,  ,Agree,Yes,2017,No,High,Yazid checked,,,,,,,,,,,,,,,,,
Nusa Tenggara,Zuzu,4,6438,Non Forest,NA,1990,High,No,High,Sample complete!,,,,,,,,,,,,,,,,Belukar,,  ,Agree,Yes,2016,No,High,Yazid checked,,,,,,,,,,,,,,,,,
Nusa Tenggara,Zuzu,4,6439,Non Forest,NA,1990,High,No,High,Sample complete!,,,,,,,,,,,,,,,,Belukar,,  ,Agree,Yes,2013,No,High,Yazid checked,,,,,,,,,,,,,,,,,
Nusa Tenggara,Zuzu,4,6440,Non Forest,NA,1990,High,No,High,Sample complete!,,,,,,,,,,,,,,,,Pertanian Lahan Kering Campur Semak,,  ,Agree,Yes,2017,No,High,Yazid checked,,,,,,,,,,,,,,,,,
Nusa Tenggara,Zuzu,5,6441,Non Forest,NA,1990,High,No,High,Sample complete!,,,,,,,,,,,,,,,,Pertanian Lahan Kering Campur Semak,,  ,Agree,Yes,2008,No,High,Rizky checked,,,,,,,,,,,,,,,,,
Nusa Tenggara,Zuzu,5,6442,Primary degraded,NA,1990,High,No,High,Sample complete!,,,,,,,,,,,,,,,,Hutan Mangrove Sekunder,,  ,Agree,Yes,2009,No,High,Rizky checked,,,,,,,,,,,,,,,,,
Nusa Tenggara,Zuzu,5,6443,Non Forest,NA,1990,High,No,High,Sample complete!,,,,,,,,,,,,,,,,Belukar,,  ,Agree,Yes,2004,No,High,Rizky checked,,,,,,,,,,,,,,,,,
Nusa Tenggara,Zuzu,5,6444,Non Forest,NA,1990,High,No,High,Sample complete!,,,,,,,,,,,,,,,,Belukar,,  ,Agree,Yes,2005,No,High,Rizky checked,,,,,,,,,,,,,,,,,
Nusa Tenggara,Zuzu,5,6445,Non Forest,NA,1990,High,No,High,Sample complete!,,,,,,,,,,,,,,,,Pertanian Lahan Kering Campur Semak,,  ,Agree,Yes,2010,No,High,Rizky checked,,,,,,,,,,,,,,,,,
Nusa Tenggara,Zuzu,5,6446,Primary intact,NA,1990,High,No,High,Sample complete!,,,,,,,,,,,,,,,,Hutan Primer,,  ,Agree,Yes,2004,No,High,Rizky checked,,,,,,,,,,,,,,,,,
Nusa Tenggara,Zuzu,5,6447,Primary intact,NA,1990,High,No,High,Sample complete!,,,,,,,,,,,,,,,,Hutan Primer,,  ,Agree,Yes,2009,No,High,Rizky checked,,,,,,,,,,,,,,,,,
Nusa Tenggara,Zuzu,5,6448,Non Forest,NA,1990,High,No,High,Sample complete!,,,,,,,,,,,,,,,,Pertanian Lahan Kering Campur Semak,,  ,Agree,Yes,2005,No,High,Rizky checked,,,,,,,,,,,,,,,,,
Nusa Tenggara,Zuzu,5,6449,Primary intact,NA,1990,High,No,High,Sample complete!,,,,,,,,,,,,,,,,Hutan Primer,,  ,Disagree - major,Yes,2012,No,High,Rizky checked,,,,,,,,,,,,,,,,,
Nusa Tenggara,Zuzu,5,6450,Non Forest,NA,1990,High,No,High,Sample complete!,,,,,,,,,,,,,,,,Savana,,  ,Disagree - minor,Yes,2002,No,High,Rizky checked,,,,,,,,,,,,,,,,,
Nusa Tenggara,Zuzu,5,6451,Primary intact,NA,1990,High,No,High,Sample complete!,,,,,,,,,,,,,,,,Hutan Primer,,  ,Agree,Yes,2012,No,High,Rizky checked,,,,,,,,,,,,,,,,,
Nusa Tenggara,Zuzu,5,6452,Non Forest,NA,1990,High,No,High,Sample complete!,,,,,,,,,,,,,,,,Pertanian Lahan Kering,,  ,Agree,Yes,2006,No,High,Rizky checked,,,,,,,,,,,,,,,,,
Nusa Tenggara,Zuzu,5,6453,Primary intact,NA,1990,High,No,High,Sample complete!,,,,,,,,,,,,,,,,Hutan Primer,,  ,Agree,Yes,2004,No,High,Rizky checked,,,,,,,,,,,,,,,,,
Nusa Tenggara,Zuzu,5,6454,Primary intact,NA,1990,High,No,High,Sample complete!,,,,,,,,,,,,,,,,Hutan Primer,,  ,Agree,Yes,2009,No,High,Rizky checked,Virgin forest in the small island despite the tree canopy is small,,,,,,,,,,,,,,,,
Nusa Tenggara,Zuzu,5,6455,Primary intact,NA,1990,High,No,High,Sample complete!,,,,,,,,,,,,,,,,Hutan Primer,,  ,Agree,Yes,2009,No,High,Rizky checked,,,,,,,,,,,,,,,,,
Nusa Tenggara,Zuzu,5,6456,Primary degraded,NA,1990,Low,No,High,Sample complete!,,,,,,,,,,,,,,,,Hutan Sekunder,,  ,Disagree - major,Yes,2004,No,High,Rizky checked,,,,,,,,,,,,,,,,,
Nusa Tenggara,Zuzu,5,6457,Non Forest,NA,1994,High,No,High,Sample complete!,,,,,,,,,,,,,,,,Hutan Tanaman,,  ,Disagree - minor,Yes,2002,No,High,Rizky checked,,,,,,,,,,,,,,,,,
Nusa Tenggara,Zuzu,5,6458,Primary intact,NA,1995,Low,No,High,Sample complete!,,,,,,,,,,,,,,,,Hutan Primer,,  ,Agree,Yes,2006,No,High,Rizky checked,,,,,,,,,,,,,,,,,
Nusa Tenggara,Zuzu,5,6459,Non Forest,NA,1990,High,No,High,Sample complete!,,,,,,,,,,,,,,,,Savana,,  ,Disagree - minor,Yes,2013,No,High,Rizky checked,,,,,,,,,,,,,,,,,
Nusa Tenggara,Zuzu,5,6460,Non Forest,NA,1990,High,No,High,Sample complete!,,,,,,,,,,,,,,,,Belukar,,  ,Agree,Yes,2005,No,High,Rizky checked,,,,,,,,,,,,,,,,,
Nusa Tenggara,Zuzu,5,6461,Non Forest,NA,1990,High,No,High,Sample complete!,,,,,,,,,,,,,,,,Pertanian Lahan Kering Campur Semak,,  ,Agree,Yes,2005,No,High,Rizky checked,,,,,,,,,,,,,,,,,
Nusa Tenggara,Zuzu,5,6462,Non Forest,NA,1995,Low,No,High,Sample complete!,,,,,,,,,,,,,,,,Pemukiman,,  ,Agree,Yes,2005,No,High,Rizky checked,,,,,,,,,,,,,,,,,
Nusa Tenggara,Zuzu,5,6463,Non Forest,NA,1990,High,No,High,Sample complete!,,,,,,,,,,,,,,,,Savana,,  ,Disagree - minor,Yes,2005,No,High,Rizky checked,,,,,,,,,,,,,,,,,
Nusa Tenggara,Zuzu,5,6464,Non Forest,NA,1990,High,No,High,Sample complete!,,,,,,,,,,,,,,,,Pertanian Lahan Kering Campur Semak,,  ,Agree,Yes,2002,No,High,Rizky checked,,,,,,,,,,,,,,,,,
Nusa Tenggara,Zuzu,5,6465,Primary intact,NA,1990,High,No,High,Sample complete!,,,,,,,,,,,,,,,,Hutan Primer,,  ,Agree,Yes,2005,No,High,Rizky checked,,,,,,,,,,,,,,,,,
Nusa Tenggara,Zuzu,5,6466,Primary intact,NA,1990,Low,No,Low,Sample complete!,,,,,,,,,,,,,,,,Hutan Primer,,  ,Agree,Yes,2005,No,High,Rizky checked,,,,,,,,,,,,,,,,,
Nusa Tenggara,Zuzu,5,6467,Non Forest,NA,1990,High,No,High,Sample complete!,,,,,,,,,,,,,,,,Savana,,  ,Disagree - minor,Yes,2002,No,High,Rizky checked,,,,,,,,,,,,,,,,,
Nusa Tenggara,Zuzu,5,6468,Non Forest,NA,1990,High,No,High,Sample complete!,,,,,,,,,,,,,,,,Belukar,,  ,Agree,Yes,2004,No,High,Rizky checked,,,,,,,,,,,,,,,,,
Nusa Tenggara,Zuzu,5,6469,Primary degraded,NA,1990,High,No,High,Sample complete!,,,,,,,,,,,,,,,,Hutan Sekunder,,  ,Agree,Yes,2005,No,High,Rizky checked,,,,,,,,,,,,,,,,,
Nusa Tenggara,Zuzu,5,6470,Non Forest,NA,1995,High,No,High,Sample complete!,,,,,,,,,,,,,,,,Sawah,,  ,Agree,Yes,2009,No,High,Rizky checked,,,,,,,,,,,,,,,,,
Nusa Tenggara,Zuzu,5,6471,Non Forest,NA,1995,Low,No,High,Sample complete!,,,,,,,,,,,,,,,,Sawah,,  ,Agree,Yes,2006,No,High,Rizky checked,,,,,,,,,,,,,,,,,
Nusa Tenggara,Zuzu,5,6472,Non Forest,NA,1994,Low,No,High,Sample complete!,,,,,,,,,,,,,,,,Pertanian Lahan Kering Campur Semak,,  ,Agree,Yes,2009,No,High,Rizky checked,,,,,,,,,,,,,,,,,
Nusa Tenggara,Zuzu,5,6473,Non Forest,NA,1994,Low,No,High,Sample complete!,,,,,,,,,,,,,,,,Pertanian Lahan Kering Campur Semak,,  ,Agree,Yes,2009,No,High,Rizky checked,,,,,,,,,,,,,,,,,
Nusa Tenggara,Zuzu,5,6474,Non Forest,NA,1990,High,No,High,Sample complete!,,,,,,,,,,,,,,,,Belukar,,  ,Agree,Yes,2006,No,High,Rizky checked,,,,,,,,,,,,,,,,,
Nusa Tenggara,Zuzu,5,6475,Non Forest,NA,1990,High,No,High,Sample complete!,,,,,,,,,,,,,,,,Pertanian Lahan Kering Campur Semak,,  ,Agree,Yes,2006,No,High,Rizky checked,,,,,,,,,,,,,,,,,
Nusa Tenggara,Zuzu,5,6476,Primary intact,NA,1990,High,No,High,Sample complete!,,,,,,,,,,,,,,,,Hutan Primer,,  ,Agree,Yes,2010,No,High,Rizky checked,,,,,,,,,,,,,,,,,
Nusa Tenggara,Zuzu,5,6477,Non Forest,NA,1990,High,No,High,Sample complete!,,,,,,,,,,,,,,,,Pertanian Lahan Kering Campur Semak,,  ,Agree,Yes,2004,No,High,Rizky checked,,,,,,,,,,,,,,,,,
Nusa Tenggara,Zuzu,5,6478,Non Forest,NA,1990,High,No,High,Sample complete!,,,,,,,,,,,,,,,,Pertanian Lahan Kering Campur Semak,,  ,Agree,Yes,2005,No,High,Rizky checked,,,,,,,,,,,,,,,,,
Nusa Tenggara,Zuzu,5,6479,Primary intact,NA,1990,High,No,High,Sample complete!,,,,,,,,,,,,,,,,Hutan Primer,,  ,Agree,Yes,2011,No,High,Rizky checked,,,,,,,,,,,,,,,,,
Nusa Tenggara,Zuzu,5,6480,Primary intact,NA,1990,High,No,High,Sample complete!,,,,,,,,,,,,,,,,Hutan Primer,,  ,Agree,Yes,2003,No,High,Rizky checked,,,,,,,,,,,,,,,,,
Nusa Tenggara,Zuzu,5,6481,Non Forest,NA,1990,High,No,High,Sample complete!,,,,,,,,,,,,,,,,Pemukiman,,  ,Agree,Yes,2011,No,High,Rizky checked,,,,,,,,,,,,,,,,,
Nusa Tenggara,Zuzu,5,6482,Primary degraded,NA,1990,High,No,High,Sample complete!,,,,,,,,,,,,,,,,Hutan Sekunder,,  ,Agree,Yes,2007,No,High,Rizky checked,,,,,,,,,,,,,,,,,
Nusa Tenggara,Zuzu,5,6483,Non Forest,NA,1995,High,No,High,Sample complete!,,,,,,,,,,,,,,,,Pertanian Lahan Kering,,  ,Agree,Yes,2012,No,High,Rizky checked,,,,,,,,,,,,,,,,,
Nusa Tenggara,Zuzu,5,6484,Primary intact,NA,1990,Low,No,High,Sample complete!,,,,,,,,,,,,,,,,Hutan Primer,,  ,Agree,Yes,2005,No,High,Rizky checked,,,,,,,,,,,,,,,,,
Nusa Tenggara,Zuzu,5,6485,Non Forest,NA,1990,High,No,High,Sample complete!,,,,,,,,,,,,,,,,Pertanian Lahan Kering Campur Semak,,  ,Agree,Yes,2013,No,High,Rizky checked,,,,,,,,,,,,,,,,,
Nusa Tenggara,Zuzu,5,6486,Non Forest,NA,1990,High,No,High,Sample complete!,,,,,,,,,,,,,,,,Belukar,,  ,Agree,Yes,2005,No,High,Rizky checked,,,,,,,,,,,,,,,,,
Nusa Tenggara,Zuzu,5,6487,Primary degraded,NA,1990,High,No,High,Sample complete!,,,,,,,,,,,,,,,,Hutan Sekunder,,  ,Agree,Yes,2012,No,High,Rizky checked,,,,,,,,,,,,,,,,,
Nusa Tenggara,Zuzu,5,6488,Non Forest,NA,1990,High,No,High,Sample complete!,,,,,,,,,,,,,,,,Belukar,,  ,Agree,Yes,2005,No,High,Rizky checked,,,,,,,,,,,,,,,,,
Nusa Tenggara,Zuzu,5,6489,Non Forest,NA,1990,High,No,High,Sample complete!,,,,,,,,,,,,,,,,Pertanian Lahan Kering Campur Semak,,  ,Agree,Yes,2003,No,High,Rizky checked,,,,,,,,,,,,,,,,,
Nusa Tenggara,Zuzu,5,6490,Non Forest,NA,1990,High,No,High,Sample complete!,,,,,,,,,,,,,,,,Belukar,,  ,Agree,Yes,2009,No,High,Rizky checked,,,,,,,,,,,,,,,,,
Nusa Tenggara,Zuzu,5,6491,Primary degraded,NA,1990,High,No,High,Sample complete!,,,,,,,,,,,,,,,,Hutan Sekunder,,  ,Agree,Yes,2006,No,High,Rizky checked,,,,,,,,,,,,,,,,,
Nusa Tenggara,Zuzu,5,6492,Non Forest,NA,1990,High,No,High,Sample complete!,,,,,,,,,,,,,,,,Pertanian Lahan Kering Campur Semak,,  ,Disagree - minor,Yes,2012,No,High,Rizky checked,,,,,,,,,,,,,,,,,
Nusa Tenggara,Zuzu,5,6493,Non Forest,NA,1990,High,No,High,Sample complete!,,,,,,,,,,,,,,,,Belukar,,  ,Agree,Yes,2006,No,High,Rizky checked,,,,,,,,,,,,,,,,,
Nusa Tenggara,Zuzu,5,6494,Non Forest,NA,1990,High,Yes,High,,,,,,,,,,,,,,,,,Pertanian Lahan Kering Campur Semak,,  ,Disagree - minor,Yes,2011,No,High,Rizky checked,,,,,,,,,,,,,,,,,
Nusa Tenggara,Zuzu,5,6495,Non Forest,NA,1990,High,No,High,Sample complete!,,,,,,,,,,,,,,,,Savana,,  ,Disagree - minor,Yes,2005,No,High,Rizky checked,,Diana checked,,,,,,,,,,,,,,,
Nusa Tenggara,Zuzu,5,6496,Primary intact,NA,1990,High,No,,Sample complete!,,,,,,,,,,,,,,,,Hutan Primer,,  ,Agree,Yes,2006,No,High,Rizky checked,,,,,,,,,,,,,,,,,
