Island Group,Person,Entry-1,SampleID,1990 Landcover,1990 sub-class,First year of cloud-free data,1990 confidence,change event? 1990-2015,change event conf,1990 notes,year of change 1,Prev cloud-free yr 1,change type 1,Confidence change 1,notes change 1,year of change 2,previous cloud-free year 2,change type 2,Confidence change 2,notes change 2,year of change 3,previous cloud-free year 3,change type 3,Confidence change 3,notes change 3,KLHK land cover class,Classification Notes,Transition Summary,AGREE or DISAGREE,Spot image?,High Res GE?,More than 3 change events?,Confidence of final interpreter,User,Final interpreter notes,Diana edited notes,year of change 4,previous cloud-free year 4,change type 4,Confidence change 4,notes change 4,year of change 5,previous cloud-free year 5,change type 5,Confidence change 5,notes change 5,year of change 6,previous cloud-free year 6,change type 6,Confidence change 6,notes change 6
Maluku,Rizky,1,5703,Primary intact,NA,1990,High,No,High,Sample complete!,,,,,,,,,,,,,,,,Hutan Primer,, ,Agree,Yes,2015,No,High,Anna checked,,,,,,,,,,,,,,,,,
Maluku,Rizky,1,5704,Primary intact,NA,1991,High,Yes,High,Sample complete!,1997,1995,Degraded - Selective Logging,High,,2013,2012,Degraded - Nearby clearing,Low,,,,,,,Hutan Sekunder,,Degraded - Selective LoggingDegraded - Nearby clearing ,Disagree - major,Yes,2013,No,High,Anna checked,,,,,,,,,,,,,,,,,
Maluku,Rizky,1,5705,Primary intact,NA,1991,High,No,High,Sample complete!,,,,,,,,,,,,,,,,Hutan Primer,, ,Agree,Yes,none,No,High,Anna checked,,,,,,,,,,,,,,,,,
Maluku,Rizky,1,5706,Primary intact,NA,1992,High,Yes,High,,1998,1992,Degraded - Selective Logging,High,,,,,,,,,,,,Hutan Sekunder,,Degraded - Selective Logging  ,Agree,Yes,2016,No,High,Anna checked,,,,,,,,,,,,,,,,,
Maluku,Rizky,1,5707,Primary intact,NA,1998,High,No,High,Sample complete!,,,,,,,,,,,,,,,,Hutan Primer,,  ,Agree,Yes,none,No,High,Anna checked,,,,,,,,,,,,,,,,,
Maluku,Rizky,1,5708,Primary intact,NA,1990,High,Yes,High,,2003,2002,Degraded - Selective Logging,High,,2009,2008,Cleared - Abandoned/transitional,High,,,,,,,Belukar,,Degraded - Selective Logging Cleared - Abandoned/transitional ,Disagree - major,Yes,2016,No,High,Anna checked,,,,,,,,,,,,,,,,,
Maluku,Rizky,1,5709,Primary intact,NA,1991,High,No,High,Sample complete!,,,,,,,,,,,,,,,,Hutan Primer,,  ,Agree,Yes,2016,No,High,Anna checked,,,,,,,,,,,,,,,,,
Maluku,Rizky,1,5710,Primary intact,NA,1997,High,No,High,Sample complete!,,,,,,,,,,,,,,,,Hutan Primer,,  ,Agree,Yes,none,No,High,Anna checked,,,,,,,,,,,,,,,,,
Maluku,Rizky,1,5711,Non Forest,NA,1995,High,No,High,Sample complete!,,,,,,,,,,,,,,,,Pertanian Lahan Kering Campur Semak,,  ,Disagree - major,Yes,2016,No,High,Anna checked,,,,,,,,,,,,,,,,,
Maluku,Rizky,1,5712,Primary intact,NA,1994,High,No,High,Sample complete!,,,,,,,,,,,,,,,,Hutan Primer,,  ,Agree,Yes,none,No,High,Anna checked,,,,,,,,,,,,,,,,,
Maluku,Rizky,1,5713,Non Forest,NA,1997,High,No,High,Sample complete!,,,,,,,,,,,,,,,,Air,,  ,Agree,No,2012,No,High,Anna checked,,,,,,,,,,,,,,,,,
Maluku,Rizky,1,5714,Primary intact,NA,1991,High,No,High,Sample complete!,,,,,,,,,,,,,,,,Hutan Primer,,  ,Agree,Yes,none,No,High,Anna checked,,,,,,,,,,,,,,,,,
Maluku,Rizky,1,5715,Primary intact,NA,1990,High,No,High,Sample complete!,,,,,,,,,,,,,,,,Hutan Primer,,  ,Agree,No,none,No,High,Anna checked,,,,,,,,,,,,,,,,,
Maluku,Rizky,1,5716,Primary intact,NA,1997,High,No,High,Sample complete!,,,,,,,,,,,,,,,,Hutan Primer,,  ,Agree,Yes,none,No,High,Anna checked,,,,,,,,,,,,,,,,,
Maluku,Rizky,1,5717,Non Forest,NA,1997,High,No,High,Sample complete!,,,,,,,,,,,,,,,,Air,,  ,Agree,Yes,2013,No,High,Anna checked,,,,,,,,,,,,,,,,,
Maluku,Rizky,1,5718,Non Forest,NA,1990,High,No,High,Sample complete!,,,,,,,,,,,,,,,,Pertanian Lahan Kering,,  ,Disagree - minor,Yes,none,No,High,Anna checked,,,,,,,,,,,,,,,,,
Maluku,Rizky,1,5719,Primary intact,NA,1991,High,No,High,Sample complete!,,,,,,,,,,,,,,,,Hutan Primer,,  ,Agree,Yes,2011,No,High,Anna checked,,,,,,,,,,,,,,,,,
Maluku,Rizky,1,5720,Primary intact,NA,1995,High,No,High,Sample complete!,,,,,,,,,,,,,,,,Hutan Primer,,  ,Agree,Yes,none,No,High,Anna checked,,,,,,,,,,,,,,,,,
Maluku,Rizky,1,5721,Primary degraded,NA,1990,High,Yes,High,,1994,1991,Cleared - Abandoned/transitional,Low,,2003,2002,Cleared - Abandoned/transitional,High,,,,,,,Pertanian Lahan Kering Campur Semak,,Cleared - Abandoned/transitional Cleared - Abandoned/transitional ,Disagree - major,No,2010,No,High,Anna checked,,,,,,,,,,,,,,,,,
Maluku,Rizky,1,5722,Primary intact,NA,1990,High,Yes,High,Sample complete!,1997,1991,Degraded - Selective Logging,High,,,,,,,,,,,,Hutan Sekunder,,Degraded - Selective Logging  ,Disagree - major,Yes,none,No,High,Anna checked,,,,,,,,,,,,,,,,,
Maluku,Rizky,1,5723,Primary degraded,Forest fragment,1990,High,Yes,High,Sample complete!,1999,1998,Cleared - Abandoned/transitional,High,,,,,,,,,,,,Belukar,,Cleared - Abandoned/transitional  ,Disagree - major,No,2015,No,High,Anna checked,,,,,,,,,,,,,,,,,
Maluku,Rizky,1,5724,Non Forest,NA,1990,High,No,High,Sample complete!,,,,,,,,,,,,,,,,Lahan Terbuka,,  ,Disagree - minor,Yes,2016,No,High,Anna checked,,,,,,,,,,,,,,,,,
Maluku,Rizky,1,5725,Non Forest,NA,1997,High,No,High,Sample complete!,,,,,,,,,,,,,,,,Perkebunan,,  ,Disagree - minor,Yes,none,No,High,Anna checked,,,,,,,,,,,,,,,,,
Maluku,Rizky,1,5726,Primary intact,NA,1997,High,No,High,Sample complete!,,,,,,,,,,,,,,,,Hutan Primer,,  ,Agree,Yes,none,No,High,Anna checked,,,,,,,,,,,,,,,,,
Maluku,Rizky,1,5727,Primary intact,NA,1990,High,No,High,Sample complete!,,,,,,,,,,,,,,,,Hutan Primer,,  ,Agree,Yes,2016,No,High,Anna checked,,,,,,,,,,,,,,,,,
Maluku,Rizky,1,5728,Primary intact,NA,1990,High,Yes,High,Sample complete!,1994,1993,Degraded - Selective Logging,Low,,2003,2002,Cleared - Abandoned/transitional,High,,,,,,,Belukar,,Degraded - Selective Logging Cleared - Abandoned/transitional ,Disagree - major,Yes,none,No,High,Anna checked,,,,,,,,,,,,,,,,,
Maluku,Rizky,1,5729,Primary degraded,NA,1990,High,No,High,Sample complete!,,,,,,,,,,,,,,,,Hutan Sekunder,,  ,Disagree - major,Yes,none,No,High,Anna checked,,,,,,,,,,,,,,,,,
Maluku,Rizky,1,5730,Non Forest,NA,1990,Low,No,High,,,,,,,,,,,,,,,,,Belukar,,  ,Disagree - major,Yes,2015,No,High,Anna checked,,,,,,,,,,,,,,,,,
Maluku,Rizky,1,5731,Primary degraded,NA,1991,High,No,High,,,,,,,,,,,,,,,,,Hutan Sekunder,,  ,Disagree - major,Yes,2013,No,High,Anna checked,,,,,,,,,,,,,,,,,
Maluku,Rizky,1,5732,Primary intact,NA,1992,High,Yes,High,,1997,1992,Degraded - Selective Logging,High,,2003,2002,Cleared - Abandoned/transitional,High,,2009,2008,Cleared - Mining,High,,Pertambangan,,Degraded - Selective Logging Cleared - Abandoned/transitional Cleared - Mining,Disagree - minor,No,2015,No,High,Anna checked,,,,,,,,,,,,,,,,,
Maluku,Rizky,1,5733,Non Forest,NA,1991,High,No,High,Sample complete!,,,,,,,,,,,,,,,,Pertanian Lahan Kering Campur Semak,,  ,Agree,Yes,none,No,High,Anna checked,,,,,,,,,,,,,,,,,
Maluku,Rizky,1,5734,Non Forest,NA,1990,High,No,High,Sample complete!,,,,,,,,,,,,,,,,Air,,  ,Disagree - major,Yes,2014,No,High,Anna checked,different location sampel in Landsat and GE,,,,,,,,,,,,,,,,
Maluku,Rizky,1,5735,Primary intact,NA,1994,High,Yes,High,Sample complete!,2003,2002,Degraded - Nearby clearing,High,,2016,2015,Degraded - Nearby clearing,High,,,,,,,Hutan Sekunder,,Degraded - Nearby clearing Degraded - Nearby clearing ,Disagree - major,Yes,none,No,High,Anna checked,,,,,,,,,,,,,,,,,
Maluku,Rizky,1,5736,Primary intact,NA,1992,High,Yes,High,Sample complete!,2001,2000,Degraded - Selective Logging,High,,2016,2015,Degraded - Nearby clearing,High,,,,,,,Hutan Sekunder,,Degraded - Selective Logging Degraded - Nearby clearing ,Disagree - major,Yes,2010,No,High,Anna checked,,,,,,,,,,,,,,,,,
Maluku,Rizky,1,5737,Primary intact,NA,1997,High,Yes,High,Sample complete!,2004,2003,Degraded - Selective Logging,High,,,,,,,,,,,,Hutan Sekunder,,Degraded - Selective Logging  ,Disagree - major,Yes,2015,No,High,Anna checked,,,,,,,,,,,,,,,,,
Maluku,Rizky,1,5738,Primary intact,NA,1994,High,No,High,Sample complete!,,,,,,,,,,,,,,,,Hutan Primer,,  ,Agree,Yes,2010,No,High,Anna checked,,,,,,,,,,,,,,,,,
Maluku,Rizky,1,5739,Primary degraded,NA,1993,High,No,High,Sample complete!,,,,,,,,,,,,,,,,Hutan Mangrove Sekunder,,  ,Disagree - major,Yes,2016,No,High,Anna checked,,,,,,,,,,,,,,,,,
Maluku,Rizky,1,5740,Non Forest,NA,1991,High,No,High,,,,,,,,,,,,,,,,,Pertanian Lahan Kering Campur Semak,,  ,Agree,Yes,2014,No,High,Anna checked,,,,,,,,,,,,,,,,,
Maluku,Rizky,1,5741,Non Forest,NA,1990,High,No,High,Sample complete!,,,,,,,,,,,,,,,,Belukar,,  ,Disagree - major,Yes,none,No,High,Anna checked,,,,,,,,,,,,,,,,,
Maluku,Rizky,1,5742,Primary intact,NA,1991,High,Yes,High,Sample complete!,2000,1995,Degraded - Selective Logging,High,,,,,,,,,,,,Hutan Sekunder,,Degraded - Selective Logging  ,Disagree - major,Yes,2002,No,High,Anna checked,,,,,,,,,,,,,,,,,
Maluku,Rizky,1,5743,Primary intact,NA,1993,High,No,High,Sample complete!,,,,,,,,,,,,,,,,Hutan Primer,,  ,Agree,No,2016,No,High,Anna checked,,,,,,,,,,,,,,,,,
Maluku,Rizky,1,5744,Primary intact,NA,1990,High,Yes,High,,1996,1995,Degraded - Selective Logging,High,,,,,,,,,,,,Hutan Sekunder,,Degraded - Selective Logging  ,Disagree - minor,No,2011,No,High,Anna checked,,,,,,,,,,,,,,,,,
Maluku,Rizky,1,5745,Primary intact,NA,1990,High,Yes,High,Sample complete!,2002,2001,Degraded - Selective Logging,Low,,,,,,,,,,,,Hutan Sekunder,,Degraded - Selective Logging  ,Disagree - major,Yes,2015,No,High,Anna checked,,,,,,,,,,,,,,,,,
Maluku,Rizky,1,5746,Non Forest,NA,1990,High,No,High,,,,,,,,,,,,,,,,,Pertanian Lahan Kering Campur Semak,,  ,Disagree - major,Yes,none,No,High,Anna checked,,,,,,,,,,,,,,,,,
Maluku,Rizky,1,5747,Primary intact,NA,1990,High,No,High,Sample complete!,,,,,,,,,,,,,,,,Hutan Primer,,  ,Agree,Yes,none,No,High,Anna checked,,,,,,,,,,,,,,,,,
Maluku,Rizky,1,5748,Non Forest,NA,1992,High,No,High,Sample complete!,,,,,,,,,,,,,,,,Pertanian Lahan Kering Campur Semak,,  ,Agree,Yes,none,No,High,Anna checked,,,,,,,,,,,,,,,,,
Maluku,Rizky,1,5749,Primary degraded,NA,1998,Low,Yes,High,Sample complete!,2002,2001,Cleared - Abandoned/transitional,Low,,,,,,,,,,,,Belukar,,Cleared - Abandoned/transitional  ,Disagree - major,Yes,2015,No,High,Anna checked,,,,,,,,,,,,,,,,,
Maluku,Rizky,1,5750,Primary degraded,NA,1992,High,No,High,,,,,,,,,,,,,,,,,Hutan Sekunder,,  ,Disagree - major,Yes,2014,No,High,Anna checked,,,,,,,,,,,,,,,,,
Maluku,Rizky,1,5751,Primary intact,NA,1995,High,No,High,Sample complete!,,,,,,,,,,,,,,,,Hutan Primer,,  ,Agree,Yes,2011,No,High,Anna checked,,,,,,,,,,,,,,,,,
Maluku,Rizky,1,5752,Primary intact,NA,1990,High,No,High,Sample complete!,,,,,,,,,,,,,,,,Hutan Primer,,  ,Agree,No,none,No,High,Anna checked,,,,,,,,,,,,,,,,,
Maluku,Rizky,1,5753,Non Forest,NA,1990,High,No,High,Sample complete!,,,,,,,,,,,,,,,,Belukar,,  ,Agree,Yes,none,No,High,Anna checked,,,,,,,,,,,,,,,,,
Maluku,Rizky,1,5754,Primary intact,NA,1990,High,No,High,Sample complete!,,,,,,,,,,,,,,,,Hutan Primer,,  ,Agree,No,2015,No,High,Anna checked,,,,,,,,,,,,,,,,,
Maluku,Rizky,1,5755,Primary degraded,NA,1992,High,Yes,High,,1995,1992,Degraded - Nearby clearing,High,,1998,1997,Cleared - Small-holder land use,High,,,,,,,Pertanian Lahan Kering Campur Semak,,Degraded - Nearby clearing Cleared - Small-holder land use ,Disagree - minor,Yes,2006,No,High,Anna checked,,,,,,,,,,,,,,,,,
Maluku,Rizky,1,5756,Primary intact,NA,1990,High,Yes,High,Sample complete!,2002,2001,Degraded - Selective Logging,Low,,,,,,,,,,,,Hutan Sekunder,,Degraded - Selective Logging  ,Disagree - major,Yes,2015,No,High,Anna checked,,,,,,,,,,,,,,,,,
Maluku,Rizky,1,5757,Primary degraded,NA,1990,Low,No,High,Sample complete!,,,,,,,,,,,,,,,,Hutan Sekunder,,  ,Disagree - major,Yes,2002,No,High,Anna checked,,,,,,,,,,,,,,,,,
Maluku,Rizky,1,5758,Primary degraded,NA,1994,High,Yes,High,,1998,1997,Cleared - Small-holder land use,High,,,,,,,,,,,,Pertanian Lahan Kering Campur Semak,,Cleared - Small-holder land use  ,Agree,Yes,2014,No,High,Anna checked,,,,,,,,,,,,,,,,,
Maluku,Rizky,1,5759,Primary intact,NA,1995,High,Yes,High,Sample complete!,2000,1999,Degraded - Selective Logging,High,,,,,,,,,,,,Hutan Sekunder,,Degraded - Selective Logging  ,Disagree - major,Yes,2015,No,High,Anna checked,,,,,,,,,,,,,,,,,
Maluku,Rizky,1,5760,Primary degraded,NA,1990,High,Yes,High,,1993,1992,Cleared - Abandoned/transitional,High,,,,,,,,,,,,Belukar,,Cleared - Abandoned/transitional  ,Disagree - major,Yes,2016,No,High,Anna checked,,,,,,,,,,,,,,,,,
Maluku,Rizky,1,5761,Primary intact,NA,1997,High,No,High,Sample complete!,,,,,,,,,,,,,,,,Hutan Primer,,  ,Agree,Yes,none,No,High,Anna checked,,,,,,,,,,,,,,,,,
Maluku,Rizky,1,5762,Primary intact,NA,1996,High,No,High,Sample complete!,,,,,,,,,,,,,,,,Hutan Primer,,  ,Agree,Yes,2013,No,High,Anna checked,,,,,,,,,,,,,,,,,
Maluku,Rizky,1,5763,Primary intact,NA,1991,Low,Yes,High,,1999,1998,Cleared - Abandoned/transitional,High,,,,,,,,,,,,Belukar,,Cleared - Abandoned/transitional  ,Disagree - major,Yes,2012,No,High,Anna checked,,,,,,,,,,,,,,,,,
Maluku,Rizky,1,5764,Primary intact,NA,1990,High,No,High,Sample complete!,,,,,,,,,,,,,,,,Hutan Primer,,  ,Agree,Yes,2013,No,High,Anna checked,,,,,,,,,,,,,,,,,
Maluku,Rizky,1,5765,Non Forest,NA,1994,Low,No,High,No data until 1994,,,,,,,,,,,,,,,,Pertanian Lahan Kering Campur Semak,,  ,Disagree - major,Yes,none,No,High,Anna checked,,,,,,,,,,,,,,,,,
Maluku,Rizky,1,5766,Primary intact,NA,1990,High,No,High,Sample complete!,,,,,,,,,,,,,,,,Hutan Primer,,  ,Agree,No,none,No,High,Anna checked,,,,,,,,,,,,,,,,,
Maluku,Rizky,1,5767,Primary degraded,NA,1994,High,No,High,Sample complete!,,,,,,,,,,,,,,,,Hutan Sekunder,,  ,Agree,Yes,2015,No,High,Anna checked,,,,,,,,,,,,,,,,,
Maluku,Rizky,1,5768,Primary intact,NA,1990,High,No,High,Sample complete!,,,,,,,,,,,,,,,,Hutan Primer,,  ,Agree,No,none,No,High,Anna checked,,,,,,,,,,,,,,,,,
Maluku,Rizky,1,5769,Primary intact,NA,1990,High,Yes,High,Sample complete!,2002,2001,Degraded - Selective Logging,High,,,,,,,,,,,,Hutan Sekunder,,Degraded - Selective Logging  ,Disagree - major,No,none,No,High,Anna checked,,,,,,,,,,,,,,,,,
Maluku,Rizky,1,5770,Primary degraded,NA,1995,Low,No,High,Sample complete!,,,,,,,,,,,,,,,,Hutan Sekunder,,  ,Disagree - major,Yes,2015,No,High,Anna checked,,,,,,,,,,,,,,,,,
Maluku,Rizky,1,5771,Non Forest,NA,1999,High,No,High,No data until 1999,,,,,,,,,,,,,,,,Pertanian Lahan Kering Campur Semak,,  ,Disagree - major,Yes,2016,No,High,Anna checked,,,,,,,,,,,,,,,,,
Maluku,Rizky,1,5772,Non Forest,NA,1996,High,No,High,Sample complete!,,,,,,,,,,,,,,,,Pertanian Lahan Kering Campur Semak,,  ,Agree,Yes,2014,No,High,Anna checked,,,,,,,,,,,,,,,,,
Maluku,Rizky,1,5773,Primary intact,NA,1990,High,Yes,Low,Sample complete!,1994,1993,Degraded - Selective Logging,Low,,,,,,,,,,,,Hutan Sekunder,,Degraded - Selective Logging  ,Disagree - major,Yes,2006,No,High,Anna checked,,,,,,,,,,,,,,,,,
Maluku,Rizky,1,5774,Non Forest,NA,1997,High,No,High,Sample complete!,,,,,,,,,,,,,,,,Sawah,,  ,Agree,Yes,none,No,High,Anna checked,,,,,,,,,,,,,,,,,
Maluku,Rizky,1,5775,Non Forest,NA,1991,High,No,High,Sample complete!,,,,,,,,,,,,,,,,Pertanian Lahan Kering Campur Semak,,  ,Agree,Yes,none,No,High,Anna checked,,,,,,,,,,,,,,,,,
Maluku,Rizky,1,5776,Primary intact,NA,1995,High,Yes,High,No data until 1995,2005,2004,Degraded - Selective Logging,High,,,,,,,,,,,,Hutan Sekunder,,Degraded - Selective Logging  ,Disagree - minor,Yes,none,No,High,Anna checked,,,,,,,,,,,,,,,,,
Maluku,Rizky,1,5777,Primary intact,NA,1990,High,Yes,High,Sample complete!,2016,2015,Degraded - Selective Logging,High,,,,,,,,,,,,Hutan Sekunder,,Degraded - Selective Logging  ,Disagree - major,Yes,none,No,High,Anna checked,,,,,,,,,,,,,,,,,
Maluku,Rizky,1,5778,Non Forest,NA,1997,High,No,High,Sample complete!,,,,,,,,,,,,,,,,Pemukiman,,  ,Disagree - minor,Yes,2016,No,High,Anna checked,,,,,,,,,,,,,,,,,
Maluku,Rizky,1,5779,Primary intact,NA,1994,High,No,High,Sample complete!,,,,,,,,,,,,,,,,Hutan Primer,,  ,Agree,Yes,2015,No,High,Anna checked,,,,,,,,,,,,,,,,,
Maluku,Rizky,1,5780,Primary intact,NA,1990,High,No,High,Sample complete!,,,,,,,,,,,,,,,,Hutan Primer,,  ,Agree,No,2015,No,High,Anna checked,,,,,,,,,,,,,,,,,
Maluku,Rizky,1,5781,Primary intact,NA,1990,High,Yes,High,Sample complete!,1997,1996,Degraded - Selective Logging,Low,,2002,2001,Cleared - Abandoned/transitional,Low,,,,,,,Belukar,,Degraded - Selective Logging Cleared - Abandoned/transitional ,Disagree - major,No,2015,No,High,Anna checked,,,,,,,,,,,,,,,,,
Maluku,Rizky,1,5782,Non Forest,NA,1997,High,No,High,Sample complete!,,,,,,,,,,,,,,,,Pertanian Lahan Kering Campur Semak,,  ,Agree,No,2013,No,High,Anna checked,,,,,,,,,,,,,,,,,
Maluku,Rizky,1,5783,Non Forest,NA,1996,High,No,High,Sample complete!,,,,,,,,,,,,,,,,Pertanian Lahan Kering Campur Semak,,  ,Agree,Yes,2011,No,High,Anna checked,,,,,,,,,,,,,,,,,
Maluku,Rizky,1,5784,Non Forest,NA,1992,High,No,High,Sample complete!,,,,,,,,,,,,,,,,Pertanian Lahan Kering Campur Semak,,  ,Agree,Yes,2011,No,High,Anna checked,,,,,,,,,,,,,,,,,
Maluku,Rizky,1,5785,Primary intact,NA,1995,High,No,High,Sample complete!,,,,,,,,,,,,,,,,Hutan Primer,,  ,Agree,Yes,2006,No,High,Anna checked,,,,,,,,,,,,,,,,,
Maluku,Rizky,2,5786,Primary degraded,NA,1990,High,Yes,High,,1993,1992,Cleared - Abandoned/transitional,High,,,,,,,,,,,,Belukar,,Cleared - Abandoned/transitional  ,Disagree - minor,No,2015,No,High,Anna checked,,,,,,,,,,,,,,,,,
Maluku,Rizky,2,5787,Non Forest,NA,1993,High,No,High,Sample complete!,,,,,,,,,,,,,,,,Pertanian Lahan Kering Campur Semak,,  ,Disagree - minor,Yes,none,No,High,Anna checked,,,,,,,,,,,,,,,,,
Maluku,Rizky,2,5788,Primary degraded,NA,1995,Low,No,High,Sample complete!,,,,,,,,,,,,,,,,Hutan Sekunder,,  ,Disagree - major,Yes,none,No,High,Anna checked,,,,,,,,,,,,,,,,,
Maluku,Rizky,2,5789,Primary degraded,NA,1995,High,Yes,High,Sample complete!,2001,2000,Cleared - Roading,High,,,,,,,,,,,,Lahan Terbuka,road,Cleared - Roading  ,Disagree - major,No,2012,No,High,Anna checked,,,,,,,,,,,,,,,,,
Maluku,Rizky,2,5790,Primary intact,NA,1995,High,No,High,No data until 1995,,,,,,,,,,,,,,,,Hutan Primer,,  ,Agree,No,none,No,High,Anna checked,,,,,,,,,,,,,,,,,
Maluku,Rizky,2,5791,Primary intact,NA,1993,High,No,High,Sample complete!,,,,,,,,,,,,,,,,Hutan Mangrove,,  ,Agree,Yes,none,No,High,Anna checked,,,,,,,,,,,,,,,,,
Maluku,Rizky,2,5792,Non Forest,NA,1993,High,No,High,Sample complete!,,,,,,,,,,,,,,,,Pertanian Lahan Kering Campur Semak,,  ,Disagree - major,Yes,none,No,High,Anna checked,,,,,,,,,,,,,,,,,
Maluku,Rizky,2,5793,Non Forest,NA,1990,High,No,High,Sample complete!,,,,,,,,,,,,,,,,Pertanian Lahan Kering Campur Semak,,  ,Disagree - major,Yes,2013,No,High,Anna checked,,,,,,,,,,,,,,,,,
Maluku,Rizky,2,5794,Primary degraded,NA,1990,High,Yes,High,Sample complete!,2006,2005,Degraded - Nearby clearing,High,,,,,,,,,,,,Hutan Sekunder,,Degraded - Nearby clearing  ,Disagree - minor,Yes,2005,No,High,Anna checked,,,,,,,,,,,,,,,,,
Maluku,Rizky,2,5795,Primary degraded,NA,1990,High,Yes,High,Sample complete!,1998,1997,Cleared - Abandoned/transitional,High,,2016,2015,Cleared - Abandoned/transitional,High,,,,,,,Lahan Terbuka,,Cleared - Abandoned/transitional Cleared - Abandoned/transitional ,Disagree - major,Yes,2012,No,High,Anna checked,,,,,,,,,,,,,,,,,
Maluku,Rizky,2,5796,Primary intact,NA,1990,High,Yes,High,Sample complete!,1997,1996,Degraded - Selective Logging,High,,2004,2003,Degraded - Nearby clearing,High,,,,,,,Hutan Sekunder,,Degraded - Selective Logging Degraded - Nearby clearing ,Disagree - major,Yes,2015,No,High,Anna checked,,,,,,,,,,,,,,,,,
Maluku,Rizky,2,5797,Primary degraded,NA,1990,High,Yes,High,Sample complete!,1998,1997,Cleared - Abandoned/transitional,Low,,,,,,,,,,,,Belukar,,Cleared - Abandoned/transitional  ,Disagree - major,Yes,none,No,High,Anna checked,,,,,,,,,,,,,,,,,
Maluku,Rizky,2,5798,Primary intact,NA,1992,High,Yes,High,Sample complete!,1997,1992,Cleared - Abandoned/transitional,High,not sure about the year,,,,,,,,,,,Belukar,,Cleared - Abandoned/transitional  ,Disagree - major,No,none,No,High,Anna checked,,,,,,,,,,,,,,,,,
Maluku,Rizky,2,5799,Primary intact,NA,2001,High,No,High,Sample complete!,,,,,,,,,,,,,,,,Hutan Primer,,  ,Agree,Yes,none,No,High,Anna checked,,,,,,,,,,,,,,,,,
Maluku,Rizky,2,5800,Primary intact,NA,1990,High,Yes,High,,1995,1994,Cleared - Abandoned/transitional,High,,,,,,,,,,,,Belukar,,Cleared - Abandoned/transitional  ,Disagree - minor,No,2015,No,High,Anna checked,,,,,,,,,,,,,,,,,
Maluku,Rizky,2,5801,Primary degraded,NA,1991,High,Yes,High,Sample complete!,1994,1991,Cleared - Abandoned/transitional,Low,,2001,2000,Cleared - Abandoned/transitional,High,,,,,,,Belukar,,Cleared - Abandoned/transitional Cleared - Abandoned/transitional ,Disagree - minor,No,2016,No,High,Anna checked,,,,,,,,,,,,,,,,,
Maluku,Rizky,2,5802,Primary intact,NA,1997,High,Yes,High,,2010,2009,Degraded - Selective Logging,High,,2013,2012,Cleared - Roading,High,,,,,,,Lahan Terbuka,,Degraded - Selective Logging Cleared - Roading ,Disagree - major,Yes,2011,No,High,Anna checked,,,,,,,,,,,,,,,,,
Maluku,Rizky,2,5803,Primary intact,NA,1990,High,No,High,Sample complete!,,,,,,,,,,,,,,,,Hutan Primer,,  ,Agree,No,none,No,High,Anna checked,,,,,,,,,,,,,,,,,
Maluku,Rizky,2,5804,Primary intact,NA,1990,High,Yes,High,Sample complete!,1997,1994,Degraded - Selective Logging,Low,,2003,2002,Degraded - Selective Logging,High,,2012,2011,Degraded - Nearby clearing,High,,Hutan Sekunder,tidak ada data landsat s.d. 2011 dan tidak ada data SPOT,Degraded - Selective Logging Degraded - Selective Logging Degraded - Nearby clearing,Disagree - major,Yes,2012,No,High,Anna checked,,,,,,,,,,,,,,,,,
Maluku,Rizky,2,5805,Non Forest,NA,1990,High,No,High,Sample complete!,,,,,,,,,,,,,,,,Pertanian Lahan Kering Campur Semak,,  ,Agree,Yes,2016,No,High,Anna checked,,,,,,,,,,,,,,,,,
Maluku,Rizky,2,5806,Non Forest,NA,1991,High,No,High,Sample complete!,,,,,,,,,,,,,,,,Pertanian Lahan Kering Campur Semak,,  ,Disagree - major,No,2015,No,High,Anna checked,,,,,,,,,,,,,,,,,
Maluku,Rizky,2,5807,Primary intact,NA,1991,High,Yes,High,Sample complete!,1995,1991,Cleared - Abandoned/transitional,High,,,,,,,,,,,,Belukar,,Cleared - Abandoned/transitional  ,Disagree - major,No,2015,No,High,Anna checked,,,,,,,,,,,,,,,,,
Maluku,Rizky,2,5808,Primary intact,NA,1990,High,No,High,Sample complete!,,,,,,,,,,,,,,,,Hutan Primer,,  ,Disagree - major,Yes,2014,No,High,Anna checked,,,,,,,,,,,,,,,,,
Maluku,Rizky,2,5809,Non Forest,NA,1992,High,No,High,Sample complete!,,,,,,,,,,,,,,,,Pertanian Lahan Kering Campur Semak,,  ,Agree,Yes,2016,No,High,Anna checked,,,,,,,,,,,,,,,,,
Maluku,Rizky,2,5810,Non Forest,NA,1990,High,No,High,Sample complete!,,,,,,,,,,,,,,,,Belukar,,  ,Disagree - minor,Yes,2009,No,High,Anna checked,,,,,,,,,,,,,,,,,
Maluku,Rizky,2,5811,Primary degraded,NA,1994,Low,Yes,High,No data until 1994,2003,2002,Cleared - Abandoned/transitional,High,,2015,2014,Cleared - Small-holder land use,High,,,,,,,Pertanian Lahan Kering Campur Semak,,Cleared - Abandoned/transitional Cleared - Small-holder land use ,Disagree - minor,Yes,2004,No,High,Anna checked,,,,,,,,,,,,,,,,,
Maluku,Rizky,2,5812,Primary intact,NA,1990,Low,Yes,High,No data until 1995,1997,1995,Degraded - Selective Logging,High,,2000,1997,Degraded - Nearby clearing,High,,2001,2000,Cleared - Abandoned/transitional,High,,Belukar,,Degraded - Selective Logging Degraded - Nearby clearing Cleared - Abandoned/transitional,Disagree - major,Yes,2015,No,High,Anna checked,,,,,,,,,,,,,,,,,
Maluku,Rizky,2,5813,Non Forest,NA,1995,High,No,High,Sample complete!,,,,,,,,,,,,,,,,Belukar Rawa,,  ,Agree,No,none,No,High,Anna checked,,,,,,,,,,,,,,,,,
Maluku,Rizky,2,5814,Primary intact,NA,1995,High,No,High,Sample complete!,,,,,,,,,,,,,,,,Hutan Primer,,  ,Agree,Yes,2010,No,High,Anna checked,,,,,,,,,,,,,,,,,
Maluku,Rizky,2,5815,Primary intact,NA,1990,High,Yes,High,Sample complete!,2000,1999,Degraded - Selective Logging,High,,,,,,,,,,,,Hutan Sekunder,,Degraded - Selective Logging  ,Disagree - minor,Yes,none,No,High,Anna checked,,,,,,,,,,,,,,,,,
Maluku,Rizky,2,5816,Primary intact,NA,1992,High,No,High,Sample complete!,,,,,,,,,,,,,,,,Hutan Primer,,  ,Agree,Yes,none,No,High,Anna checked,,,,,,,,,,,,,,,,,
Maluku,Rizky,2,5817,Non Forest,NA,1990,High,No,High,Sample complete!,,,,,,,,,,,,,,,,Belukar Rawa,,  ,Agree,Yes,2015,No,High,Anna checked,,,,,,,,,,,,,,,,,
Maluku,Rizky,2,5818,Primary intact,NA,1990,High,No,High,Sample complete!,,,,,,,,,,,,,,,,Hutan Primer,,  ,Disagree - major,Yes,none,No,High,Anna checked,,,,,,,,,,,,,,,,,
Maluku,Rizky,2,5819,Non Forest,NA,1995,High,No,High,Sample complete!,,,,,,,,,,,,,,,,Belukar,,  ,Agree,No,2013,No,High,Anna checked,,,,,,,,,,,,,,,,,
Maluku,Rizky,2,5820,Primary intact,NA,1993,High,No,High,Sample complete!,,,,,,,,,,,,,,,,Hutan Primer,,  ,Disagree - major,Yes,2016,No,High,Anna checked,,,,,,,,,,,,,,,,,
Maluku,Rizky,2,5821,Non Forest,NA,1990,High,No,High,Sample complete!,,,,,,,,,,,,,,,,Belukar,,  ,Disagree - major,Yes,2012,No,High,Anna checked,,,,,,,,,,,,,,,,,
Maluku,Rizky,2,5822,Primary degraded,NA,1990,High,Yes,High,Sample complete!,1998,1997,Cleared - Abandoned/transitional,High,,,,,,,,,,,,Belukar,,Cleared - Abandoned/transitional  ,Disagree - major,Yes,2004,No,High,Anna checked,,,,,,,,,,,,,,,,,
Maluku,Rizky,2,5823,Primary degraded,NA,1990,High,No,High,Sample complete!,,,,,,,,,,,,,,,,Hutan Mangrove Sekunder,,  ,Disagree - major,Yes,2016,No,High,Anna checked,,,,,,,,,,,,,,,,,
Maluku,Rizky,2,5824,Primary intact,NA,1991,High,No,High,Sample complete!,2009,2008,Degraded - Natural disturbance,Low,,,,,,,,,,,,Hutan Rawa Sekunder,,Degraded - Natural disturbance  ,Disagree - major,No,2015,No,High,Anna checked,,,,,,,,,,,,,,,,,
Maluku,Rizky,2,5825,Primary intact,NA,1990,High,No,High,Sample complete!,,,,,,,,,,,,,,,,Hutan Primer,,  ,Agree,Yes,none,No,High,Anna checked,,,,,,,,,,,,,,,,,
Maluku,Rizky,2,5826,Primary intact,NA,1995,High,Yes,High,Sample complete!,2008,2007,Degraded - Selective Logging,High,,,,,,,,,,,,Hutan Sekunder,,Degraded - Selective Logging  ,Disagree - major,Yes,2014,No,High,Anna checked,,,,,,,,,,,,,,,,,
Maluku,Rizky,2,5827,Non Forest,NA,1990,High,No,High,Sample complete!,,,,,,,,,,,,,,,,Pertanian Lahan Kering Campur Semak,,  ,Disagree - minor,Yes,2016,No,High,Anna checked,,,,,,,,,,,,,,,,,
Maluku,Rizky,2,5828,Non Forest,NA,1991,High,No,High,Sample complete!,,,,,,,,,,,,,,,,Lahan Terbuka,,  ,Agree,Yes,2016,No,High,Anna checked,,,,,,,,,,,,,,,,,
Maluku,Rizky,2,5829,Primary intact,NA,1992,High,Yes,High,Sample complete!,2002,2001,Degraded - Nearby clearing,High,,2003,2002,Cleared - Abandoned/transitional,Low,,,,,,,Belukar,,Degraded - Nearby clearing Cleared - Abandoned/transitional ,Disagree - major,Yes,2015,No,High,Anna checked,,,,,,,,,,,,,,,,,
Maluku,Rizky,2,5830,Non Forest,NA,1998,High,No,High,Sample complete!,,,,,,,,,,,,,,,,Pertanian Lahan Kering Campur Semak,,  ,Disagree - minor,No,2010,No,High,Anna checked,,,,,,,,,,,,,,,,,
Maluku,Rizky,2,5831,Non Forest,NA,1990,High,No,High,Sample complete!,,,,,,,,,,,,,,,,Belukar,,  ,Agree,Yes,2014,No,High,Anna checked,,,,,,,,,,,,,,,,,
Maluku,Rizky,2,5832,Primary intact,NA,1996,High,No,High,Sample complete!,,,,,,,,,,,,,,,,Hutan Primer,,  ,Agree,Yes,2013,No,High,Anna checked,,,,,,,,,,,,,,,,,
Maluku,Rizky,2,5833,Primary degraded,NA,1994,High,No,High,Sample complete!,,,,,,,,,,,,,,,,Hutan Sekunder,,  ,Agree,Yes,2013,No,High,Anna checked,,,,,,,,,,,,,,,,,
Maluku,Rizky,2,5834,Non Forest,NA,1990,High,No,High,Sample complete!,,,,,,,,,,,,,,,,Belukar,,  ,Disagree - major,No,none,No,High,Anna checked,,,,,,,,,,,,,,,,,
Maluku,Rizky,2,5835,Non Forest,NA,1990,High,No,High,Sample complete!,,,,,,,,,,,,,,,,Pemukiman,pada tahun 2000 : sawah dan irigasi,  ,Agree,No,2012,No,High,Anna checked,,,,,,,,,,,,,,,,,
Maluku,Rizky,2,5836,Primary intact,NA,1990,High,No,High,Sample complete!,,,,,,,,,,,,,,,,Hutan Primer,,  ,Agree,Yes,2016,No,High,Anna checked,,,,,,,,,,,,,,,,,
Maluku,Rizky,2,5837,Non Forest,NA,1994,High,No,High,Sample complete!,,,,,,,,,,,,,,,,Belukar Rawa,,  ,Agree,No,2015,No,High,Anna checked,,,,,,,,,,,,,,,,,
Maluku,Rizky,2,5838,Primary intact,NA,1990,High,No,High,Sample complete!,,,,,,,,,,,,,,,,Hutan Rawa Primer,,  ,Agree,Yes,none,No,High,Anna checked,,,,,,,,,,,,,,,,,
Maluku,Rizky,2,5839,Non Forest,NA,1990,High,No,High,,,,,,,,,,,,,,,,,Pertanian Lahan Kering Campur Semak,,  ,Disagree - minor,Yes,2016,No,High,Anna checked,,,,,,,,,,,,,,,,,
Maluku,Rizky,2,5840,Primary degraded,NA,1992,High,Yes,High,Sample complete!,2010,2009,Cleared - Abandoned/transitional,High,,,,,,,,,,,,Belukar,,Cleared - Abandoned/transitional  ,Disagree - major,Yes,none,No,High,Anna checked,,,,,,,,,,,,,,,,,
Maluku,Rizky,2,5841,Primary intact,NA,1990,High,No,High,Sample complete!,,,,,,,,,,,,,,,,Hutan Primer,,  ,Agree,Yes,none,No,High,Anna checked,,,,,,,,,,,,,,,,,
Maluku,Rizky,2,5842,Primary intact,NA,1998,High,No,High,Sample complete!,,,,,,,,,,,,,,,,Hutan Primer,,  ,Agree,No,none,No,High,Anna checked,,,,,,,,,,,,,,,,,
Maluku,Rizky,2,5843,Primary intact,NA,1999,High,No,High,Sample complete!,,,,,,,,,,,,,,,,Hutan Primer,,  ,Disagree - major,Yes,none,No,High,Anna checked,,,,,,,,,,,,,,,,,
Maluku,Rizky,2,5844,Non Forest,NA,1991,High,No,High,Sample complete!,,,,,,,,,,,,,,,,Lahan Terbuka,,  ,Disagree - minor,Yes,2015,No,High,Anna checked,,,,,,,,,,,,,,,,,
Maluku,Rizky,2,5845,Primary intact,NA,1997,High,No,High,Sample complete!,,,,,,,,,,,,,,,,Hutan Primer,,  ,Agree,Yes,none,No,High,Anna checked,,,,,,,,,,,,,,,,,
Maluku,Rizky,2,5846,Non Forest,NA,1990,High,No,High,Sample complete!,,,,,,,,,,,,,,,,Lahan Terbuka,last year,  ,Disagree - minor,Yes,2013,No,High,Anna checked,,,,,,,,,,,,,,,,,
Maluku,Rizky,2,5847,Primary intact,NA,1990,High,No,High,Sample complete!,,,,,,,,,,,,,,,,Hutan Primer,,  ,Agree,Yes,2005,No,High,Anna checked,,,,,,,,,,,,,,,,,
Maluku,Rizky,2,5848,Primary degraded,NA,1994,Low,Yes,High,Sample complete!,2001,2000,Cleared - Small-holder land use,High,,,,,,,,,,,,Pertanian Lahan Kering Campur Semak,,Cleared - Small-holder land use  ,Disagree - major,No,2015,No,High,Anna checked,,,,,,,,,,,,,,,,,
Maluku,Rizky,2,5849,Non Forest,NA,1994,High,No,High,No data until 1994,,,,,,,,,,,,,,,,Pertanian Lahan Kering Campur Semak,,  ,Agree,Yes,2015,No,High,Anna checked,,,,,,,,,,,,,,,,,
Maluku,Rizky,2,5850,Non Forest,NA,1990,High,No,High,,,,,,,,,,,,,,,,,Lahan Terbuka,road,  ,Disagree - major,Yes,2015,No,High,Anna checked,,,,,,,,,,,,,,,,,
Maluku,Rizky,2,5851,Non Forest,NA,1990,High,No,High,Sample complete!,,,,,,,,,,,,,,,,Pertanian Lahan Kering Campur Semak,,  ,Agree,Yes,none,No,High,Anna checked,,,,,,,,,,,,,,,,,
Maluku,Rizky,2,5852,Primary degraded,NA,1990,High,Yes,High,Sample complete!,1992,1991,Degraded - Nearby clearing,Low,,1993,1992,Cleared - Abandoned/transitional,High,,,,,,,Belukar,,Degraded - Nearby clearing Cleared - Abandoned/transitional ,Disagree - major,Yes,none,No,High,Anna checked,,,,,,,,,,,,,,,,,
Maluku,Rizky,2,5853,Primary intact,NA,1990,High,Yes,Low,Sample complete!,1999,1998,Degraded - Selective Logging,Low,,,,,,,,,,,,Hutan Sekunder,,Degraded - Selective Logging  ,Disagree - major,Yes,none,No,High,Anna checked,,,,,,,,,,,,,,,,,
Maluku,Rizky,2,5854,Non Forest,NA,1994,High,No,High,Sample complete!,,,,,,,,,,,,,,,,Pertanian Lahan Kering Campur Semak,,  ,Agree,Yes,none,No,High,Anna checked,,,,,,,,,,,,,,,,,
Maluku,Rizky,2,5855,Primary intact,NA,1990,High,Yes,High,Sample complete!,1997,1990,Degraded - Selective Logging,High,,,,,,,,,,,,Hutan Mangrove Sekunder,,Degraded - Selective Logging  ,Disagree - major,Yes,2014,No,High,Anna checked,,,,,,,,,,,,,,,,,
Maluku,Rizky,2,5856,Non Forest,NA,1991,High,No,High,,,,,,,,,,,,,,,,,Belukar,,  ,Disagree - major,Yes,2015,No,High,Anna checked,,,,,,,,,,,,,,,,,
Maluku,Rizky,2,5857,Non Forest,NA,1991,High,No,High,Sample complete!,,,,,,,,,,,,,,,,Pertanian Lahan Kering Campur Semak,,  ,Disagree - minor,Yes,2002,No,High,Anna checked,,,,,,,,,,,,,,,,,
Maluku,Rizky,2,5858,Non Forest,NA,1993,High,No,High,Sample complete!,,,,,,,,,,,,,,,,Air,,  ,Agree,No,2015,No,High,Anna checked,,,,,,,,,,,,,,,,,
Maluku,Rizky,2,5859,Primary intact,NA,1995,High,Yes,High,Sample complete!,2000,1997,Degraded - Selective Logging,High,,,,,,,,,,,,Hutan Sekunder,,Degraded - Selective Logging  ,Disagree - major,Yes,none,No,High,Anna checked,,,,,,,,,,,,,,,,,
Maluku,Rizky,2,5860,Primary intact,NA,1991,High,No,High,Sample complete!,,,,,,,,,,,,,,,,Hutan Primer,,  ,Agree,Yes,2012,No,High,Anna checked,,,,,,,,,,,,,,,,,
Maluku,Rizky,2,5861,Non Forest,NA,1992,High,No,High,Sample complete!,,,,,,,,,,,,,,,,Belukar,,  ,Agree,Yes,2008,No,High,Anna checked,,,,,,,,,,,,,,,,,
Maluku,Rizky,2,5862,Primary intact,NA,1995,High,No,High,Sample complete!,,,,,,,,,,,,,,,,Hutan Primer,,  ,Agree,Yes,2011,No,High,Anna checked,,,,,,,,,,,,,,,,,
Maluku,Rizky,2,5863,Primary intact,NA,1992,High,No,High,Sample complete!,,,,,,,,,,,,,,,,Hutan Primer,,  ,Disagree - major,Yes,none,No,High,Anna checked,,,,,,,,,,,,,,,,,
Maluku,Rizky,2,5864,Primary intact,NA,1994,High,No,High,Sample complete!,,,,,,,,,,,,,,,,Hutan Primer,,  ,Agree,Yes,2013,No,High,Anna checked,,,,,,,,,,,,,,,,,
Maluku,Rizky,2,5865,Primary intact,NA,1990,High,No,High,Sample complete!,,,,,,,,,,,,,,,,Hutan Primer,,  ,Disagree - major,Yes,2013,No,High,Anna checked,,,,,,,,,,,,,,,,,
Maluku,Rizky,2,5866,Primary intact,NA,1990,High,No,High,Sample complete!,,,,,,,,,,,,,,,,Hutan Primer,,  ,Agree,Yes,2010,No,High,Anna checked,,,,,,,,,,,,,,,,,
Maluku,Rizky,2,5867,Non Forest,NA,1994,High,No,High,Sample complete!,,,,,,,,,,,,,,,,Pertanian Lahan Kering Campur Semak,,  ,Disagree - minor,Yes,none,No,High,Anna checked,,,,,,,,,,,,,,,,,
Maluku,Rizky,2,5868,Primary intact,NA,1991,High,No,High,Sample complete!,,,,,,,,,,,,,,,,Hutan Primer,,  ,Agree,Yes,2002,No,High,Anna checked,,,,,,,,,,,,,,,,,
Maluku,Rizky,3,5869,Primary intact,NA,1990,High,Yes,High,Sample complete!,1997,1995,Degraded - Nearby clearing,High,,2001,2000,Degraded - Selective Logging,High,,2013,2012,Degraded - Nearby clearing,High,,Hutan Sekunder,,Degraded - Nearby clearing Degraded - Selective Logging Degraded - Nearby clearing,Disagree - major,Yes,2013,No,High,Zuraidah checked,,,,,,,,,,,,,,,,,
Maluku,Rizky,3,5870,Primary intact,NA,1990,High,No,High,Sample complete!,,,,,,,,,,,,,,,,Hutan Primer,,  ,Agree,Yes,2016,No,High,Zuraidah checked,,,,,,,,,,,,,,,,,
Maluku,Rizky,3,5871,Primary intact,NA,1990,High,No,Low,,,,,,,,,,,,,,,,,Hutan Primer,,  ,Disagree - major,Yes,2012,No,High,Zuraidah checked,,,,,,,,,,,,,,,,,
Maluku,Rizky,3,5872,Primary intact,NA,1990,High,No,High,Sample complete!,,,,,,,,,,,,,,,,Hutan Primer,,  ,Agree,Yes,none,No,High,Zuraidah checked,,,,,,,,,,,,,,,,,
Maluku,Rizky,3,5873,Primary degraded,NA,1994,High,Yes,Low,Sample complete!,2004,2003,Degraded - Selective Logging,Low,,,,,,,,,,,,Hutan Sekunder,,Degraded - Selective Logging  ,Disagree - major,Yes,2014,No,High,Zuraidah checked,,,,,,,,,,,,,,,,,
Maluku,Rizky,3,5874,Primary degraded,NA,1995,Low,No,High,Sample complete!,,,,,,,,,,,,,,,,Hutan Sekunder,,  ,Agree,Yes,2015,No,High,Zuraidah checked,,,,,,,,,,,,,,,,,
Maluku,Rizky,3,5875,Primary intact,NA,1991,High,No,High,Sample complete!,,,,,,,,,,,,,,,,Hutan Primer,,  ,Agree,No,2015,No,High,Zuraidah checked,,,,,,,,,,,,,,,,,
Maluku,Rizky,3,5876,Primary intact,NA,1994,High,No,High,Sample complete!,1999,1997,Degraded - Selective Logging,High,,2003,2002,Degraded - Nearby clearing,High,,2015,2014,Degraded - Selective Logging,High,,Hutan Sekunder,,Degraded - Selective Logging Degraded - Nearby clearing Degraded - Selective Logging,Disagree - major,Yes,2016,No,High,Zuraidah checked,,,,,,,,,,,,,,,,,
Maluku,Rizky,3,5877,Non Forest,NA,1992,High,No,High,,,,,,,,,,,,,,,,,Pertanian Lahan Kering,,  ,Disagree - major,Yes,2012,No,High,Zuraidah checked,,,,,,,,,,,,,,,,,
Maluku,Rizky,3,5878,Non Forest,NA,1994,High,No,High,Sample complete!,,,,,,,,,,,,,,,,Belukar,,  ,Agree,No,2012,No,High,Zuraidah checked,,,,,,,,,,,,,,,,,
Maluku,Rizky,3,5879,Non Forest,NA,1990,High,No,High,Sample complete!,,,,,,,,,,,,,,,,Pertanian Lahan Kering,,  ,Disagree - major,Yes,2014,No,High,Zuraidah checked,,,,,,,,,,,,,,,,,
Maluku,Rizky,3,5880,Primary intact,NA,1991,High,No,High,Sample complete!,,,,,,,,,,,,,,,,Hutan Primer,,  ,Agree,Yes,2004,No,High,Zuraidah checked,,,,,,,,,,,,,,,,,
Maluku,Rizky,3,5881,Primary intact,NA,1991,High,Yes,High,Sample complete!,2015,2014,Degraded - Selective Logging,Low,,,,,,,,,,,,Hutan Sekunder,,Degraded - Selective Logging  ,Disagree - major,Yes,2015,No,High,Zuraidah checked,,,,,,,,,,,,,,,,,
Maluku,Rizky,3,5882,Non Forest,NA,1992,High,No,High,Sample complete!,,,,,,,,,,,,,,,,Belukar,,  ,Agree,Yes,2015,No,High,Zuraidah checked,,,,,,,,,,,,,,,,,
Maluku,Rizky,3,5883,Primary degraded,NA,1991,Low,No,High,Sample complete!,,,,,,,,,,,,,,,,Hutan Sekunder,,  ,Disagree - major,Yes,2013,No,High,Zuraidah checked,,,,,,,,,,,,,,,,,
Maluku,Rizky,3,5884,Primary degraded,NA,1990,High,Yes,High,Sample complete!,2005,2004,Cleared - Abandoned/transitional,High,,2015,2014,Cleared - Abandoned/transitional,High,,,,,,,Belukar,,Cleared - Abandoned/transitional Cleared - Abandoned/transitional ,Disagree - major,Yes,2013,No,High,Zuraidah checked,,,,,,,,,,,,,,,,,
Maluku,Rizky,3,5885,Primary intact,NA,1994,High,Yes,High,Sample complete!,2000,1997,Degraded - Selective Logging,Low,,2002,2001,Degraded - Nearby clearing,High,,,,,,,Hutan Sekunder,,Degraded - Selective Logging Degraded - Nearby clearing ,Disagree - major,No,none,No,High,Zuraidah checked,,,,,,,,,,,,,,,,,
Maluku,Rizky,3,5886,Non Forest,NA,1994,Low,No,High,Sample complete!,,,,,,,,,,,,,,,,Pertanian Lahan Kering Campur Semak,,  ,Agree,No,2013,No,High,Zuraidah checked,,,,,,,,,,,,,,,,,
Maluku,Rizky,3,5887,Primary intact,NA,1990,High,No,High,Sample complete!,,,,,,,,,,,,,,,,Hutan Primer,,  ,Agree,No,2012,No,High,Zuraidah checked,,,,,,,,,,,,,,,,,
Maluku,Rizky,3,5888,Non Forest,NA,1995,High,No,High,Sample complete!,,,,,,,,,,,,,,,,Belukar,,  ,Agree,Yes,2015,No,High,Zuraidah checked,,,,,,,,,,,,,,,,,
Maluku,Rizky,3,5889,Non Forest,NA,1997,High,No,High,Sample complete!,,,,,,,,,,,,,,,,Pertanian Lahan Kering Campur Semak,,  ,Disagree - major,Yes,2015,No,High,Zuraidah checked,,,,,,,,,,,,,,,,,
Maluku,Rizky,3,5890,Primary intact,NA,1998,High,No,High,Sample complete!,,,,,,,,,,,,,,,,Hutan Primer,,  ,Agree,Yes,none,No,High,Zuraidah checked,,,,,,,,,,,,,,,,,
Maluku,Rizky,3,5891,Primary degraded,NA,1998,Low,No,High,Sample complete!,,,,,,,,,,,,,,,,Hutan Sekunder,,  ,Disagree - major,Yes,none,No,Low,Zuraidah checked,,,,,,,,,,,,,,,,,
Maluku,Rizky,3,5892,Primary intact,NA,1992,High,Yes,High,Sample complete!,2006,2004,Degraded - Selective Logging,High,,2009,2006,Degraded - Nearby clearing,High,,,,,,,Hutan Sekunder,,Degraded - Selective Logging Degraded - Nearby clearing ,Disagree - major,Yes,none,No,High,Zuraidah checked,,,,,,,,,,,,,,,,,
Maluku,Rizky,3,5893,Non Forest,NA,1997,Low,No,High,Sample complete!,,,,,,,,,,,,,,,,Pertanian Lahan Kering,,  ,Agree,Yes,2016,No,High,Zuraidah checked,,,,,,,,,,,,,,,,,
Maluku,Rizky,3,5894,Primary degraded,NA,1997,Low,No,High,Sample complete!,,,,,,,,,,,,,,,,Hutan Sekunder,,  ,Disagree - major,Yes,2014,No,Low,Zuraidah checked,,,,,,,,,,,,,,,,,
Maluku,Rizky,3,5895,Non Forest,NA,1990,High,Yes,High,,,,,,,,,,,,,,,,,Belukar,,  ,Disagree - major,Yes,2015,No,High,Zuraidah checked,,,,,,,,,,,,,,,,,
Maluku,Rizky,3,5896,Primary degraded,NA,1994,High,No,High,Sample complete!,,,,,,,,,,,,,,,,Hutan Sekunder,,  ,Agree,Yes,2015,No,High,Zuraidah checked,,,,,,,,,,,,,,,,,
Maluku,Rizky,3,5897,Primary degraded,NA,1994,High,No,High,Sample complete!,2005,2004,Degraded - Selective Logging,High,,2014,2006,Degraded - Nearby clearing,Low,,,,,,,Hutan Sekunder,,Degraded - Selective Logging Degraded - Nearby clearing ,Disagree - minor,No,2004,No,High,Zuraidah checked,,,,,,,,,,,,,,,,,
Maluku,Rizky,3,5898,Primary degraded,NA,1990,High,No,High,Sample complete!,1997,1995,Cleared - Small-holder land use,Low,,,,,,,,,,,,Pertanian Lahan Kering,,Cleared - Small-holder land use  ,Disagree - major,Yes,2014,No,High,Zuraidah checked,,,,,,,,,,,,,,,,,
Maluku,Rizky,3,5899,Non Forest,NA,1990,High,No,High,Sample complete!,,,,,,,,,,,,,,,,Pertanian Lahan Kering Campur Semak,,  ,Agree,Yes,2012,No,High,Zuraidah checked,,,,,,,,,,,,,,,,,
Maluku,Rizky,3,5900,Non Forest,NA,2001,High,Yes,High,Sample complete!,,,,,,,,,,,,,,,,Lahan Terbuka,,  ,Agree,Yes,2013,No,High,Zuraidah checked,,,,,,,,,,,,,,,,,
Maluku,Rizky,3,5901,Non Forest,NA,1990,Low,No,High,Sample complete!,,,,,,,,,,,,,,,,Belukar,regrowth,  ,Disagree - major,Yes,2013,No,Low,Zuraidah checked,,,,,,,,,,,,,,,,,
Maluku,Rizky,3,5902,Non Forest,NA,1990,High,No,High,Sample complete!,,,,,,,,,,,,,,,,Pertanian Lahan Kering Campur Semak,,  ,Disagree - major,Yes,2012,No,High,Zuraidah checked,,,,,,,,,,,,,,,,,
Maluku,Rizky,3,5903,Primary degraded,NA,1991,High,No,High,Sample complete!,1999,1997,Degraded - Selective Logging,Low,,2015,2014,Degraded - Selective Logging,High,,,,,,,Hutan Sekunder,,Degraded - Selective Logging Degraded - Selective Logging ,Disagree - major,Yes,none,No,High,Zuraidah checked,,,,,,,,,,,,,,,,,
Maluku,Rizky,3,5904,Primary intact,NA,1999,High,No,High,Sample complete!,,,,,,,,,,,,,,,,Hutan Primer,,  ,Agree,Yes,2015,No,High,Zuraidah checked,,,,,,,,,,,,,,,,,
Maluku,Rizky,3,5905,Primary intact,NA,1990,High,No,High,Sample complete!,,,,,,,,,,,,,,,,Hutan Primer,,  ,Agree,Yes,2013,No,High,Zuraidah checked,,,,,,,,,,,,,,,,,
Maluku,Rizky,3,5906,Non Forest,NA,1990,High,No,High,Sample complete!,,,,,,,,,,,,,,,,Belukar,,  ,Agree,Yes,2016,No,High,Zuraidah checked,,,,,,,,,,,,,,,,,
Maluku,Rizky,3,5907,Primary intact,NA,1995,High,No,High,Sample complete!,,,,,,,,,,,,,,,,Hutan Primer,,  ,Agree,Yes,2015,No,High,Zuraidah checked,,,,,,,,,,,,,,,,,
Maluku,Rizky,3,5908,Primary intact,NA,1990,High,Yes,High,Sample complete!,2015,2014,Degraded - Selective Logging,Low,,,,,,,,,,,,Hutan Sekunder,,Degraded - Selective Logging  ,Disagree - major,Yes,2013,No,Low,Zuraidah checked,,,,,,,,,,,,,,,,,
Maluku,Rizky,3,5909,Primary intact,NA,1991,High,Yes,High,Sample complete!,1997,1996,Degraded - Selective Logging,High,,,,,,,,,,,,Hutan Sekunder,,Degraded - Selective Logging  ,Disagree - major,Yes,2015,No,High,Zuraidah checked,,,,,,,,,,,,,,,,,
Maluku,Rizky,3,5910,Primary degraded,NA,1990,Low,Yes,High,Sample complete!,1999,1997,Degraded - Selective Logging,Low,,2012,2011,Degraded - Selective Logging,Low,,2016,2015,Cleared - Abandoned/transitional,Low,,Belukar,,Degraded - Selective Logging Degraded - Selective Logging Cleared - Abandoned/transitional,Disagree - major,Yes,2012,No,Low,Zuraidah checked,,,,,,,,,,,,,,,,,
Maluku,Rizky,3,5911,Non Forest,NA,1990,High,No,High,Sample complete!,,,,,,,,,,,,,,,,Pertanian Lahan Kering Campur Semak,,  ,Agree,Yes,2013,No,High,Zuraidah checked,,,,,,,,,,,,,,,,,
Maluku,Rizky,3,5912,Primary intact,NA,1990,High,No,High,Sample complete!,,,,,,,,,,,,,,,,Hutan Primer,,  ,Agree,Yes,2013,No,High,Zuraidah checked,,,,,,,,,,,,,,,,,
Maluku,Rizky,3,5913,Primary intact,NA,1994,High,No,High,Sample complete!,,,,,,,,,,,,,,,,Hutan Primer,,  ,Agree,Yes,2012,No,High,Zuraidah checked,,,,,,,,,,,,,,,,,
Maluku,Rizky,3,5914,Primary intact,NA,1990,High,Yes,High,Sample complete!,2007,2006,Degraded - Selective Logging,Low,,,,,,,,,,,,Hutan Sekunder,,Degraded - Selective Logging  ,Disagree - major,Yes,2016,No,High,Zuraidah checked,,,,,,,,,,,,,,,,,
Maluku,Rizky,3,5915,Primary intact,NA,1991,High,No,High,Sample complete!,,,,,,,,,,,,,,,,Hutan Primer,,  ,Agree,Yes,none,No,High,Zuraidah checked,,,,,,,,,,,,,,,,,
Maluku,Rizky,3,5916,Primary intact,NA,1990,High,No,High,Sample complete!,,,,,,,,,,,,,,,,Hutan Primer,,  ,Agree,Yes,2006,No,High,Zuraidah checked,,,,,,,,,,,,,,,,,
Maluku,Rizky,3,5917,Primary intact,NA,1991,High,No,Low,Sample complete!,,,,,,,,,,,,,,,,Hutan Primer,,  ,Agree,Yes,none,No,High,Zuraidah checked,,,,,,,,,,,,,,,,,
Maluku,Rizky,3,5918,Non Forest,NA,1995,Low,No,High,Sample complete!,,,,,,,,,,,,,,,,Pertanian Lahan Kering Campur Semak,,  ,Disagree - major,No,none,No,Low,Zuraidah checked,,,,,,,,,,,,,,,,,
Maluku,Rizky,3,5919,Primary degraded,NA,1994,High,No,High,Sample complete!,,,,,,,,,,,,,,,,Hutan Sekunder,,  ,Agree,No,none,No,High,Zuraidah checked,,,,,,,,,,,,,,,,,
Maluku,Rizky,3,5920,Primary degraded,NA,1995,High,No,High,Sample complete!,,,,,,,,,,,,,,,,Hutan Sekunder,,  ,Disagree - major,Yes,none,No,High,Zuraidah checked,,,,,,,,,,,,,,,,,
Maluku,Rizky,3,5921,Primary intact,NA,1990,High,Yes,High,Sample complete!,2016,2015,Degraded - Nearby clearing,High,,,,,,,,,,,,Hutan Sekunder,,Degraded - Nearby clearing  ,Disagree - major,Yes,2015,No,High,Zuraidah checked,,,,,,,,,,,,,,,,,
Maluku,Rizky,3,5922,Primary intact,NA,1992,High,Yes,High,,1998,1992,Cleared - Abandoned/transitional,High,,,,,,,,,,,,Belukar,,Cleared - Abandoned/transitional  ,Disagree - major,Yes,2013,No,High,Zuraidah checked,,,,,,,,,,,,,,,,,
Maluku,Rizky,3,5923,Non Forest,NA,1990,High,No,High,Sample complete!,,,,,,,,,,,,,,,,Belukar,,  ,Disagree - major,No,2012,No,High,Zuraidah checked,,,,,,,,,,,,,,,,,
Maluku,Rizky,3,5924,Primary degraded,NA,1995,High,No,High,Sample complete!,,,,,,,,,,,,,,,,Hutan Sekunder,,  ,Disagree - major,Yes,2014,No,High,Zuraidah checked,,,,,,,,,,,,,,,,,
Maluku,Rizky,3,5925,Primary intact,NA,1990,High,No,High,Sample complete!,,,,,,,,,,,,,,,,Hutan Mangrove,,  ,Agree,Yes,none,No,High,Zuraidah checked,,,,,,,,,,,,,,,,,
Maluku,Rizky,3,5926,Primary degraded,,1995,High,No,High,Sample complete!,,,,,,,,,,,,,,,,Hutan Sekunder,,  ,Disagree - minor,Yes,2015,No,High,Zuraidah checked,,,,,,,,,,,,,,,,,
Maluku,Rizky,3,5927,Non Forest,NA,1994,High,No,High,Sample complete!,,,,,,,,,,,,,,,,Pertanian Lahan Kering,,  ,Disagree - major,Yes,2015,No,High,Zuraidah checked,,,,,,,,,,,,,,,,,
Maluku,Rizky,3,5928,Primary degraded,,1990,High,No,High,Sample complete!,,,,,,,,,,,,,,,,Hutan Mangrove Sekunder,,  ,Agree,Yes,2013,No,High,Zuraidah checked,,,,,,,,,,,,,,,,,
Maluku,Rizky,3,5929,Primary degraded,,1994,High,Yes,High,,2012,2011,Cleared - Small-holder land use,Low,,,,,,,,,,,,Belukar,,Cleared - Small-holder land use  ,Disagree - major,No,none,No,High,Zuraidah checked,,,,,,,,,,,,,,,,,
Maluku,Rizky,3,5930,Primary degraded,NA,1994,Low,No,High,Sample complete!,,,,,,,,,,,,,,,,Hutan Sekunder,,  ,Disagree - major,No,none,No,High,Zuraidah checked,,,,,,,,,,,,,,,,,
Maluku,Rizky,3,5931,Primary intact,NA,1993,High,No,High,Sample complete!,,,,,,,,,,,,,,,,Hutan Primer,,  ,Agree,Yes,none,No,High,Zuraidah checked,,,,,,,,,,,,,,,,,
Maluku,Rizky,3,5932,Primary intact,NA,1996,High,No,High,Sample complete!,,,,,,,,,,,,,,,,Hutan Primer,,  ,Agree,No,2013,No,High,Zuraidah checked,,,,,,,,,,,,,,,,,
Maluku,Rizky,3,5933,Non Forest,NA,1990,High,No,High,Sample complete!,,,,,,,,,,,,,,,,Pertanian Lahan Kering Campur Semak,,  ,Disagree - major,No,2014,No,High,Zuraidah checked,,,,,,,,,,,,,,,,,
Maluku,Rizky,3,5934,Non Forest,NA,1994,High,No,High,Sample complete!,,,,,,,,,,,,,,,,Pertanian Lahan Kering Campur Semak,,  ,Disagree - major,Yes,2014,No,High,Zuraidah checked,,,,,,,,,,,,,,,,,
Maluku,Rizky,3,5935,Primary degraded,NA,1990,Low,No,High,,1997,1990,Cleared - Small-holder land use,High,,,,,,,,,,,,Pertanian Lahan Kering Campur Semak,,Cleared - Small-holder land use  ,Disagree - major,Yes,2004,No,High,Zuraidah checked,,,,,,,,,,,,,,,,,
Maluku,Rizky,3,5936,Primary intact,NA,1995,High,No,High,Sample complete!,,,,,,,,,,,,,,,,Hutan Primer,,  ,Agree,Yes,2006,No,High,Zuraidah checked,,,,,,,,,,,,,,,,,
Maluku,Rizky,3,5937,Primary intact,NA,1990,High,No,High,Sample complete!,,,,,,,,,,,,,,,,Hutan Primer,,  ,Agree,Yes,2016,No,High,Zuraidah checked,,,,,,,,,,,,,,,,,
Maluku,Rizky,3,5938,Primary intact,NA,1997,High,No,High,Sample complete!,,,,,,,,,,,,,,,,Hutan Mangrove,,  ,Agree,Yes,2015,No,High,Zuraidah checked,,,,,,,,,,,,,,,,,
Maluku,Rizky,3,5939,Primary intact,NA,1990,High,No,High,Sample complete!,,,,,,,,,,,,,,,,Hutan Primer,,  ,Agree,Yes,2013,No,High,Zuraidah checked,,,,,,,,,,,,,,,,,
Maluku,Rizky,3,5940,Non Forest,NA,2000,Low,No,High,Sample complete!,,,,,,,,,,,,,,,,Pertanian Lahan Kering Campur Semak,,  ,Disagree - major,No,2015,No,High,Zuraidah checked,,,,,,,,,,,,,,,,,
Maluku,Rizky,3,5941,Primary degraded,NA,1991,High,Yes,High,,2005,2004,Degraded - Selective Logging,High,,2015,2014,Cleared - Small-holder land use,Low,,,,,,,Pertanian Lahan Kering Campur Semak,,Degraded - Selective Logging Cleared - Small-holder land use ,Disagree - major,Yes,none,No,High,Zuraidah checked,,,,,,,,,,,,,,,,,
Maluku,Rizky,3,5942,Primary degraded,NA,1990,High,Yes,High,Sample complete!,2015,2014,Cleared - Abandoned/transitional,High,,,,,,,,,,,,Belukar,,Cleared - Abandoned/transitional  ,Disagree - major,Yes,2014,No,High,Zuraidah checked,,,,,,,,,,,,,,,,,
Maluku,Rizky,3,5943,Primary intact,NA,1990,High,No,High,Sample complete!,,,,,,,,,,,,,,,,Hutan Primer,,  ,Agree,Yes,2016,No,High,Zuraidah checked,,,,,,,,,,,,,,,,,
Maluku,Rizky,3,5944,Primary intact,NA,1990,High,No,High,Sample complete!,,,,,,,,,,,,,,,,Hutan Primer,,  ,Agree,No,none,No,High,Zuraidah checked,,,,,,,,,,,,,,,,,
Maluku,Rizky,3,5945,Primary intact,NA,1997,High,No,High,Sample complete!,2015,2014,Degraded - Selective Logging,High,,,,,,,,,,,,Hutan Sekunder,,Degraded - Selective Logging  ,Disagree - major,Yes,none,No,High,Zuraidah checked,,,,,,,,,,,,,,,,,
Maluku,Rizky,3,5946,Primary intact,NA,1997,High,No,High,Sample complete!,,,,,,,,,,,,,,,,Hutan Primer,,  ,Agree,Yes,none,No,High,Zuraidah checked,,,,,,,,,,,,,,,,,
Maluku,Rizky,3,5947,Non Forest,NA,1997,High,No,High,Sample complete!,,,,,,,,,,,,,,,,Pertanian Lahan Kering,,  ,Agree,Yes,2014,No,High,Zuraidah checked,,,,,,,,,,,,,,,,,
Maluku,Rizky,3,5948,Primary degraded,NA,1996,Low,No,High,Sample complete!,1997,1996,Degraded - Selective Logging,High,,2003,2002,Degraded - Selective Logging,High,,2007,2006,Cleared - Small-holder land use,High,,Pertanian Lahan Kering Campur Semak,,Degraded - Selective Logging Degraded - Selective Logging Cleared - Small-holder land use,Disagree - major,Yes,none,No,High,Zuraidah checked,,,,,,,,,,,,,,,,,
Maluku,Rizky,3,5949,Primary intact,NA,1997,High,No,High,Sample complete!,,,,,,,,,,,,,,,,Hutan Primer,,  ,Agree,Yes,2011,No,High,Zuraidah checked,,,,,,,,,,,,,,,,,
Maluku,Rizky,3,5950,Primary intact,NA,1995,High,No,High,Sample complete!,,,,,,,,,,,,,,,,Hutan Primer,,  ,Agree,No,none,No,High,Zuraidah checked,,,,,,,,,,,,,,,,,
Maluku,Rizky,3,5951,Non Forest,NA,1990,High,No,High,Sample complete!,,,,,,,,,,,,,,,,Savana,,  ,Agree,Yes,2013,No,High,Zuraidah checked,,,,,,,,,,,,,,,,,
Maluku,Rizky,4,5952,Primary intact,NA,1990,High,No,High,Sample complete!,,,,,,,,,,,,,,,,Hutan Primer,,  ,Agree,Yes,2013,No,High,Tatik checked,,,,,,,,,,,,,,,,,
Maluku,Rizky,4,5953,Primary degraded,NA,1999,High,No,High,"Identifikasi pertama tahun 1999, pixel tahun 1990-1998 berwarna hitam",2005,2004,Degraded - Nearby clearing,High,,,,,,,,,,,,Hutan Sekunder,,Degraded - Nearby clearing  ,Disagree - minor,Yes,2013,No,High,Tatik checked,,,,,,,,,,,,,,,,,
Maluku,Rizky,4,5954,Primary intact,NA,1990,High,No,High,Sample complete!,,,,,,,,,,,,,,,,Hutan Primer,,  ,Disagree - minor,Yes,2016,No,High,Tatik checked,,,,,,,,,,,,,,,,,
Maluku,Rizky,4,5955,Non Forest,NA,1994,High,No,High,Sample complete!,,,,,,,,,,,,,,,,Belukar,,  ,Disagree - major,No,2015,No,High,Tatik checked,,,,,,,,,,,,,,,,,
Maluku,Rizky,4,5956,Primary degraded,NA,1997,High,No,Low,"Identifikasi pertama tahun 1997, pixel tahun 1990-1998 berwarna hitam",,,,,,,,,,,,,,,,Hutan Sekunder,,  ,Disagree - major,Yes,none,No,High,Tatik checked,,,,,,,,,,,,,,,,,
Maluku,Rizky,4,5957,Non Forest,NA,1990,High,No,High,Sample complete!,,,,,,,,,,,,,,,,Pertanian Lahan Kering,,  ,Agree,Yes,2014,No,High,Tatik checked,,,,,,,,,,,,,,,,,
Maluku,Rizky,4,5958,Primary intact,NA,1990,High,No,High,Sample complete!,,,,,,,,,,,,,,,,Hutan Primer,,  ,Agree,Yes,2013,No,High,Tatik checked,,,,,,,,,,,,,,,,,
Maluku,Rizky,4,5959,Primary degraded,NA,1995,High,No,High,Sample complete!,,,,,,,,,,,,,,,,Hutan Sekunder,,  ,Agree,Yes,none,No,High,Tatik checked,,,,,,,,,,,,,,,,,
Maluku,Rizky,4,5960,Primary intact,NA,1997,High,No,High,Sample complete!,,,,,,,,,,,,,,,,Hutan Primer,,  ,Agree,Yes,none,No,High,Tatik checked,,,,,,,,,,,,,,,,,
Maluku,Rizky,4,5961,Primary intact,NA,1990,High,No,High,Sample complete!,,,,,,,,,,,,,,,,Hutan Primer,,  ,Agree,Yes,2016,No,High,Tatik checked,,,,,,,,,,,,,,,,,
Maluku,Rizky,4,5962,Non Forest,NA,1991,High,No,High,Sample complete!,,,,,,,,,,,,,,,,Pertanian Lahan Kering Campur Semak,,  ,Agree,Yes,none,No,High,Tatik checked,,,,,,,,,,,,,,,,,
Maluku,Rizky,4,5963,Primary intact,NA,1993,High,No,High,No data until 1993,,,,,,,,,,,,,,,,Hutan Primer,,  ,Agree,Yes,none,No,High,Tatik checked,,,,,,,,,,,,,,,,,
Maluku,Rizky,4,5964,Non Forest,NA,1990,High,No,High,Sample complete!,,,,,,,,,,,,,,,,Sawah,,  ,Agree,Yes,2015,No,High,Tatik checked,,,,,,,,,,,,,,,,,
Maluku,Rizky,4,5965,Primary intact,NA,1990,High,No,High,"Identifikasi pertama tahun 1991, pixel 1990 berwarna hitam",,,,,,,,,,,,,,,,Hutan Primer,,  ,Agree,Yes,none,No,High,Tatik checked,,,,,,,,,,,,,,,,,
Maluku,Rizky,4,5966,Non Forest,NA,2000,High,No,High,Sample complete!,,,,,,,,,,,,,,,,Awan,dari GE: belukar,  ,Agree,No,2012,No,High,Tatik checked,,,,,,,,,,,,,,,,,
Maluku,Rizky,4,5967,Primary intact,NA,1994,High,Yes,High,,2001,2000,Degraded - Nearby clearing,,,2015,2014,Cleared - Abandoned/transitional,Low,,,,,,,Belukar,,Degraded - Nearby clearing Cleared - Abandoned/transitional ,Disagree - major,Yes,2009,No,High,Tatik checked,,,,,,,,,,,,,,,,,
Maluku,Rizky,4,5968,Primary intact,NA,1997,High,No,High,Sample complete!,,,,,,,,,,,,,,,,Hutan Primer,,  ,Agree,Yes,2014,No,High,Tatik checked,,,,,,,,,,,,,,,,,
Maluku,Rizky,4,5969,Primary intact,NA,1997,High,No,High,Sample complete!,,,,,,,,,,,,,,,,Hutan Primer,,  ,Agree,Yes,2012,No,High,Tatik checked,,,,,,,,,,,,,,,,,
Maluku,Rizky,4,5970,Primary intact,NA,1990,High,No,High,Sample complete!,,,,,,,,,,,,,,,,Hutan Primer,,  ,Agree,Yes,none,No,High,Tatik checked,,,,,,,,,,,,,,,,,
Maluku,Rizky,4,5971,Primary intact,NA,1995,High,No,High,Sample complete!,,,,,,,,,,,,,,,,Hutan Primer,,  ,Agree,Yes,none,No,High,Tatik checked,,,,,,,,,,,,,,,,,
Maluku,Rizky,4,5972,Non Forest,NA,1990,High,No,High,Sample complete!,,,,,,,,,,,,,,,,Air,,  ,Agree,Yes,2016,No,High,Tatik checked,,,,,,,,,,,,,,,,,
Maluku,Rizky,4,5973,Non Forest,NA,1997,High,No,High,,,,,,,,,,,,,,,,,Pertanian Lahan Kering,,  ,Agree,Yes,2016,No,High,Tatik checked,,,,,,,,,,,,,,,,,
Maluku,Rizky,4,5974,Primary intact,NA,1990,High,No,High,Sample complete!,,,,,,,,,,,,,,,,Hutan Mangrove,,  ,Disagree - minor,Yes,2012,No,High,Tatik checked,,,,,,,,,,,,,,,,,
Maluku,Rizky,4,5975,Non Forest,NA,1990,High,No,High,,,,,,,,,,,,,,,,,Belukar,,  ,Agree,No,2015,No,High,Tatik checked,,,,,,,,,,,,,,,,,
Maluku,Rizky,4,5976,Primary intact,NA,1993,High,No,High,Sample complete!,,,,,,,,,,,,,,,,Hutan Primer,,  ,Agree,Yes,2016,No,High,Tatik checked,,,,,,,,,,,,,,,,,
Maluku,Rizky,4,5977,Non Forest,NA,1990,High,No,High,,,,,,,,,,,,,,,,,Belukar,,  ,Agree,Yes,2015,No,High,Tatik checked,,,,,,,,,,,,,,,,,
Maluku,Rizky,4,5978,Primary intact,NA,1991,High,No,High,Sample complete!,,,,,,,,,,,,,,,,Hutan Primer,,  ,Agree,Yes,none,No,High,Tatik checked,,,,,,,,,,,,,,,,,
Maluku,Rizky,4,5979,Primary intact,NA,1992,High,Yes,High,"identifikasi pertama tahun 1992, pixel tahun 1990-1991 berwarna hitam",1999,1997,Degraded - Selective Logging,High,,,,,,,,,,,,Hutan Sekunder,,Degraded - Selective Logging  ,Agree,Yes,2010,No,High,Tatik checked,,,,,,,,,,,,,,,,,
Maluku,Rizky,4,5980,Primary intact,NA,1990,High,No,High,Sample complete!,,,,,,,,,,,,,,,,Hutan Primer,,  ,Agree,Yes,2016,No,High,Tatik checked,,,,,,,,,,,,,,,,,
Maluku,Rizky,4,5981,Primary intact,NA,1994,High,No,High,Sample complete!,,,,,,,,,,,,,,,,Hutan Primer,,  ,Agree,Yes,2016,No,High,Tatik checked,,,,,,,,,,,,,,,,,
Maluku,Rizky,4,5982,Primary intact,NA,2001,High,No,High,Sample complete!,,,,,,,,,,,,,,,,Hutan Primer,,  ,Agree,Yes,2016,No,High,Tatik checked,,,,,,,,,,,,,,,,,
Maluku,Rizky,4,5983,Non Forest,NA,1990,High,No,High,Sample complete!,,,,,,,,,,,,,,,,Belukar,,  ,Agree,No,2013,No,High,Tatik checked,,,,,,,,,,,,,,,,,
Maluku,Rizky,4,5984,Primary degraded,NA,1990,High,Yes,High,Sample complete!,2015,2014,Cleared - Abandoned/transitional,High,,,,,,,,,,,,Belukar,,Cleared - Abandoned/transitional  ,Disagree - minor,Yes,none,No,High,Tatik checked,,,,,,,,,,,,,,,,,
Maluku,Rizky,4,5985,Primary intact,NA,1990,High,No,High,Sample complete!,,,,,,,,,,,,,,,,Hutan Primer,,  ,Agree,Yes,2013,No,High,Tatik checked,,,,,,,,,,,,,,,,,
Maluku,Rizky,4,5986,Primary intact,NA,1995,High,Yes,High,,2002,2001,Degraded - Nearby clearing,High,,,,,,,,,,,,Hutan Sekunder,,Degraded - Nearby clearing  ,Agree,No,2014,No,High,Tatik checked,,,,,,,,,,,,,,,,,
Maluku,Rizky,4,5987,Primary intact,NA,1997,High,No,High,"Identifikasi awal tahun 1997, citra tahun 1990-1996 berwarna hitam",,,,,,,,,,,,,,,,Hutan Primer,,  ,Disagree - minor,Yes,2012,No,High,Tatik checked,,,,,,,,,,,,,,,,,
Maluku,Rizky,4,5988,Primary intact,NA,1994,High,Yes,High,"Identifikasi awal tahun 1994, citra tahun 1990-1993 berwarna hitam",2001,2000,Degraded - Selective Logging,High,,,,,,,,,,,,Hutan Sekunder,,Degraded - Selective Logging  ,Agree,Yes,2004,No,High,Tatik checked,,,,,,,,,,,,,,,,,
Maluku,Rizky,4,5989,Primary intact,NA,1990,High,No,High,Sample complete!,,,,,,,,,,,,,,,,Hutan Primer,,  ,Agree,Yes,none,No,High,Tatik checked,,,,,,,,,,,,,,,,,
Maluku,Rizky,4,5990,Primary degraded,NA,1995,High,No,High,"Identifikasi awal tahun 1995, citra tahun 1990-1994 berwarna hitam",,,,,,,,,,,,,,,,Hutan Sekunder,,  ,Agree,Yes,none,No,High,Tatik checked,,,,,,,,,,,,,,,,,
Maluku,Rizky,4,5991,Primary intact,NA,1998,High,No,High,Sample complete!,,,,,,,,,,,,,,,,Hutan Primer,,  ,Agree,Yes,none,No,High,Tatik checked,,,,,,,,,,,,,,,,,
Maluku,Rizky,4,5992,Primary intact,NA,1990,High,No,High,Sample complete!,,,,,,,,,,,,,,,,Hutan Primer,,  ,Agree,Yes,2016,No,High,Tatik checked,,,,,,,,,,,,,,,,,
Maluku,Rizky,4,5993,Primary intact,NA,1990,High,No,High,Sample complete!,,,,,,,,,,,,,,,,Hutan Primer,,  ,Agree,Yes,none,No,High,Tatik checked,,,,,,,,,,,,,,,,,
Maluku,Rizky,4,5994,Primary intact,NA,1994,High,No,High,Sample complete!,,,,,,,,,,,,,,,,Hutan Primer,,  ,Agree,Yes,2015,No,High,Tatik checked,,,,,,,,,,,,,,,,,
Maluku,Rizky,4,5995,Primary intact,NA,1990,High,No,High,Sample complete!,,,,,,,,,,,,,,,,Hutan Primer,,  ,Agree,Yes,2015,No,High,Tatik checked,,,,,,,,,,,,,,,,,
Maluku,Rizky,4,5996,Primary intact,NA,1991,High,No,High,Sample complete!,,,,,,,,,,,,,,,,Hutan Primer,,  ,Agree,Yes,none,No,High,Tatik checked,,,,,,,,,,,,,,,,,
Maluku,Rizky,4,5997,Primary intact,NA,1995,High,Yes,High,"Identifikasi pertama tahun 1998, pixel tahun 1990-1997 berwarna hitam",2003,2002,Cleared - Abandoned/transitional,High,,2016,2015,Cleared - Other,Low,,,,,,,Lahan Terbuka,,Cleared - Abandoned/transitional Cleared - Other ,Disagree - minor,No,2014,No,High,Tatik checked,,,,,,,,,,,,,,,,,
Maluku,Rizky,4,5998,Primary degraded,NA,1994,Low,No,High,"Identifikasi pertama tahun 1994, pixel tahun 1990-1993 berwarna hitam",,,,,,,,,,,,,,,,Hutan Sekunder,,  ,Agree,Yes,2010,No,High,Tatik checked,,,,,,,,,,,,,,,,,
Maluku,Rizky,4,5999,Primary intact,NA,1991,High,No,High,Sample complete!,,,,,,,,,,,,,,,,Hutan Primer,,  ,Agree,No,none,No,High,Tatik checked,,,,,,,,,,,,,,,,,
Maluku,Rizky,4,6000,Primary intact,NA,1997,High,No,High,"Identifikasi pertama tahun 1994, pixel tahun 1990-1993 berwarna hitam",,,,,,,,,,,,,,,,Hutan Primer,,  ,Disagree - major,Yes,none,No,High,Tatik checked,,,,,,,,,,,,,,,,,
Maluku,Rizky,4,6001,Non Forest,NA,1994,High,No,High,"Identifikasi pertama tahun 1994, pixel tahun 1990-1993 berwarna hitam",,,,,,,,,,,,,,,,Belukar,,  ,Disagree - minor,No,none,No,High,Tatik checked,,,,,,,,,,,,,,,,,
Maluku,Rizky,4,6002,Non Forest,NA,1990,High,No,High,,,,,,,,,,,,,,,,,Belukar,,  ,Agree,Yes,none,No,High,Tatik checked,,,,,,,,,,,,,,,,,
Maluku,Rizky,4,6003,Non Forest,NA,1990,High,No,High,Sample complete!,,,,,,,,,,,,,,,,Belukar,,  ,Agree,Yes,2009,No,High,Tatik checked,,,,,,,,,,,,,,,,,
Maluku,Rizky,4,6004,Primary intact,NA,1997,High,No,High,Sample complete!,,,,,,,,,,,,,,,,Hutan Primer,,  ,Agree,Yes,2013,No,High,Tatik checked,,,,,,,,,,,,,,,,,
Maluku,Rizky,4,6005,Primary intact,NA,1997,High,No,High,Sample complete!,,,,,,,,,,,,,,,,Hutan Primer,,  ,Agree,Yes,2016,No,High,Tatik checked,,,,,,,,,,,,,,,,,
Maluku,Rizky,4,6006,Non Forest,NA,1994,High,No,High,,,,,,,,,,,,,,,,,Belukar,,  ,Agree,No,2012,No,High,Tatik checked,,,,,,,,,,,,,,,,,
Maluku,Rizky,4,6007,Non Forest,NA,1994,High,No,High,"Identifikasi pertama tahun 1994, pixel tahun 1990-1993 berwarna hitam",,,,,,,,,,,,,,,,Pertanian Lahan Kering Campur Semak,,  ,Agree,Yes,2009,No,High,Tatik checked,,,,,,,,,,,,,,,,,
Maluku,Rizky,4,6008,Primary intact,NA,1991,High,No,High,Sample complete!,,,,,,,,,,,,,,,,Hutan Primer,,  ,Agree,Yes,2013,No,High,Tatik checked,,,,,,,,,,,,,,,,,
Maluku,Rizky,4,6009,Non Forest,NA,2000,High,No,High,"Identifikasi pertama tahun 2000, pixel tahun 1990-1999 berwarna hitam",,,,,,,,,,,,,,,,Hutan Tanaman,,  ,Disagree - minor,No,2012,No,High,Tatik checked,,,,,,,,,,,,,,,,,
Maluku,Rizky,4,6010,Primary intact,NA,1990,High,No,High,Sample complete!,,,,,,,,,,,,,,,,Hutan Primer,,  ,Agree,Yes,2016,No,High,Tatik checked,,,,,,,,,,,,,,,,,
Maluku,Rizky,4,6011,Primary intact,NA,1997,High,No,High,Sample complete!,,,,,,,,,,,,,,,,Hutan Primer,,  ,Agree,Yes,2012,No,High,Tatik checked,,,,,,,,,,,,,,,,,
Maluku,Rizky,4,6012,Non Forest,NA,1995,High,No,High,Sample complete!,,,,,,,,,,,,,,,,Belukar,,  ,Disagree - minor,Yes,2013,No,High,Tatik checked,,,,,,,,,,,,,,,,,
Maluku,Rizky,4,6013,Non Forest,NA,1991,High,No,High,Sample complete!,,,,,,,,,,,,,,,,Belukar,,  ,Agree,Yes,2011,No,High,Tatik checked,,,,,,,,,,,,,,,,,
Maluku,Rizky,4,6014,Primary intact,NA,1995,Low,No,High,Sample complete!,,,,,,,,,,,,,,,,Hutan Primer,,  ,Agree,Yes,none,No,High,Tatik checked,,,,,,,,,,,,,,,,,
Maluku,Rizky,4,6015,Non Forest,NA,1995,High,No,High,Sample complete!,,,,,,,,,,,,,,,,Belukar,,  ,Disagree - minor,No,2013,No,High,Tatik checked,,,,,,,,,,,,,,,,,
Maluku,Rizky,4,6016,Non Forest,NA,1990,High,No,High,Sample complete!,,,,,,,,,,,,,,,,Belukar,,  ,Agree,Yes,2011,No,High,Tatik checked,,,,,,,,,,,,,,,,,
Maluku,Rizky,4,6017,Non Forest,NA,1990,High,No,High,Sample complete!,,,,,,,,,,,,,,,,Hutan Tanaman,,  ,Disagree - major,No,2011,No,High,Tatik checked,,,,,,,,,,,,,,,,,
Maluku,Rizky,4,6018,Primary degraded,NA,1990,High,No,High,Sample complete!,,,,,,,,,,,,,,,,Hutan Sekunder,,  ,Agree,Yes,2013,No,High,Tatik checked,,,,,,,,,,,,,,,,,
Maluku,Rizky,4,6019,Primary degraded,NA,1991,High,No,High,Sample complete!,,,,,,,,,,,,,,,,Hutan Sekunder,,  ,Agree,No,2015,No,High,Tatik checked,,,,,,,,,,,,,,,,,
Maluku,Rizky,4,6020,Primary degraded,NA,1995,Low,Yes,Low,Sample complete!,2013,2012,Degraded - Nearby clearing,High,,,,,,,,,,,,Hutan Sekunder,,Degraded - Nearby clearing  ,Agree,No,none,No,High,Tatik checked,,,,,,,,,,,,,,,,,
Maluku,Rizky,4,6021,Primary degraded,NA,1991,Low,No,High,Sample complete!,,,,,,,,,,,,,,,,Hutan Sekunder,,  ,Agree,No,none,No,Low,Tatik checked,,,,,,,,,,,,,,,,,
Maluku,Rizky,4,6022,Non Forest,NA,1995,High,No,High,Sample complete!,,,,,,,,,,,,,,,,Pertanian Lahan Kering Campur Semak,,  ,Disagree - minor,Yes,2014,No,Low,Tatik checked,,,,,,,,,,,,,,,,,
Maluku,Rizky,4,6023,Non Forest,NA,1990,High,No,High,Sample complete!,,,,,,,,,,,,,,,,Pertanian Lahan Kering Campur Semak,,  ,Disagree - minor,Yes,2015,No,High,Tatik checked,,,,,,,,,,,,,,,,,
Maluku,Rizky,4,6024,Non Forest,NA,1990,High,No,High,Sample complete!,,,,,,,,,,,,,,,,Belukar,,  ,Agree,Yes,2013,No,High,Tatik checked,,,,,,,,,,,,,,,,,
Maluku,Rizky,4,6025,Primary degraded,NA,1990,Low,No,High,Sample complete!,1996,1995,Cleared - Abandoned/transitional,High,,,,,,,,,,,,Belukar,,Cleared - Abandoned/transitional  ,Disagree - minor,Yes,2010,No,High,Tatik checked,,,,,,,,,,,,,,,,,
Maluku,Rizky,4,6026,Primary intact,NA,1996,High,Yes,Low,"Identifikasi awal tahun 1996, citra tahun 1990-1995 berwarna hitam",2011,2010,Degraded - Selective Logging,Low,,,,,,,,,,,,Hutan Sekunder,,Degraded - Selective Logging  ,Disagree - major,Yes,2013,No,High,Tatik checked,,,,,,,,,,,,,,,,,
Maluku,Rizky,4,6027,Primary degraded,NA,1996,Low,No,High,Sample complete!,,,,,,,,,,,,,,,,Hutan Sekunder,,  ,Agree,Yes,2015,No,High,Tatik checked,,,,,,,,,,,,,,,,,
Maluku,Rizky,4,6028,Non Forest,NA,1995,High,No,High,Sample complete!,,,,,,,,,,,,,,,,Pertanian Lahan Kering Campur Semak,,  ,Disagree - major,Yes,2011,No,High,Tatik checked,,,,,,,,,,,,,,,,,
Maluku,Rizky,4,6029,Primary intact,NA,1990,High,No,High,Sample complete!,,,,,,,,,,,,,,,,Hutan Primer,,  ,Agree,No,2013,No,High,Tatik checked,,,,,,,,,,,,,,,,,
Maluku,Rizky,4,6030,Primary intact,NA,1998,High,Yes,High,Sample complete!,2008,2007,Degraded - Selective Logging,High,,,,,,,,,,,,Hutan Sekunder,,Degraded - Selective Logging  ,Agree,Yes,2016,No,High,Tatik checked,,,,,,,,,,,,,,,,,
Maluku,Rizky,4,6031,Non Forest,NA,1990,High,No,High,,,,,,,,,,,,,,,,,Belukar,from GE 2013,  ,Disagree - minor,No,2013,No,High,Tatik checked,,,,,,,,,,,,,,,,,
Maluku,Rizky,4,6032,Primary intact,NA,1991,High,No,High,Sample complete!,,,,,,,,,,,,,,,,Hutan Primer,,  ,Agree,Yes,none,No,High,Tatik checked,,,,,,,,,,,,,,,,,
Maluku,Rizky,4,6033,Primary degraded,NA,1996,High,No,High,Sample complete!,,,,,,,,,,,,,,,,Hutan Sekunder,,  ,Agree,Yes,none,No,High,Tatik checked,,,,,,,,,,,,,,,,,
Maluku,Rizky,4,6034,Primary degraded,NA,1990,High,No,High,Sample complete!,,,,,,,,,,,,,,,,Hutan Sekunder,,  ,Agree,Yes,2016,No,High,Tatik checked,,,,,,,,,,,,,,,,,
Maluku,Rizky,5,6035,Primary intact,NA,1990,High,No,High,Sample complete!,,,,,,,,,,,,,,,,Hutan Primer,,  ,Agree,Yes,2016,No,High,Tatik checked,,,,,,,,,,,,,,,,,
Maluku,Rizky,5,6036,Primary degraded,NA,1990,High,No,High,Sample complete!,,,,,,,,,,,,,,,,Hutan Sekunder,,  ,Agree,Yes,2016,No,High,Tatik checked,,,,,,,,,,,,,,,,,
Maluku,Rizky,5,6037,Primary intact,NA,1990,High,Yes,High,Sample complete!,2012,2011,Degraded - Nearby clearing,High,,,,,,,,,,,,Hutan Sekunder,,Degraded - Nearby clearing  ,Disagree - minor,Yes,none,No,High,Tatik checked,,,,,,,,,,,,,,,,,
Maluku,Rizky,5,6038,Non Forest,NA,1990,High,No,High,Sample complete!,,,,,,,,,,,,,,,,Savana,,  ,Agree,No,2011,No,High,Tatik checked,,,,,,,,,,,,,,,,,
Maluku,Rizky,5,6039,Primary intact,NA,1995,High,No,High,Sample complete!,,,,,,,,,,,,,,,,Hutan Primer,,  ,Agree,Yes,2011,No,High,Tatik checked,,,,,,,,,,,,,,,,,
Maluku,Rizky,5,6040,Primary intact,NA,1997,High,No,High,Sample complete!,,,,,,,,,,,,,,,,Hutan Primer,,  ,Agree,Yes,none,No,High,Tatik checked,,,,,,,,,,,,,,,,,
Maluku,Rizky,5,6041,Primary intact,NA,1998,High,No,High,Sample complete!,,,,,,,,,,,,,,,,Hutan Primer,,  ,Agree,No,2013,No,High,Tatik checked,,,,,,,,,,,,,,,,,
Maluku,Rizky,5,6042,Primary intact,NA,1990,High,No,High,Sample complete!,,,,,,,,,,,,,,,,Hutan Primer,,  ,Agree,Yes,none,No,High,Tatik checked,,,,,,,,,,,,,,,,,
Maluku,Rizky,5,6043,Primary intact,NA,1990,High,No,High,Sample complete!,,,,,,,,,,,,,,,,Hutan Primer,,  ,Agree,Yes,2016,No,High,Tatik checked,,,,,,,,,,,,,,,,,
Maluku,Rizky,5,6044,Primary degraded,NA,2000,Low,No,High,Sample complete!,,,,,,,,,,,,,,,,Hutan Sekunder,,  ,Disagree - major,No,2016,No,High,Tatik checked,,,,,,,,,,,,,,,,,
Maluku,Rizky,5,6045,Primary intact,NA,1991,High,No,High,Sample complete!,,,,,,,,,,,,,,,,Hutan Primer,,  ,Agree,Yes,2013,No,High,Tatik checked,,,,,,,,,,,,,,,,,
Maluku,Rizky,5,6046,Primary degraded,Forest fragment,1994,High,No,High,Sample complete!,,,,,,,,,,,,,,,,Hutan Sekunder,,  ,Agree,No,2004,No,High,Tatik checked,,,,,,,,,,,,,,,,,
Maluku,Rizky,5,6047,Primary intact,NA,1990,High,No,High,Sample complete!,,,,,,,,,,,,,,,,Hutan Primer,,  ,Agree,Yes,none,No,High,Tatik checked,,,,,,,,,,,,,,,,,
Maluku,Rizky,5,6048,Primary intact,NA,1993,High,No,High,Sample complete!,,,,,,,,,,,,,,,,Hutan Primer,,  ,Agree,Yes,none,No,High,Tatik checked,,,,,,,,,,,,,,,,,
Maluku,Rizky,5,6049,Non Forest,NA,1990,High,No,High,,,,,,,,,,,,,,,,,Pertanian Lahan Kering Campur Semak,"clove, etc",  ,Disagree - major,Yes,2016,No,High,Tatik checked,,,,,,,,,,,,,,,,,
Maluku,Rizky,5,6050,Non Forest,NA,1990,High,No,High,Sample complete!,,,,,,,,,,,,,,,,Perkebunan,palm oil,  ,Agree,Yes,2013,No,High,Tatik checked,,,,,,,,,,,,,,,,,
Maluku,Rizky,5,6051,Non Forest,NA,1990,Low,No,High,Sample complete!,,,,,,,,,,,,,,,,Belukar,,  ,Agree,Yes,2013,No,High,Tatik checked,,,,,,,,,,,,,,,,,
Maluku,Rizky,5,6052,Primary degraded,NA,1990,Low,No,High,Sample complete!,,,,,,,,,,,,,,,,Hutan Mangrove Sekunder,,  ,Agree,Yes,2014,No,High,Tatik checked,,,,,,,,,,,,,,,,,
Maluku,Rizky,5,6053,Primary degraded,Forest fragment,2001,High,Yes,High,Sample complete!,2015,2014,Degraded - Selective Logging,High,,,,,,,,,,,,Hutan Sekunder,,Degraded - Selective Logging  ,Disagree - minor,Yes,none,No,High,Tatik checked,,,,,,,,,,,,,,,,,
Maluku,Rizky,5,6054,Primary degraded,Forest fragment,1991,High,Yes,High,,1997,1995,Degraded - Nearby clearing,High,,,,,,,,,,,,Hutan Sekunder,,Degraded - Nearby clearing  ,,Yes,2016,No,Low,Tatik checked,,Diana edited,,,,,,,,,,,,,,,
Maluku,Rizky,5,6055,Non Forest,NA,1998,High,No,High,Sample complete!,,,,,,,,,,,,,,,,Belukar,,  ,Agree,Yes,2016,No,High,Tatik checked,,,,,,,,,,,,,,,,,
Maluku,Rizky,5,6056,Non Forest,NA,1990,High,No,High,Sample complete!,,,,,,,,,,,,,,,,Lahan Terbuka,,  ,Agree,Yes,2009,No,High,Tatik checked,,,,,,,,,,,,,,,,,
Maluku,Rizky,5,6057,Non Forest,NA,1991,High,No,High,Sample complete!,,,,,,,,,,,,,,,,Belukar,,  ,Agree,Yes,2015,No,High,Tatik checked,,,,,,,,,,,,,,,,,
Maluku,Rizky,5,6058,Primary intact,NA,1991,High,Yes,High,,2015,2014,Degraded - Natural disturbance,Low,,,,,,,,,,,,Hutan Sekunder,,Degraded - Natural disturbance  ,Disagree - minor,No,2013,No,Low,Tatik checked,,,,,,,,,,,,,,,,,
Maluku,Rizky,5,6059,Primary intact,NA,1993,High,No,Low,Sample complete!,,,,,,,,,,,,,,,,Hutan Primer,,  ,Disagree - minor,Yes,2015,No,Low,Tatik checked,,,,,,,,,,,,,,,,,
Maluku,Rizky,5,6060,Non Forest,NA,1990,High,No,High,,,,,,,,,,,,,,,,,Pertanian Lahan Kering Campur Semak,,  ,Disagree - major,Yes,2013,No,High,Tatik checked,,,,,,,,,,,,,,,,,
Maluku,Rizky,5,6061,Primary intact,NA,1991,High,No,High,Sample complete!,,,,,,,,,,,,,,,,Hutan Primer,,  ,Agree,No,none,No,High,Tatik checked,,,,,,,,,,,,,,,,,
Maluku,Rizky,5,6062,Primary intact,NA,1990,High,No,High,Sample complete!,,,,,,,,,,,,,,,,Hutan Primer,,  ,Agree,Yes,2011,No,High,Tatik checked,,,,,,,,,,,,,,,,,
Maluku,Rizky,5,6063,Non Forest,NA,1990,High,No,High,,,,,,,,,,,,,,,,,Pertanian Lahan Kering Campur Semak,,  ,Disagree - major,No,2010,No,High,Tatik checked,,,,,,,,,,,,,,,,,
Maluku,Rizky,5,6064,Non Forest,NA,1992,High,No,High,Sample complete!,,,,,,,,,,,,,,,,Sawah,,  ,Agree,Yes,2013,No,High,Tatik checked,,,,,,,,,,,,,,,,,
Maluku,Rizky,5,6065,Primary intact,NA,1992,High,Yes,High,Sample complete!,2005,2004,Degraded - Nearby clearing,Low,,,,,,,,,,,,Hutan Sekunder,,Degraded - Nearby clearing  ,Disagree - minor,Yes,none,No,Low,Tatik checked,,,,,,,,,,,,,,,,,
Maluku,Rizky,5,6066,Primary degraded,Forest fragment,1990,High,Yes,High,,1998,1997,Cleared - Small-holder land use,High,,,,,,,,,,,,Pertanian Lahan Kering Campur Semak,,Cleared - Small-holder land use  ,Disagree - minor,Yes,none,No,High,Tatik checked,,,,,,,,,,,,,,,,,
Maluku,Rizky,5,6067,Primary degraded,Forest fragment,1996,High,No,High,Sample complete!,,,,,,,,,,,,,,,,Hutan Sekunder,,  ,Disagree - minor,No,2016,No,High,Tatik checked,,,,,,,,,,,,,,,,,
Maluku,Rizky,5,6068,Primary intact,NA,1991,High,Yes,High,,1997,1995,Degraded - Nearby clearing,High,,,,,,,,,,,,Hutan Sekunder,,Degraded - Nearby clearing  ,Agree,Yes,2013,No,Low,Tatik checked,,,,,,,,,,,,,,,,,
Maluku,Rizky,5,6069,Primary intact,NA,1992,High,No,High,Sample complete!,,,,,,,,,,,,,,,,Hutan Primer,,  ,Agree,Yes,2011,No,High,Tatik checked,,,,,,,,,,,,,,,,,
Maluku,Rizky,5,6070,Primary degraded,Forest fragment,1990,High,No,High,Sample complete!,,,,,,,,,,,,,,,,Hutan Sekunder,,  ,Agree,Yes,2013,No,High,Tatik checked,,,,,,,,,,,,,,,,,
Maluku,Rizky,5,6071,Primary degraded,Forest fragment,1991,High,Yes,High,,1991,1990,Cleared - Roading,High,,,,,,,,,,,,Belukar,,Cleared - Roading  ,Agree,Yes,none,No,High,Tatik checked,,,,,,,,,,,,,,,,,
Maluku,Rizky,5,6072,Primary degraded,NA,1990,High,Yes,High,,1999,1998,Cleared - Small-holder land use,High,,,,,,,,,,,,Pertanian Lahan Kering Campur Semak,,Cleared - Small-holder land use  ,Disagree - minor,Yes,2016,No,High,Tatik checked,,,,,,,,,,,,,,,,,
Maluku,Rizky,5,6073,Primary intact,NA,1990,High,No,High,Sample complete!,,,,,,,,,,,,,,,,Hutan Primer,,  ,Agree,Yes,none,No,High,Tatik checked,,,,,,,,,,,,,,,,,
Maluku,Rizky,5,6074,Primary intact,NA,1995,High,No,High,Sample complete!,,,,,,,,,,,,,,,,Hutan Primer,,  ,Agree,Yes,none,No,High,Tatik checked,,,,,,,,,,,,,,,,,
Maluku,Rizky,5,6075,Non Forest,NA,1990,High,No,High,Sample complete!,,,,,,,,,,,,,,,,Belukar,,  ,Agree,Yes,2013,No,High,Tatik checked,,,,,,,,,,,,,,,,,
Maluku,Rizky,5,6076,Primary intact,NA,1991,High,No,High,Sample complete!,,,,,,,,,,,,,,,,Hutan Primer,,  ,Agree,Yes,2013,No,High,Tatik checked,,,,,,,,,,,,,,,,,
Maluku,Rizky,5,6077,Primary intact,NA,1996,High,No,High,Sample complete!,,,,,,,,,,,,,,,,Hutan Primer,,  ,Agree,Yes,none,No,High,Tatik checked,,,,,,,,,,,,,,,,,
Maluku,Rizky,5,6078,Primary degraded,Forest fragment,1997,High,Yes,High,No data until 1997,2002,2001,Degraded - Nearby clearing,Low,,,,,,,,,,,,Hutan Sekunder,,Degraded - Nearby clearing  ,Disagree - major,Yes,none,No,High,Tatik checked,,,,,,,,,,,,,,,,,
Maluku,Rizky,5,6079,Primary intact,NA,1995,High,No,High,Sample complete!,,,,,,,,,,,,,,,,Hutan Primer,,  ,Agree,No,2014,No,High,Tatik checked,,,,,,,,,,,,,,,,,
Maluku,Rizky,5,6080,Primary intact,NA,1994,High,No,High,Sample complete!,,,,,,,,,,,,,,,,Hutan Primer,,  ,Agree,Yes,2013,No,High,Tatik checked,,,,,,,,,,,,,,,,,
Maluku,Rizky,5,6081,Primary intact,NA,1990,High,No,High,Sample complete!,,,,,,,,,,,,,,,,Hutan Primer,,  ,Agree,Yes,none,No,High,Tatik checked,,,,,,,,,,,,,,,,,
Maluku,Rizky,5,6082,Primary degraded,Forest fragment,1990,High,No,High,Sample complete!,,,,,,,,,,,,,,,,Hutan Sekunder,,  ,Agree,Yes,2009,No,High,Tatik checked,,,,,,,,,,,,,,,,,
Maluku,Rizky,5,6083,Primary intact,NA,1995,High,No,High,Sample complete!,,,,,,,,,,,,,,,,Hutan Primer,,  ,Agree,No,2015,No,High,Tatik checked,,,,,,,,,,,,,,,,,
Maluku,Rizky,5,6084,Primary intact,NA,1995,High,No,High,Sample complete!,,,,,,,,,,,,,,,,Hutan Primer,,  ,Agree,Yes,2011,No,High,Tatik checked,,,,,,,,,,,,,,,,,
Maluku,Rizky,5,6085,Primary degraded,Forest fragment,1992,High,No,High,,,,,,,,,,,,,,,,,Hutan Sekunder,,  ,Disagree - minor,Yes,none,No,High,Tatik checked,,,,,,,,,,,,,,,,,
Maluku,Rizky,5,6086,Non Forest,NA,1990,High,No,High,Sample complete!,,,,,,,,,,,,,,,,Lahan Terbuka,,  ,Agree,No,2016,No,High,Tatik checked,,,,,,,,,,,,,,,,,
Maluku,Rizky,5,6087,Primary intact,NA,1990,High,No,High,Sample complete!,,,,,,,,,,,,,,,,Hutan Primer,,  ,Agree,Yes,none,No,High,Tatik checked,,,,,,,,,,,,,,,,,
Maluku,Rizky,5,6088,Primary intact,NA,1990,High,No,High,Sample complete!,,,,,,,,,,,,,,,,Hutan Primer,,  ,Agree,Yes,2013,No,High,Tatik checked,,,,,,,,,,,,,,,,,
Maluku,Rizky,5,6089,Primary intact,NA,1995,High,No,High,Sample complete!,,,,,,,,,,,,,,,,Hutan Primer,,  ,Agree,Yes,2013,No,High,Tatik checked,,,,,,,,,,,,,,,,,
Maluku,Rizky,5,6090,Primary intact,NA,1997,High,No,High,Sample complete!,,,,,,,,,,,,,,,,Hutan Mangrove,,  ,Agree,No,2015,No,High,Inggit checked,,,,,,,,,,,,,,,,,
Maluku,Rizky,5,6091,Primary intact,NA,1990,High,No,High,Sample complete!,,,,,,,,,,,,,,,,Hutan Primer,,  ,Agree,Yes,2015,No,High,Tatik checked,,,,,,,,,,,,,,,,,
Maluku,Rizky,5,6092,Non Forest,NA,1990,High,No,High,Sample complete!,,,,,,,,,,,,,,,,Pertanian Lahan Kering Campur Semak,,  ,Agree,Yes,2013,No,High,Tatik checked,,,,,,,,,,,,,,,,,
Maluku,Rizky,5,6093,Primary degraded,NA,1995,Low,No,High,Sample complete!,,,,,,,,,,,,,,,,Hutan Sekunder,,  ,Agree,No,none,No,Low,Tatik checked,,,,,,,,,,,,,,,,,
Maluku,Rizky,5,6094,Primary intact,NA,1995,High,No,High,Sample complete!,,,,,,,,,,,,,,,,Hutan Primer,,  ,Agree,No,2014,No,High,Tatik checked,,,,,,,,,,,,,,,,,
Maluku,Rizky,5,6095,Primary intact,NA,1998,High,No,High,Sample complete!,,,,,,,,,,,,,,,,Hutan Primer,,  ,Agree,Yes,none,No,High,Tatik checked,,,,,,,,,,,,,,,,,
Maluku,Rizky,5,6096,Non Forest,NA,1990,High,No,High,Sample complete!,,,,,,,,,,,,,,,,Belukar,,  ,Disagree - major,Yes,none,No,High,Tatik checked,,,,,,,,,,,,,,,,,
Maluku,Rizky,5,6097,Primary intact,NA,1997,High,No,High,Sample complete!,,,,,,,,,,,,,,,,Hutan Primer,,  ,Agree,Yes,2013,No,High,Tatik checked,,,,,,,,,,,,,,,,,
Maluku,Rizky,5,6098,Non Forest,NA,1992,High,No,High,Sample complete!,,,,,,,,,,,,,,,,Air,,  ,Agree,Yes,2015,No,High,Tatik checked,,,,,,,,,,,,,,,,,
Maluku,Rizky,5,6099,Primary intact,NA,1996,High,Yes,High,Sample complete!,2001,2000,Degraded - Selective Logging,High,,,,,,,,,,,,Hutan Sekunder,,Degraded - Selective Logging  ,Disagree - minor,Yes,2014,No,High,Tatik checked,,,,,,,,,,,,,,,,,
Maluku,Rizky,5,6100,Primary intact,NA,1992,High,Yes,High,,2015,2014,Cleared - Fire,High,,,,,,,,,,,,Belukar,,Cleared - Fire  ,Disagree - minor,Yes,2015,No,High,Tatik checked,,,,,,,,,,,,,,,,,
Maluku,Rizky,5,6101,Primary intact,NA,1990,High,No,High,Sample complete!,,,,,,,,,,,,,,,,Hutan Primer,,  ,Agree,Yes,2013,No,High,Tatik checked,,,,,,,,,,,,,,,,,
Maluku,Rizky,5,6102,Primary intact,NA,1991,High,No,High,Sample complete!,,,,,,,,,,,,,,,,Hutan Primer,,  ,Agree,No,none,No,High,Tatik checked,,,,,,,,,,,,,,,,,
Maluku,Rizky,5,6103,Primary intact,NA,1998,High,No,High,Sample complete!,,,,,,,,,,,,,,,,Hutan Primer,,  ,Agree,Yes,2015,No,High,Tatik checked,,,,,,,,,,,,,,,,,
Maluku,Rizky,5,6104,Primary intact,NA,1993,High,No,High,Sample complete!,,,,,,,,,,,,,,,,Hutan Primer,,  ,Agree,Yes,none,No,High,Tatik checked,,,,,,,,,,,,,,,,,
Maluku,Rizky,5,6105,Primary degraded,Forest fragment,1990,High,Yes,High,,1997,1996,Degraded - Natural disturbance,High,,,,,,,,,,,,Hutan Sekunder,,Degraded - Natural disturbance  ,Agree,Yes,none,No,High,Tatik checked,,,,,,,,,,,,,,,,,
Maluku,Rizky,5,6106,Non Forest,NA,1990,High,No,High,Sample complete!,,,,,,,,,,,,,,,,Belukar,,  ,Agree,Yes,2016,No,High,Tatik checked,,,,,,,,,,,,,,,,,
Maluku,Rizky,5,6107,Primary intact,NA,1991,High,Yes,High,Sample complete!,1997,1994,Degraded - Selective Logging,High,,1999,1997,Degraded - Nearby clearing,High,,,,,,,Hutan Sekunder,,Degraded - Selective Logging Degraded - Nearby clearing ,Disagree - minor,No,2015,No,High,Tatik checked,,,,,,,,,,,,,,,,,
Maluku,Rizky,5,6108,Primary intact,NA,1992,High,Yes,High,Sample complete!,2000,1999,Degraded - Nearby clearing,High,,2008,2006,Degraded - Nearby clearing,High,,,,,,,Hutan Sekunder,,Degraded - Nearby clearing Degraded - Nearby clearing ,Disagree - minor,Yes,none,No,High,Tatik checked,,,,,,,,,,,,,,,,,
Maluku,Rizky,5,6109,Primary intact,NA,1990,High,No,High,Sample complete!,,,,,,,,,,,,,,,,Hutan Primer,,  ,Agree,Yes,none,No,High,Tatik checked,,,,,,,,,,,,,,,,,
Maluku,Rizky,5,6110,Primary intact,NA,1995,High,No,High,Sample complete!,,,,,,,,,,,,,,,,Hutan Primer,,  ,Agree,Yes,none,No,High,Tatik checked,,,,,,,,,,,,,,,,,
Maluku,Rizky,5,6111,Primary intact,NA,1995,High,Yes,High,Sample complete!,2006,2005,Degraded - Nearby clearing,High,,2015,2014,Degraded - Nearby clearing,High,,,,,,,Hutan Sekunder,,Degraded - Nearby clearing Degraded - Nearby clearing ,Disagree - minor,No,none,No,High,Tatik checked,,,,,,,,,,,,,,,,,
Maluku,Rizky,5,6112,Primary intact,NA,1990,High,No,High,Sample complete!,,,,,,,,,,,,,,,,Hutan Primer,,  ,Agree,Yes,2016,No,High,Tatik checked,,,,,,,,,,,,,,,,,
Maluku,Rizky,5,6113,Non Forest,NA,1991,High,No,High,Sample complete!,,,,,,,,,,,,,,,,Air,,  ,Agree,Yes,2015,No,High,Tatik checked,,,,,,,,,,,,,,,,,
Maluku,Rizky,5,6114,Non Forest,NA,1994,High,No,High,Sample complete!,,,,,,,,,,,,,,,,Belukar,,  ,Disagree - major,No,2006,No,High,Tatik checked,,,,,,,,,,,,,,,,,
Maluku,Rizky,5,6115,Primary degraded,NA,1994,High,Yes,Low,Sample complete!,2004,2003,Cleared - Roading,Low,,,,,,,,,,,,Belukar,,Cleared - Roading  ,Disagree - major,Yes,2015,No,Low,Tatik checked,,,,,,,,,,,,,,,,,
